log_id,spawn_s,lifetime_s,end_to_teamchange_s,outcome
20260930-211921,70.877,0.05,1.997,picked up
20260930-211921,71.083,0.402,1.995,picked up
20260930-211921,71.277,0.6,1.998,picked up
20260930-211921,177.073,9.96,2.003,picked up
20260930-211921,177.281,0.03,2.007,picked up
20260930-211921,177.471,9.722,2.002,picked up
20260930-211921,182.957,7.594,2.006,picked up
20260930-211921,183.157,18.402,1.991,picked up
20260930-211921,183.357,18.318,1.996,picked up
20260930-211921,256.911,0.522,1.997,picked up
20260930-211921,257.115,0.032,2,picked up
20260930-211921,257.309,0.038,2.001,picked up
20260930-211921,306.071,9.352,2.006,picked up
20260930-211921,306.265,8.326,2.009,picked up
20260930-211921,306.471,7.602,1.999,picked up
20260930-211921,350.471,15.278,1.997,picked up
20260930-211921,350.671,7.278,1.997,picked up
20260930-211921,350.875,8.954,2,picked up
20260930-211921,362.105,1.398,2,picked up
20260930-211921,362.311,5.078,2,picked up
20260930-211921,362.507,1.044,1.991,picked up
20260930-211921,464.071,1.116,1.999,picked up
20260930-211921,464.269,0.036,1.993,picked up
20260930-211921,464.469,120.11,4.92,EXPIRED (120s)
20260930-211921,465.581,1.364,1.994,picked up
20260930-211921,465.781,0.038,2.007,picked up
20260930-211921,465.989,0.03,2.008,picked up
20260930-211921,500.149,,,no end (fight ended)
20260930-211921,500.149,,,no end (fight ended)
20260930-211921,500.149,,,no end (fight ended)
20260930-211921,500.149,,,no end (fight ended)
20260930-211921,500.149,,,no end (fight ended)
20260930-211921,500.151,,,no end (fight ended)
20260930-211921,500.151,,,no end (fight ended)
20260930-211921,500.151,,,no end (fight ended)
20260930-211921,500.151,,,no end (fight ended)
20260930-211921,500.151,,,no end (fight ended)
20260930-211921,500.151,,,no end (fight ended)
20260930-211921,517.179,0.08,2.002,picked up
20260930-211921,517.379,0.042,2.001,picked up
20260930-211921,517.581,8.24,1.995,picked up
20260930-211921,555.497,1.28,2,picked up
20260930-211921,555.703,44.28,0.009,picked up
20260930-211921,555.901,14.08,2.002,picked up
20260930-211921,574.895,0.04,2.004,picked up
20260930-211921,575.099,0.042,2.002,picked up
20260930-211921,575.299,24.684,0.009,picked up
20260930-214712,73.402,3.44,1.993,picked up
20260930-214712,73.602,1.92,1.991,picked up
20260930-214712,73.796,5.122,2.002,picked up
20260930-214712,182.436,4.602,1.993,picked up
20260930-214712,182.632,17.844,2.009,picked up
20260930-214712,182.834,4.234,2.005,picked up
20260930-214712,193.594,0.046,1.994,picked up
20260930-214712,193.79,7.243,2.01,picked up
20260930-214712,193.992,5.68,2,picked up
20260930-214712,266.15,0.036,2.007,picked up
20260930-214712,266.348,2.886,1.995,picked up
20260930-214712,266.556,2.678,1.996,picked up
20260930-214712,310.184,4.084,2,picked up
20260930-214712,310.386,1.756,2.012,picked up
20260930-214712,310.584,0.048,1.995,picked up
20260930-214712,332.306,19.4,2.006,picked up
20260930-214712,332.512,18.07,2.006,picked up
20260930-214712,332.714,20.432,2.003,picked up
20260930-214712,365.63,0.034,1.999,picked up
20260930-214712,365.828,0.8,1.992,picked up
20260930-214712,366.024,6.928,1.994,picked up
20260930-214712,430.18,20.406,1.993,picked up
20260930-214712,430.39,1.836,1.996,picked up
20260930-214712,430.584,0.516,2.006,picked up
20260930-214712,460.108,0.032,1.997,picked up
20260930-214712,460.304,0.034,2.011,picked up
20260930-214712,460.304,0.034,2.011,picked up
20260930-214712,460.504,0.04,1.994,picked up
20260930-214712,460.504,0.04,1.994,picked up
20260930-214712,460.7,3.398,2.002,picked up
20260930-214712,504.102,,,no end (fight ended)
20260930-214712,504.102,,,no end (fight ended)
20260930-214712,504.102,,,no end (fight ended)
20260930-214712,504.102,,,no end (fight ended)
20260930-214712,504.102,,,no end (fight ended)
20260930-214712,504.102,,,no end (fight ended)
20260930-214712,504.102,,,no end (fight ended)
20260930-214712,504.102,,,no end (fight ended)
20260930-214712,504.102,,,no end (fight ended)
20260930-214712,504.102,,,no end (fight ended)
20260930-214712,504.102,,,no end (fight ended)
20260930-214712,550.178,7.316,2.005,picked up
20260930-214712,550.376,7.558,2.005,picked up
20260930-214712,550.576,0.04,2.004,picked up
20260930-214712,551.022,0.354,2.002,picked up
20260930-214712,551.216,1.642,2.013,picked up
20260930-214712,551.426,0.078,1.991,picked up
20260930-214712,563.626,11.552,2.005,picked up
20260930-214712,563.822,0.996,2.002,picked up
20260930-214712,564.026,12.186,2.009,picked up
20260930-230802,94.359,0.04,2.002,picked up
20260930-230802,94.563,4.756,1.998,picked up
20260930-230802,94.763,1.838,1.994,picked up
20260930-230802,176.437,5.036,2.007,picked up
20260930-230802,176.637,2.238,2.005,picked up
20260930-230802,176.831,4.568,1.993,picked up
20260930-230802,237.829,4.328,1.991,picked up
20260930-230802,238.039,23.718,1.997,picked up
20260930-230802,238.233,5.158,2.005,picked up
20260930-230802,291.747,16.244,1.994,picked up
20260930-230802,291.949,15.08,2.002,picked up
20260930-230802,292.147,17.248,1.997,picked up
20260930-230802,338.829,2.958,2.004,picked up
20260930-230802,339.035,0.038,2,picked up
20260930-230802,339.233,1.352,2.001,picked up
20260930-230802,369.397,9.032,2,picked up
20260930-230802,369.593,8.072,2.004,picked up
20260930-230802,369.791,8.352,2.003,picked up
20260930-230802,400.511,120.114,4.917,EXPIRED (120s)
20260930-230802,400.705,120.118,4.916,EXPIRED (120s)
20260930-230802,400.905,120.122,4.913,EXPIRED (120s)
20260930-230802,443.911,1.83,2.007,picked up
20260930-230802,444.107,1.876,2.002,picked up
20260930-230802,444.309,0.034,2.001,picked up
20260930-230802,473.391,,,no end (fight ended)
20260930-230802,473.391,,,no end (fight ended)
20260930-230802,473.391,,,no end (fight ended)
20260930-230802,473.391,,,no end (fight ended)
20260930-230802,473.391,,,no end (fight ended)
20260930-230802,473.391,,,no end (fight ended)
20260930-230802,473.391,,,no end (fight ended)
20260930-230802,473.391,,,no end (fight ended)
20260930-230802,473.391,,,no end (fight ended)
20260930-230802,473.391,,,no end (fight ended)
20260930-230802,473.391,,,no end (fight ended)
20260930-230802,490.139,1.288,2,picked up
20260930-230802,490.345,0.04,1.993,picked up
20260930-230802,490.551,0.032,2.003,picked up
20260930-230802,500.787,1.358,1.998,picked up
20260930-230802,500.985,0.041,1.998,picked up
20260930-230802,501.179,0.402,1.999,picked up
20260930-230802,530.499,,,no end (fight ended)
20260930-230802,530.703,0.036,2.043,picked up
20260930-230802,530.899,,,no end (fight ended)
20260930-233450,82.235,30.44,1.998,picked up
20260930-233450,82.431,17.124,2.001,picked up
20260930-233450,82.635,16.638,1.998,picked up
20260930-233450,179.149,6.24,2.001,picked up
20260930-233450,179.353,6.68,1.995,picked up
20260930-233450,179.547,16.844,2.001,picked up
20260930-233450,204.951,45.996,2.001,picked up
20260930-233450,205.151,0.034,2.001,picked up
20260930-233450,205.351,0.034,2.005,picked up
20260930-233450,282.189,3.838,1.997,picked up
20260930-233450,282.383,0.048,1.999,picked up
20260930-233450,282.587,0.04,2.001,picked up
20260930-233450,321.105,0.798,2.008,picked up
20260930-233450,321.307,88.158,1.996,picked up
20260930-233450,321.507,86.758,1.996,picked up
20260930-233450,353.469,0.038,1.995,picked up
20260930-233450,353.667,4.8,1.996,picked up
20260930-233450,353.865,0.038,2.002,picked up
20260930-233450,378.105,0.042,1.998,picked up
20260930-233450,378.307,4.116,1.995,picked up
20260930-233450,378.505,0.166,1.994,picked up
20260930-233450,449.143,0.562,1.995,picked up
20260930-233450,449.343,0.042,1.993,picked up
20260930-233450,449.545,0.03,2.004,picked up
20260930-233450,471.055,5.086,1.995,picked up
20260930-233450,471.255,0.968,1.997,picked up
20260930-233450,471.461,4.558,1.999,picked up
20260930-233450,481.457,2.486,1.994,picked up
20260930-233450,481.657,0.038,2.005,picked up
20260930-233450,481.861,7.558,1.999,picked up
20260930-233450,503.463,,,no end (fight ended)
20260930-233450,503.463,,,no end (fight ended)
20260930-233450,503.463,,,no end (fight ended)
20260930-233450,503.463,,,no end (fight ended)
20260930-233450,503.463,,,no end (fight ended)
20260930-233450,503.463,,,no end (fight ended)
20260930-233450,503.463,,,no end (fight ended)
20260930-233450,503.463,,,no end (fight ended)
20260930-233450,503.463,,,no end (fight ended)
20260930-233450,503.463,,,no end (fight ended)
20260930-233450,503.463,,,no end (fight ended)
20260930-233450,565.899,12.078,1.997,picked up
20260930-233450,566.095,11.642,1.998,picked up
20260930-233450,566.301,12.358,1.999,picked up
20260930-234618,84.959,3.992,2.002,picked up
20260930-234618,85.161,5.55,2.006,picked up
20260930-234618,85.355,6.324,1.992,picked up
20260930-234618,170.829,13.926,1.994,picked up
20260930-234618,171.039,14.112,1.998,picked up
20260930-234618,171.235,2.236,2.001,picked up
20260930-234618,198.195,48.23,1.998,picked up
20260930-234618,198.391,21.282,1.999,picked up
20260930-234618,198.595,18.712,2.001,picked up
20260930-234618,272.545,0.52,2.006,picked up
20260930-234618,272.751,0.04,1.998,picked up
20260930-234618,272.943,0.404,2.001,picked up
20260930-234618,317.389,76.71,2.002,picked up
20260930-234618,317.389,74.635,1.999,picked up
20260930-234618,317.589,0.078,2.005,picked up
20260930-234618,317.589,74.192,2.001,picked up
20260930-234618,317.783,75.756,2.009,picked up
20260930-234618,317.783,75.282,2.003,picked up
20260930-234618,364.585,7,1.996,picked up
20260930-234618,364.781,0.042,2.007,picked up
20260930-234618,364.985,2.236,2.004,picked up
20260930-234618,440.065,0.042,1.999,picked up
20260930-234618,440.273,1.744,2.007,picked up
20260930-234618,440.459,1.286,1.999,picked up
20260930-234618,442.459,4.442,2.004,picked up
20260930-234618,442.661,3.838,2.001,picked up
20260930-234618,442.861,0.046,1.998,picked up
20260930-234618,451.265,3.274,1.997,picked up
20260930-234618,451.461,0.038,2.004,picked up
20260930-234618,451.659,1.038,2.009,picked up
20260930-234618,454.099,,,no end (fight ended)
20260930-234618,454.099,,,no end (fight ended)
20260930-234618,454.099,,,no end (fight ended)
20260930-234618,454.099,,,no end (fight ended)
20260930-234618,454.099,,,no end (fight ended)
20260930-234618,454.099,,,no end (fight ended)
20260930-234618,454.099,,,no end (fight ended)
20260930-234618,454.099,,,no end (fight ended)
20260930-234618,454.099,,,no end (fight ended)
20260930-234618,454.101,,,no end (fight ended)
20260930-234618,454.101,,,no end (fight ended)
20261001-195456,104.154,6.522,1.998,picked up
20261001-195456,104.354,5.646,2.001,picked up
20261001-195456,104.558,11.758,2,picked up
20261001-195456,174.114,27.994,2.004,picked up
20261001-195456,174.312,28.96,2.002,picked up
20261001-195456,174.512,28.8,2,picked up
20261001-195456,210.59,30.482,1.998,picked up
20261001-195456,210.792,32.198,2,picked up
20261001-195456,210.994,31.312,2.008,picked up
20261001-195456,263.708,0.046,1.997,picked up
20261001-195456,263.912,11.914,1.998,picked up
20261001-195456,264.104,10.686,1.998,picked up
20261001-195456,301.192,4.594,1.997,picked up
20261001-195456,301.394,4.432,1.996,picked up
20261001-195456,301.592,5.598,1.996,picked up
20261001-195456,351.828,33.636,2.006,picked up
20261001-195456,352.029,31.313,2.001,picked up
20261001-195456,352.228,31.114,2.001,picked up
20261001-195456,359.622,0.044,2.002,picked up
20261001-195456,359.828,0.04,1.999,picked up
20261001-195456,360.192,1.316,1.999,picked up
20261001-195456,438.104,2.598,2.001,picked up
20261001-195456,438.302,11.964,1.99,picked up
20261001-195456,438.498,13.12,1.999,picked up
20261001-195456,460.542,3.682,1.991,picked up
20261001-195456,460.738,0.604,2.002,picked up
20261001-195456,460.94,0.042,2.003,picked up
20261001-195456,465.696,0.08,2,picked up
20261001-195456,465.902,5.514,2.001,picked up
20261001-195456,466.102,4.68,1.996,picked up
20261001-195456,481.502,,,no end (fight ended)
20261001-195456,481.502,,,no end (fight ended)
20261001-195456,481.502,,,no end (fight ended)
20261001-195456,481.502,,,no end (fight ended)
20261001-195456,481.502,,,no end (fight ended)
20261001-195456,481.502,,,no end (fight ended)
20261001-195456,481.502,,,no end (fight ended)
20261001-195456,481.502,,,no end (fight ended)
20261001-195456,481.502,,,no end (fight ended)
20261001-195456,481.502,,,no end (fight ended)
20261001-195456,481.502,,,no end (fight ended)
20261001-200035,119.393,0.524,1.993,picked up
20261001-200035,119.593,3.118,2.001,picked up
20261001-200035,119.793,2.918,2.001,picked up
20261001-200035,168.471,0.04,2.002,picked up
20261001-200035,168.673,14.361,1.993,picked up
20261001-200035,168.875,0.038,1.995,picked up
20261001-201030,114.081,1.84,2.007,picked up
20261001-201030,114.279,4.244,2,picked up
20261001-201030,114.479,1.236,2.002,picked up
20261001-201030,180.911,13.29,1.992,picked up
20261001-201030,181.119,8.796,2.004,picked up
20261001-201030,181.311,15.882,2.001,picked up
20261001-201030,202.997,74.356,1.998,picked up
20261001-201030,203.197,0.036,1.999,picked up
20261001-201030,203.399,70.798,2,picked up
20261001-201030,273.267,0.042,2.001,picked up
20261001-201030,273.471,4.004,1.996,picked up
20261001-201030,273.671,4.68,1.997,picked up
20261001-201030,316.309,0.038,2.003,picked up
20261001-201030,316.509,75.396,1.998,picked up
20261001-201030,316.715,0.036,2,picked up
20261001-201030,325.829,9.204,1.99,picked up
20261001-201030,326.029,10.604,1.996,picked up
20261001-201030,326.227,8.204,1.995,picked up
20261001-201030,365.393,0.03,2.007,picked up
20261001-201030,365.585,4.236,2.006,picked up
20261001-201030,365.785,3.282,2.004,picked up
20261001-201030,453.739,,,no end (fight ended)
20261001-201030,453.739,,,no end (fight ended)
20261001-201030,453.739,,,no end (fight ended)
20261001-201030,453.739,,,no end (fight ended)
20261001-201030,453.739,,,no end (fight ended)
20261001-201030,453.739,,,no end (fight ended)
20261001-201030,453.739,,,no end (fight ended)
20261001-201030,453.739,,,no end (fight ended)
20261001-201030,453.739,,,no end (fight ended)
20261001-201030,453.741,,,no end (fight ended)
20261001-201030,453.751,,,no end (fight ended)
20261001-201030,456.061,0.122,1.995,picked up
20261001-201030,456.269,0.032,2.002,picked up
20261001-201030,456.461,0.042,1.997,picked up
20261001-201030,457.141,1.44,2,picked up
20261001-201030,457.341,0.044,1.995,picked up
20261001-201030,457.539,11.118,2,picked up
20261001-201030,468.539,1.322,2.004,picked up
20261001-201030,468.747,39.836,1.998,picked up
20261001-201030,468.947,5.99,2.007,picked up
20261001-202431,95.551,16.726,1.994,picked up
20261001-202431,95.757,13.512,1.998,picked up
20261001-202431,95.951,14.6,2.006,picked up
20261001-202431,170.433,0.04,1.996,picked up
20261001-202431,170.629,12.636,2.002,picked up
20261001-202431,170.829,10.884,2,picked up
20261001-202431,229.915,4.788,1.999,picked up
20261001-202431,230.111,18.47,2.003,picked up
20261001-202431,230.313,0.04,1.994,picked up
20261001-202431,273.425,1.764,1.999,picked up
20261001-202431,273.629,2.52,1.999,picked up
20261001-202431,273.825,1.442,1.997,picked up
20261001-202431,320.863,120.116,3.741,EXPIRED (120s)
20261001-202431,321.065,120.108,3.547,EXPIRED (120s)
20261001-202431,321.263,120.112,3.345,EXPIRED (120s)
20261001-202431,352.621,,,no end (fight ended)
20261001-202431,352.987,5.55,2.004,picked up
20261001-202431,353.183,3.756,1.999,picked up
20261001-202431,443.297,0.04,1.383,picked up
20261001-202431,443.499,,,no end (fight ended)
20261001-202431,443.699,0.034,0.987,picked up
20261001-202923,62.113,0.722,2.006,picked up
20261001-202923,62.321,6.356,1.995,picked up
20261001-202923,62.521,4.756,2.004,picked up
20261001-202923,158.593,0.076,2,picked up
20261001-202923,158.795,0.044,1.994,picked up
20261001-202923,158.997,7.91,2.002,picked up
20261001-202923,180.637,18.034,1.997,picked up
20261001-202923,180.831,18.208,1.995,picked up
20261001-202923,181.031,0.038,2.003,picked up
20261001-203309,132.109,0.046,1.996,picked up
20261001-203309,132.319,0.79,2.004,picked up
20261001-203309,132.515,0.244,1.99,picked up
20261001-203309,173.273,23.596,2.004,picked up
20261001-203309,173.471,0.038,2.006,picked up
20261001-203309,173.665,6.52,2.008,picked up
20261001-203917,91.122,6.316,2.002,picked up
20261001-203917,91.318,27.362,1.993,picked up
20261001-203917,91.522,1.16,1.996,picked up
20261001-203917,165.354,73.356,2.001,picked up
20261001-203917,165.556,0.402,1.995,picked up
20261001-203917,165.756,0.038,2,picked up
20261001-203917,230.072,9.124,1.998,picked up
20261001-203917,230.274,36.356,2.002,picked up
20261001-203917,230.474,3.836,2,picked up
20261001-203917,261.596,4.474,1.996,picked up
20261001-203917,261.792,5.243,1.997,picked up
20261001-203917,261.988,5.278,2.003,picked up
20261001-204237,81.273,37.32,1.999,picked up
20261001-204237,81.475,36.324,1.998,picked up
20261001-204237,81.677,47.394,2,picked up
20261001-204237,166.155,1.04,1.995,picked up
20261001-204237,166.347,,,no end (fight ended)
20261001-204237,166.551,1.204,1.993,picked up
20261001-205127,97.157,30.43,2.003,picked up
20261001-205127,97.349,31.44,2,picked up
20261001-205127,97.553,29.236,1.999,picked up
20261001-205127,176.675,29.03,2,picked up
20261001-205127,176.873,31.076,1.995,picked up
20261001-205127,177.069,31.034,1.998,picked up
20261001-210120,102.434,0.038,1.999,picked up
20261001-210120,102.632,7,2,picked up
20261001-210120,102.838,6.878,1.998,picked up
20261001-210120,180.232,8.116,2.006,picked up
20261001-210120,180.43,12.236,2.005,picked up
20261001-210120,180.632,13.278,1.998,picked up
20261001-210120,228.872,8.792,2.004,picked up
20261001-210120,229.07,8.959,1.995,picked up
20261001-210120,229.274,5.63,2.004,picked up
20261001-210120,279.142,3.046,2.008,picked up
20261001-210120,279.344,0.642,2.002,picked up
20261001-210120,279.54,0.042,2.002,picked up
20261001-210120,360.306,8.594,2.005,picked up
20261001-210120,360.506,8.074,2.003,picked up
20261001-210120,360.704,0.042,1.997,picked up
20261001-210120,369.218,0.208,1.996,picked up
20261001-210120,369.426,2.643,1.987,picked up
20261001-210120,369.622,2.716,1.999,picked up
20261001-210120,427.83,0.032,2.001,picked up
20261001-210120,428.02,1.404,1.995,picked up
20261001-210120,428.218,0.044,1.993,picked up
20261001-210120,467.022,,,no end (fight ended)
20261001-210120,467.022,,,no end (fight ended)
20261001-210120,467.022,,,no end (fight ended)
20261001-210120,467.022,,,no end (fight ended)
20261001-210120,467.022,,,no end (fight ended)
20261001-210120,467.022,,,no end (fight ended)
20261001-210120,467.022,,,no end (fight ended)
20261001-210120,467.022,,,no end (fight ended)
20261001-210120,467.022,,,no end (fight ended)
20261001-210120,467.022,,,no end (fight ended)
20261001-210120,467.022,,,no end (fight ended)
20261001-210120,483.298,5.4,1.993,picked up
20261001-210120,483.502,9.83,2.007,picked up
20261001-210120,483.7,6.68,1.996,picked up
20261001-210120,519.256,2.202,1.994,picked up
20261001-210120,519.458,0.032,1.999,picked up
20261001-210120,519.658,0.04,1.997,picked up
20261001-211048,120.436,0.044,1.998,picked up
20261001-211048,120.644,2.476,1.996,picked up
20261001-211048,120.84,0.554,2.005,picked up
20261001-211048,168.994,12.88,1.997,picked up
20261001-211048,169.192,11.72,2,picked up
20261001-211048,169.394,12.042,1.998,picked up
20261001-211048,273.666,1.64,2.005,picked up
20261001-211048,273.876,0.918,1.995,picked up
20261001-211048,274.072,2.64,1.995,picked up
20261001-211048,333.156,1.076,1.997,picked up
20261001-211048,333.348,3.594,2.008,picked up
20261001-211048,333.546,21.52,1.996,picked up
20261001-211048,343.866,9.684,2,picked up
20261001-211048,344.07,10.276,1.999,picked up
20261001-211048,344.27,0.034,2.002,picked up
20261001-212705,100.557,0.04,1.996,picked up
20261001-212705,100.757,10.964,1.991,picked up
20261001-212705,100.959,1.882,1.998,picked up
20261001-213007,115.194,0.442,2.004,picked up
20261001-213007,115.394,1.998,2.004,picked up
20261001-213007,115.596,0.04,2.004,picked up
20261001-213946,108.797,0.042,1.995,picked up
20261001-213946,108.999,0.594,2.005,picked up
20261001-213946,109.201,5.674,2.003,picked up
20261001-213946,175.557,8.192,2.01,picked up
20261001-213946,175.755,14.804,1.992,picked up
20261001-213946,175.953,14.606,1.991,picked up
20261001-213946,209.833,0.038,2.002,picked up
20261001-213946,210.031,33.802,2.008,picked up
20261001-213946,210.229,32.436,2.001,picked up
20261001-213946,263.119,14.504,2.003,picked up
20261001-213946,263.309,0.046,1.996,picked up
20261001-213946,263.511,13.236,2.005,picked up
20261001-213946,298.867,101.432,2.007,picked up
20261001-213946,299.063,1.406,1.997,picked up
20261001-213946,299.263,0.044,1.999,picked up
20261001-213946,354.541,3.604,2.003,picked up
20261001-213946,354.753,7.838,1.99,picked up
20261001-213946,354.953,6.76,1.99,picked up
20261001-213946,376.871,52.512,1.998,picked up
20261001-213946,377.071,0.03,2.004,picked up
20261001-213946,377.263,0.126,1.999,picked up
20261001-213946,445.221,0.044,1.998,picked up
20261001-213946,445.417,21.046,2,picked up
20261001-213946,445.617,20.722,2,picked up
20261001-213946,455.107,0.036,1.997,picked up
20261001-213946,455.303,10.794,2.008,picked up
20261001-213946,455.501,10.518,1.997,picked up
20261001-213946,470.817,,,no end (fight ended)
20261001-213946,470.817,,,no end (fight ended)
20261001-213946,470.817,,,no end (fight ended)
20261001-213946,470.817,,,no end (fight ended)
20261001-213946,470.817,,,no end (fight ended)
20261001-213946,470.817,,,no end (fight ended)
20261001-213946,470.817,,,no end (fight ended)
20261001-213946,470.817,,,no end (fight ended)
20261001-213946,470.817,,,no end (fight ended)
20261001-213946,470.817,,,no end (fight ended)
20261001-213946,470.817,,,no end (fight ended)
20261001-213946,477.105,2.276,1.997,picked up
20261001-213946,477.307,1.714,2.002,picked up
20261001-213946,477.503,0.038,2.005,picked up
20261001-220542,117.43,0.038,2.001,picked up
20261001-220542,117.632,0.836,2.006,picked up
20261001-220542,117.834,0.036,2,picked up
20261001-220542,170.756,23.308,2.007,picked up
20261001-220542,170.95,20.684,1.997,picked up
20261001-220542,171.148,20.034,2.008,picked up
20261001-220542,213.788,,,no end (fight ended)
20261001-220542,213.99,,,no end (fight ended)
20261001-220542,214.188,,,no end (fight ended)
20261001-220938,117.308,0.038,2.003,picked up
20261001-220938,117.51,1.716,2.005,picked up
20261001-220938,117.712,0.038,2,picked up
20261001-221556,92.592,18.036,2.001,picked up
20261001-221556,92.796,18.196,1.999,picked up
20261001-221556,92.994,18.162,1.994,picked up
20261001-221556,149.714,6.234,2.002,picked up
20261001-221556,149.91,0.038,2.002,picked up
20261001-221556,150.108,0.04,2.007,picked up
20261001-221556,216.228,41.598,2,picked up
20261001-221556,216.434,38.396,1.993,picked up
20261001-221556,216.634,40.272,2.001,picked up
20261001-221556,251.506,4.762,2.002,picked up
20261001-221556,251.706,4.438,2.01,picked up
20261001-221556,251.904,2.206,1.999,picked up
20261001-222029,108.036,4.199,1.99,picked up
20261001-222029,108.233,0.034,1.997,picked up
20261001-222029,108.427,0.96,2.001,picked up
20261001-222029,169.345,0.042,1.995,picked up
20261001-222029,169.549,26.682,1.992,picked up
20261001-222029,169.747,16.716,2.001,picked up
20261001-222522,84.162,36.034,1.993,picked up
20261001-222522,84.362,10.636,2,picked up
20261001-222522,84.564,11.508,2.005,picked up
20261001-222522,154.548,,,no end (fight ended)
20261001-222522,154.758,,,no end (fight ended)
20261001-222522,154.954,,,no end (fight ended)
20261001-222522,238.304,0.04,2.003,picked up
20261001-222522,238.508,0.042,2.002,picked up
20261001-222522,238.708,,,no end (fight ended)
20261001-223543,119.712,4.876,2.001,picked up
20261001-223543,119.912,4.802,1.997,picked up
20261001-223543,120.114,1.034,1.999,picked up
20261001-223543,172.152,5.684,1.988,picked up
20261001-223543,172.35,0.038,2.005,picked up
20261001-223543,172.556,0.036,1.999,picked up
20261001-223543,247.824,0.038,1.999,picked up
20261001-223543,248.026,0.038,2.001,picked up
20261001-223543,248.226,24.366,1.991,picked up
20261001-223543,271.946,0.081,1.993,picked up
20261001-223543,272.142,2.198,2.003,picked up
20261001-223543,272.342,0.84,2.002,picked up
20261001-223543,319.02,120.114,4.926,EXPIRED (120s)
20261001-223543,319.224,120.112,4.923,EXPIRED (120s)
20261001-223543,319.422,120.116,4.923,EXPIRED (120s)
20261001-223543,371.578,0.044,1.997,picked up
20261001-223543,371.784,0.432,2.005,picked up
20261001-223543,371.99,0.992,1.993,picked up
20261001-223543,403.616,4.876,2.002,picked up
20261001-223543,403.826,6.476,1.995,picked up
20261001-223543,404.02,0.044,1.992,picked up
20261001-223543,457.06,,,no end (fight ended)
20261001-223543,457.06,,,no end (fight ended)
20261001-223543,457.06,,,no end (fight ended)
20261001-223543,457.06,,,no end (fight ended)
20261001-223543,457.06,,,no end (fight ended)
20261001-223543,457.06,,,no end (fight ended)
20261001-223543,457.06,,,no end (fight ended)
20261001-223543,457.06,,,no end (fight ended)
20261001-223543,457.06,,,no end (fight ended)
20261001-223543,457.06,,,no end (fight ended)
20261001-223543,457.06,,,no end (fight ended)
20261001-223543,458.454,3.682,1.996,picked up
20261001-223543,458.66,1.192,2.006,picked up
20261001-223543,458.86,0.034,1.999,picked up
20261001-223543,492.374,29.762,2,picked up
20261001-223543,492.574,29.764,1.993,picked up
20261001-223543,492.782,3.112,1.999,picked up
20261001-223543,550.376,3.4,1.992,picked up
20261001-223543,550.574,18.996,1.999,picked up
20261001-223543,550.77,2.48,1.997,picked up
20261001-224122,106.913,1.482,1.999,picked up
20261001-224122,107.115,2.158,2.005,picked up
20261001-224122,107.319,8.514,1.998,picked up
20261001-224122,157.873,33.276,2,picked up
20261001-224122,158.073,33.957,1.997,picked up
20261001-224122,158.269,51.316,2.007,picked up
20261001-224122,238.353,,,no end (fight ended)
20261001-224122,238.553,,,no end (fight ended)
20261001-224122,238.747,,,no end (fight ended)
20261001-224122,243.425,0.24,2.005,picked up
20261001-224122,243.629,2.642,2,picked up
20261001-224122,243.831,,,no end (fight ended)
20261001-224532,81.478,16.956,2,picked up
20261001-224532,81.674,17.916,2.003,picked up
20261001-224532,81.878,15.676,1.999,picked up
20261001-224532,167.39,18.478,2.003,picked up
20261001-224532,167.594,5.273,2,picked up
20261001-224532,167.788,9.809,1.996,picked up
20261001-224532,197.31,16.24,2,picked up
20261001-224532,197.51,2.762,1.993,picked up
20261001-224532,197.708,,,no end (fight ended)
20261001-225245,122.631,0.518,2.006,picked up
20261001-225245,122.831,1.964,1.997,picked up
20261001-225245,123.033,1.714,2.007,picked up
20261001-225245,180.633,3.638,1.997,picked up
20261001-225245,180.825,5.12,2.003,picked up
20261001-225245,181.037,3.146,2.001,picked up
20261001-225245,242.829,1.718,2.001,picked up
20261001-225245,243.023,1.408,1.999,picked up
20261001-225245,243.229,3.078,1.996,picked up
20261001-225245,268.383,0.038,2.007,picked up
20261001-225245,268.581,0.038,2.003,picked up
20261001-225245,268.779,0.046,1.996,picked up
20261001-225245,340.107,20.988,2.003,picked up
20261001-225245,340.307,19.474,1.998,picked up
20261001-225245,340.501,0.248,1.995,picked up
20261001-225245,365.817,4.798,2.005,picked up
20261001-225245,366.019,5.802,1.998,picked up
20261001-225245,366.215,5.566,1.994,picked up
