x,y,picked
10897,14762,0
10824,14846,0
10853,14737,0
10931,14853,1
10810,14895,0
10861,14747,0
10918,14809,0
10839,14756,0
10819,14784,0
10902,14765,1
10815,14870,0
10786,14787,0
10822,14865,0
10859,14736,0
10914,14816,0
10890,14746,0
10815,14782,0
12629,14143,0
12573,14087,0
13200,13942,0
12489,14149,0
12642,13952,0
12654,14102,0
12805,14114,1
12592,14056,0
12445,14055,0
12649,14167,0
12633,14196,0
13247,13964,0
12723,14206,0
12775,13875,0
12664,14102,0
12611,13976,1
12471,14055,0
12912,13874,0
12910,13948,0
12848,13961,1
12809,13927,0
12863,14017,0
13005,13886,0
12885,13876,0
13019,13864,0
12976,13822,0
12974,13892,0
12933,13915,0
12811,13946,0
12817,13985,0
13026,13881,0
12885,13876,1
13017,13873,0
13012,13819,0
11699,16148,0
11871,16099,0
11784,16129,0
12000,16202,0
11953,16163,0
11961,16129,1
11934,16168,0
12019,16074,0
12008,16159,0
11717,16144,0
11897,16117,0
11775,16126,0
12013,16203,0
11956,16161,0
11937,16145,0
11963,15979,1
12046,16210,0
13539,14494,0
13366,14575,0
13408,14526,0
13505,14375,0
13419,14412,0
13369,14450,1
13412,14451,0
13506,14486,0
13347,14539,0
13530,14496,0
13437,14554,0
13408,14526,1
13507,14397,0
13453,14417,0
13416,14448,0
13438,14466,0
13430,14568,0
13167,15800,0
13364,15373,0
13207,15478,1
13074,15405,0
13190,15442,0
13524,15186,0
13075,15504,0
12971,15636,0
13072,15502,0
13167,15800,1
13305,15385,0
13139,15404,0
13192,15436,0
13472,15350,0
13075,15542,0
13005,15693,0
13081,15453,0
12785,13814,0
13131,13957,0
13090,14016,0
12893,13843,1
13046,13969,0
12929,14116,0
13146,13949,0
13050,14010,0
13090,13980,0
12788,13814,0
13131,13843,0
13096,13935,0
12995,13963,0
12950,14063,0
13110,13886,0
13055,13893,1
13079,13955,0
12646,13896,0
12561,14006,0
12587,13727,1
12641,14155,0
12653,13814,0
12652,13905,0
12505,13913,0
12625,13692,0
12540,13922,0
12646,13896,1
12488,14026,0
12651,14128,0
12683,13793,0
12653,13896,0
12504,13903,0
12673,13583,0
12541,14011,0
11709,15593,0
11715,15433,0
11611,15464,0
11510,15505,0
11595,15619,1
11682,15838,0
11554,15610,0
11555,15507,0
11595,15520,0
11996,16188,0
12026,16042,0
12012,16159,0
11981,15988,1
11917,16095,0
12010,15978,0
12063,16041,0
12052,16111,0
11887,16543,0
12009,16199,0
12029,16055,0
12036,16171,0
11925,16102,0
12014,15975,0
12054,16089,1
12051,16143,0
11913,16372,0
11683,16160,0
11831,16266,1
11641,16227,0
11745,16132,0
11766,16184,0
12110,15918,0
11876,15984,0
11768,16215,0
11943,15970,0
11682,16157,0
11693,16256,0
11741,16126,1
11779,16171,0
11996,16013,0
11907,15951,0
11765,16229,0
11924,15936,0
11928,16912,0
12060,16351,0
11884,16775,1
11751,16952,0
11836,16919,0
11905,16886,0
11998,16733,0
11902,16968,0
11951,16959,0
11953,16863,0
12009,16516,0
11797,16904,0
11836,16919,1
11911,16879,0
12065,16756,0
11903,16966,0
11950,16976,0
11656,16742,0
11749,16700,0
11666,16636,0
11719,16670,1
11736,16697,0
11619,16894,0
11739,16717,0
11689,16799,0
11689,16880,0
11684,16734,0
11757,16708,0
11646,16655,0
11744,16683,0
11619,16894,1
11718,16714,0
11678,16796,0
11678,16893,0
11831,16281,0
11749,16418,0
11615,16387,0
11746,16339,0
11779,16503,1
11844,16299,0
11763,16291,0
11898,16213,0
11861,16391,0
11799,16224,0
11868,16422,0
11620,16389,0
11744,16322,0
11806,16243,0
11830,16291,0
11928,16181,1
11933,16352,0
12025,15898,0
12000,15778,0
11895,15612,0
12156,15821,0
11966,15836,0
12068,15782,0
12069,15967,0
12022,15754,0
11931,15835,1
12019,15883,0
11972,15668,0
11934,15596,1
12128,15753,0
11956,15681,0
12015,15736,0
12074,15966,0
11880,15639,0
13083,15331,0
13182,15240,0
13152,15257,0
13310,15302,0
13245,15390,0
13141,15069,0
13216,15224,1
13058,15182,0
13067,15179,0
13074,15326,0
13146,15253,0
13215,15274,0
13310,15302,1
13217,15385,0
13189,15031,0
13059,15183,0
13027,15144,0
13353,14416,0
13317,14676,1
13314,14889,0
13406,14622,0
13345,14821,0
13307,14619,0
13048,14459,0
13363,14745,0
13420,14678,0
13312,14430,1
13287,14914,0
13334,14660,0
13321,14826,0
13248,14604,0
13022,14451,0
13365,14751,0
13421,14677,0
11883,15696,0
12017,15937,0
11822,15703,0
11893,15723,0
11648,15747,1
11750,15744,0
11978,15862,0
12075,15952,0
11944,15763,0
11887,15702,0
12014,15944,0
11848,15666,0
11775,15620,0
11815,15732,0
11975,15859,0
12033,15936,1
11903,15684,0
13308,16296,0
13298,16522,0
13330,16362,0
13207,16270,0
13502,16381,1
13311,16374,0
13199,16257,0
13220,16331,0
13228,16328,0
13388,16384,0
13312,16623,0
13224,16341,0
13211,16266,0
13307,16375,0
13162,16294,1
13238,16309,0
13179,16421,0
12701,16713,0
12635,16756,0
12538,16525,1
12526,16481,0
12606,16696,0
12734,16476,0
12676,16616,0
12670,16370,0
12487,16565,0
12699,16715,0
12604,16675,0
12517,16452,0
12611,16705,0
12740,16492,0
12692,16617,0
12618,16420,1
12624,16472,0
11241,16372,0
11229,16232,0
11257,16124,0
11240,16201,0
11147,16170,1
11327,16295,0
11279,16128,0
11205,16211,0
11219,16304,0
11244,16390,1
11230,16232,0
11257,16122,0
11239,16199,0
11333,16293,0
11287,16129,0
11210,16210,0
11183,16309,0
10448,15856,0
10491,15997,0
10469,16253,1
10410,15902,0
10613,16008,0
10577,15888,0
10304,16052,0
10408,16147,0
10446,15929,0
10414,15866,0
10425,16112,0
10333,16000,0
10521,16029,0
10590,15881,0
10272,16147,1
10422,16045,0
10390,16025,0
13409,14802,0
13472,14686,0
13469,14721,0
13362,14716,0
13496,14756,0
13536,14833,0
13471,14752,0
13496,14764,1
13443,14825,0
13408,14802,0
13462,14689,0
13471,14721,0
13362,14716,0
13499,14755,0
13542,14833,0
13468,14753,0
13443,14825,1
13399,14821,0
13250,14805,0
13243,14813,0
13364,14846,0
13227,14736,0
13343,14811,0
13442,14811,0
13304,14890,1
13483,14793,0
13381,14823,0
13256,14806,0
13306,14833,0
13393,14862,0
13227,14736,0
13358,14830,0
13416,14867,1
13483,14797,0
13562,15970,0
13456,16009,0
13348,15961,0
13337,15983,0
13521,15996,0
13436,16076,0
13352,16132,0
13387,16066,1
13466,16101,0
13585,15953,0
13456,16009,1
13358,15929,0
13335,15981,0
13637,15959,0
13439,16078,0
13354,16088,0
13443,16087,0
13024,15111,0
12986,15128,0
12783,15084,0
12758,15204,1
12982,14997,0
12962,15187,0
12863,15102,0
12872,15013,0
12867,14975,0
13031,15116,0
12945,15295,0
12739,15148,1
12862,15024,0
12982,15262,0
12915,15099,0
12863,15041,0
12825,15029,0
13419,15539,0
13343,15637,1
13554,15461,0
13280,15558,0
13517,15478,0
13449,15455,0
13386,15436,0
13433,15552,0
13477,15465,0
13420,15537,0
13559,15459,0
13281,15555,0
13517,15478,1
13442,15460,0
13392,15428,0
13433,15553,0
13479,15464,0
13948,16034,0
13872,16197,0
13942,16047,1
13993,16054,0
13939,15955,0
13829,16080,0
13999,15988,0
13984,15977,0
13936,16253,0
13948,16030,0
13879,16204,0
13960,16116,0
13884,15932,0
13829,16080,0
13999,15988,1
13955,15945,0
13916,16165,0
13197,14444,0
13263,14539,0
13384,14523,0
13416,14514,0
13362,14457,0
13385,14530,0
13527,14400,0
13411,14484,0
13443,14409,1
13273,14399,0
13400,14455,0
13388,14518,0
13410,14491,0
13389,14432,0
13417,14523,0
13531,14404,0
13411,14484,1
13251,14601,0
13252,14664,0
13298,14485,0
13380,14632,0
13418,14627,0
13152,14593,1
13475,14697,0
13324,14757,0
13270,15057,0
13276,14643,0
13269,14650,0
13292,14476,0
13381,14681,1
13418,14645,0
13446,14727,0
13324,14764,0
13285,14936,0
12867,14281,0
12834,14243,0
12800,14160,0
12782,14311,0
12821,14352,0
12837,14132,0
12800,14304,1
12888,14429,0
12800,14316,0
12860,14282,0
12841,14243,0
12811,14204,0
12788,14314,0
12821,14352,1
12928,14237,0
12944,14455,0
12802,14317,0
12492,14692,0
12607,14937,1
12445,14864,0
12516,14922,0
12630,14916,0
12511,14878,0
12639,14957,0
12508,14902,0
12427,14705,0
12488,14684,0
12442,14885,0
12450,14906,0
12630,14928,0
12506,14874,0
12655,14956,0
12499,14862,0
12427,14705,1
11460,16350,0
11577,16183,0
11259,16304,0
11429,16096,0
11464,16240,0
11565,16221,1
11589,16259,0
11489,16214,0
11475,16206,0
11467,16350,0
11579,16182,0
11290,16294,0
11417,16134,1
11466,16237,0
11604,16247,0
11490,16214,0
11482,16208,0
10554,15554,0
10530,15454,1
10394,15444,0
10566,15389,0
10596,15416,0
10528,15599,0
10517,15427,0
10403,15305,0
10551,15389,0
10534,15570,0
10381,15447,0
10567,15381,0
10594,15400,0
10476,15572,0
10507,15414,0
10393,15306,1
10533,15367,0
11241,14433,0
11277,14533,0
11305,14588,0
11299,14652,1
11244,14566,0
11290,14464,0
11160,14473,0
11328,14566,0
11292,14588,0
11247,14416,0
11277,14533,1
11311,14587,0
11245,14566,0
11284,14410,0
11160,14460,0
11314,14575,0
11284,14589,0
11603,14214,0
11485,14218,0
11484,14346,0
11448,14169,0
11561,14178,1
11479,14295,0
11352,14204,0
11442,14382,0
11507,14251,0
11606,14208,0
11437,14224,0
11465,14408,0
11420,14265,1
11466,14369,0
11343,14290,0
11436,14391,0
11510,14284,0
13307,15658,0
13337,15758,0
13297,15735,0
13388,15544,0
13465,15805,0
13336,15592,0
13218,15607,1
13356,15696,0
13315,15623,0
13307,15658,1
13334,15746,0
13300,15810,0
13384,15544,0
13430,15810,0
13352,15566,0
13354,15697,0
13319,15601,0
12056,13825,0
12125,13769,0
12133,13817,0
11952,13854,0
12017,13756,0
11962,13874,0
11911,13902,0
12088,13921,0
12062,13800,1
12028,13813,0
12063,13750,0
12132,13818,0
11979,13843,1
12016,13756,0
11961,13870,0
11903,13898,0
12081,13917,0
10823,15470,0
10866,15452,0
10742,15240,0
10794,15405,0
10783,15576,1
10819,15373,0
10787,15405,0
10847,15448,0
10724,15434,0
10806,15462,0
10889,15402,0
10728,15272,0
10776,15405,0
10819,15373,1
10780,15400,0
10828,15444,0
10744,15420,0
11070,15036,1
11081,15002,0
10837,15080,0
11091,15033,0
11150,15144,0
10946,15083,0
11036,15106,0
11117,15140,0
11091,14839,0
11080,15001,0
10842,15008,0
11098,15023,0
11150,15144,1
10943,15077,0
11062,15129,0
11122,15157,0
11086,14848,0
12796,14175,0
12829,14190,0
12808,13996,0
12683,14184,0
12728,14239,0
12944,14206,0
12821,14119,0
12756,14357,0
12828,14218,1
12782,14171,0
12947,14182,0
12808,13996,1
12674,14182,0
12727,14239,0
12947,14207,0
12767,14118,0
12769,14408,0
12792,13317,0
12760,13253,0
12858,13383,0
12765,13328,0
12743,13170,0
12841,13349,0
12916,13413,1
12797,13196,0
12852,13296,0
12801,13320,0
12778,13271,0
12918,13404,1
12767,13328,0
12697,13111,0
12852,13358,0
12776,13175,0
12896,13258,0
12851,13908,0
12897,14173,1
12716,14080,0
12874,13993,0
12851,13951,0
12754,14037,0
12642,14015,0
12849,14001,0
12870,13935,0
12844,13969,0
12717,14083,0
12899,14016,0
12930,13893,1
12752,14037,0
12616,14014,0
12839,13990,0
12855,13875,0
12661,16480,1
12676,16366,0
12557,16380,0
12510,16359,0
12530,16404,0
12597,16462,0
12538,16433,0
12547,16293,0
12639,16467,0
12670,16361,0
12558,16379,0
12465,16327,0
12527,16406,0
12597,16462,0
12535,16429,0
12540,16296,0
12639,16467,1
12437,16302,1
12402,16273,0
12376,16236,0
12278,16284,0
12451,16318,0
12307,16301,0
12435,16297,0
12492,16303,0
12462,16367,0
12355,16346,0
12386,16232,0
12279,16305,0
12361,16362,0
12221,16440,0
12414,16253,0
12443,16314,1
12386,16385,0
11356,16604,0
11532,16554,0
11498,16648,0
11399,16637,0
11469,16659,0
11438,16768,1
11434,16654,0
11417,16697,0
11422,16658,0
11388,16549,0
11540,16544,0
11519,16608,0
11409,16623,0
11469,16659,1
11533,16491,0
11412,16705,0
11453,16625,0
12316,14378,0
12268,14273,0
12206,14189,0
12283,14380,0
12340,14416,0
12233,14375,0
12288,14404,0
12280,14429,1
12241,14400,0
12317,14386,0
12267,14271,0
12200,14190,0
12284,14376,0
12339,14413,0
12234,14369,0
12288,14404,1
12234,14403,0
12486,14434,0
12468,14455,0
12496,14455,0
12470,14366,0
12479,14339,0
12484,14432,0
12509,14418,1
12466,14402,0
12432,14512,0
12526,14455,0
12471,14444,0
12522,14438,0
12372,14377,0
12479,14339,1
12453,14471,0
12455,14409,0
12444,14523,0
12936,13913,0
12870,13768,0
12890,13949,0
12861,13810,0
12815,13781,1
12874,13697,0
12795,13905,0
12851,13764,0
12826,13731,0
12882,14000,0
12870,13768,1
12888,13952,0
12860,13818,0
12866,13705,0
12794,13901,0
12856,13790,0
12817,13735,0
13131,16193,0
13065,16226,0
13123,16249,0
12910,16198,0
12951,16258,0
12927,16190,0
13021,16213,1
12947,16036,0
13035,16195,0
13116,16183,0
13064,16224,0
13057,16260,0
12943,16270,0
12917,16265,1
12926,16192,0
12958,16032,0
13034,16195,0
12634,16843,0
12662,16815,0
12676,16913,0
12636,16779,0
12697,16878,0
12731,16868,0
12592,16838,0
12680,16749,0
12634,16905,1
12626,16852,0
12662,16815,1
12640,16883,0
12619,16758,0
12695,16881,0
12735,16870,0
12598,16820,0
12691,16738,0
13039,14497,0
13128,14431,0
12979,14710,0
13010,14517,0
13184,14487,0
12993,14433,0
12978,14540,0
13100,14492,0
13084,14440,1
13037,14482,0
13247,14371,0
12944,14746,0
13008,14513,0
13122,14469,1
12992,14429,0
12982,14529,0
13099,14490,0
12020,14327,0
12574,14445,0
12061,14242,0
12096,14096,0
12095,14477,0
12568,14407,1
11849,14038,0
12215,14555,0
12077,14565,0
12017,14333,0
12630,14471,0
12026,14311,0
12062,14215,0
12056,14482,0
11796,14075,0
12102,14541,1
12067,14543,0
12921,15860,0
12996,16217,0
12898,16260,0
12946,16117,0
13100,16318,0
13110,16333,0
12996,16239,0
13010,16272,1
13049,16213,0
12903,15915,0
12996,16159,0
12888,16249,1
12964,15988,0
13160,16233,0
13091,16254,0
12989,16196,0
13078,16093,0
12828,15417,0
12955,15550,0
12824,15473,0
12810,15593,0
13056,15469,0
12956,15590,0
12728,15455,1
12939,15433,0
12832,15371,0
12828,15417,1
12945,15553,0
12822,15396,0
12873,15548,0
13097,15488,0
12948,15597,0
12942,15412,0
12867,15319,0
12755,16234,0
12701,16224,0
12828,16188,0
12633,16208,0
12963,16326,0
12644,16199,0
12635,16215,0
12897,16325,1
13011,16171,0
12755,16234,1
12700,16224,0
12821,16181,0
12633,16207,0
13001,16329,0
12645,16196,0
12633,16218,0
13011,16171,0
12329,15484,0
12205,15404,0
12280,15660,0
12262,15548,1
12320,15587,0
12410,15461,0
12248,15587,0
12236,15528,0
12259,15290,0
12328,15486,0
12172,15395,0
12279,15661,0
12320,15587,1
12354,15504,0
12254,15583,0
12230,15522,0
12258,15234,0
11951,16188,0
12070,16132,0
12005,16124,0
12039,16015,0
12014,16043,0
12157,16129,0
12002,15978,0
12029,16048,1
11929,16206,0
11996,16127,0
12023,16168,0
12073,16116,0
12046,16006,0
11980,15999,1
12165,16119,0
12007,15972,0
11927,16203,0
11279,14825,0
11161,14779,0
11202,14746,0
11052,14805,1
11157,14785,0
11051,14764,0
11053,14761,0
11143,14785,0
11083,14765,0
11343,14834,0
11197,14734,0
11202,14745,0
11164,14774,0
11052,14764,0
11053,14761,0
11143,14785,1
11125,14728,0
11814,13317,0
11746,13401,0
11776,13366,0
11849,13214,0
11827,13363,0
11857,13267,0
11857,13255,1
11775,13365,0
11822,13150,0
11817,13307,0
11773,13470,0
11772,13365,0
11854,13179,1
11826,13368,0
11933,13298,0
11768,13401,0
11828,13119,0
11771,16400,0
11802,16404,0
11737,16374,0
11737,16472,0
11804,16344,0
11759,16441,0
11688,16515,0
11779,16369,0
11716,16474,1
11750,16368,0
11833,16364,1
11738,16372,0
11737,16472,0
11819,16313,0
11763,16441,0
11682,16526,0
11821,16358,0
11163,14510,0
11182,14570,0
11070,14524,0
11153,14540,1
11174,14518,0
11120,14514,0
11015,14398,0
11138,14541,0
11103,14525,0
11164,14506,0
11170,14579,0
11048,14485,0
11203,14451,1
11129,14504,0
11010,14393,0
11139,14542,0
11110,14540,0
11878,16244,0
11843,16394,0
11800,16497,0
11782,16537,0
11856,16405,0
11813,16423,0
11733,16649,1
11860,16451,0
11802,16470,0
11892,16202,0
11728,16372,0
11797,16493,0
11786,16538,0
11857,16403,0
11813,16423,1
11865,16444,0
11809,16353,0
11539,16383,0
11449,16482,1
11529,16412,0
11638,16501,0
11541,16426,0
11545,16488,0
11633,16582,0
11623,16477,0
11533,16399,0
11576,16353,0
11529,16412,1
11623,16482,0
11541,16427,0
11540,16485,0
11623,16574,0
11643,16507,0
11521,16397,0
11605,16320,0
11618,16406,1
11607,16434,0
11554,16420,0
11576,16363,0
11685,16551,0
11453,16439,0
11540,16454,0
11524,16520,0
11621,16344,0
11608,16434,0
11554,16420,0
11578,16362,0
11649,16549,1
11446,16441,0
11544,16454,0
11590,16489,0
11655,16631,0
11625,16667,0
11513,16701,0
11532,16696,0
11569,16741,0
11573,16747,1
11477,16656,0
11591,16674,0
11542,16652,0
11657,16632,0
11676,16668,0
11565,16739,0
11539,16696,1
11607,16691,0
11476,16652,0
11596,16677,0
11651,16629,0
12351,15164,0
12282,15156,0
12104,15121,0
12238,15146,0
12274,15147,0
12275,15261,0
12124,15100,0
12137,15114,0
12131,15115,1
12342,15194,0
12308,15070,0
12110,15122,0
12238,15146,1
12276,15138,0
12277,15262,0
12097,15082,0
12153,15120,0
11623,16291,0
11691,16247,0
11739,16394,0
11629,16424,0
11617,16319,0
11675,16393,0
11580,16461,1
11694,16337,0
11690,16392,0
11623,16290,0
11734,16217,0
11738,16392,0
11629,16423,0
11617,16319,0
11680,16387,0
11694,16337,1
11691,16391,0
12420,15604,0
12535,15704,0
12617,15603,0
12616,15656,0
12639,15634,0
12604,15566,0
12733,15623,0
12564,15653,1
12603,15571,0
12351,15583,0
12517,15696,0
12593,15595,0
12613,15657,0
12680,15667,0
12606,15561,0
12733,15623,1
12602,15570,0
11803,15700,0
11753,15791,0
11743,15755,0
11867,15743,0
11769,15817,0
11800,15726,0
11933,15811,0
11792,15764,1
11869,15765,0
11802,15697,0
11752,15784,0
11738,15753,0
11871,15741,0
11769,15811,0
11799,15725,0
11920,15806,0
11852,15717,1
11669,15522,0
11485,15714,0
11727,15601,0
11747,15737,0
11796,15568,0
11517,15726,0
11799,15620,1
11915,15766,0
11820,15567,0
11650,15531,0
11511,15677,0
11701,15607,0
11744,15723,0
11796,15568,1
11541,15716,0
11873,15781,0
11788,15573,0
11819,16196,0
11810,16381,1
11811,16315,0
11790,16430,0
11767,16401,0
11809,16403,0
11770,16494,0
11728,16433,0
11748,16439,0
11819,16197,0
11813,16315,0
11792,16430,0
11772,16386,0
11810,16401,0
11768,16499,0
11728,16433,1
11767,16360,0
11856,16252,0
11844,16216,0
11765,15935,0
11834,16347,0
11770,15944,0
11934,16464,1
11806,16331,0
11805,16303,0
11863,16181,0
11833,16293,0
11838,16224,0
11768,15947,0
11830,16347,0
11820,16108,0
11806,16335,1
11821,16329,0
11775,16241,0
11642,16253,0
11775,16374,0
11614,16309,0
11563,16345,0
11636,16415,0
11661,16343,0
11560,16362,1
11639,16272,0
11618,16285,0
11645,16254,0
11771,16373,0
11614,16309,1
11558,16340,0
11648,16405,0
11662,16343,0
11638,16271,0
11627,16245,0
12981,14818,0
13043,14663,0
13069,14775,0
13171,14760,0
13096,14702,1
13116,14671,0
13234,14672,0
13152,14631,0
13138,14639,0
12981,14818,1
13038,14673,0
13062,14775,0
13182,14744,0
13129,14570,0
13241,14672,0
13150,14631,0
13119,14641,0
11749,16376,0
11828,16406,0
11769,16530,1
11717,16472,0
11813,16452,0
11843,16494,0
11765,16441,0
11784,16525,0
11783,16528,0
11750,16376,0
11832,16401,0
11714,16469,0
11820,16457,1
11847,16492,0
11764,16440,0
11772,16491,0
11829,16474,0
11688,16328,0
11746,16369,0
11584,16315,0
11688,16402,0
11786,16382,0
11601,16421,0
11761,16457,0
11694,16310,1
11771,16455,0
11688,16329,0
11726,16344,0
11582,16313,0
11690,16402,0
11786,16382,0
11606,16409,0
11758,16459,0
11771,16449,1
12296,15489,0
12320,15411,0
12220,15404,0
12212,15477,0
12290,15478,0
12381,15563,0
12340,15511,1
12260,15481,0
12256,15527,0
12302,15483,0
12269,15380,0
12223,15402,0
12212,15477,0
12293,15480,0
12452,15632,0
12260,15481,1
12323,15534,0
11571,15470,1
11512,15637,0
11615,15528,0
11436,15590,0
11484,15449,0
11605,15502,0
11446,15672,0
11561,15594,0
11449,15689,0
11505,15645,0
11616,15528,0
11440,15586,0
11484,15449,1
11605,15503,0
11478,15665,0
11565,15597,0
11477,15660,0
11835,16246,1
11863,16337,0
11889,16294,0
11802,16449,0
11909,16420,0
11893,16490,0
11845,16399,0
11860,16396,0
11844,16453,0
11902,16335,0
11893,16295,0
11812,16434,0
11910,16418,0
11897,16491,0
11875,16409,0
11862,16390,0
11844,16453,1
10236,14799,0
10278,14883,0
10212,14860,0
10094,14858,1
10246,14827,0
10081,14824,0
9928,15084,0
10095,14808,0
10162,14786,0
10236,14803,0
10270,14900,0
10212,14860,1
10238,14827,0
10084,14824,0
9950,15078,0
9997,14807,0
10166,14782,0
11554,16262,0
11647,16243,0
11533,16317,0
11641,16254,0
11500,16216,1
11650,16231,0
11464,16369,0
11612,16239,0
11572,16251,0
11554,16262,1
11672,16248,0
11532,16316,0
11643,16256,0
11653,16233,0
11465,16369,0
11617,16236,0
11576,16246,0
13585,15194,0
13592,15314,0
13563,15181,1
13626,15149,0
13584,15234,0
13793,15160,0
13677,14986,0
13673,15141,0
13655,15079,0
13587,15198,0
13604,15302,1
13626,15149,0
13581,15234,0
13795,15160,0
13612,14974,0
13669,15144,0
13623,15147,0
12498,16525,1
12603,16430,0
12585,16475,0
12542,16538,0
12583,16432,0
12663,16622,0
12574,16468,0
12513,16616,0
12583,16551,0
12651,16382,0
12585,16474,0
12542,16538,0
12629,16439,1
12665,16610,0
12574,16467,0
12512,16617,0
12597,16482,0
11699,15251,0
11685,15293,0
11582,15272,0
11610,15336,0
11693,15257,1
11475,15279,0
11418,15171,0
11596,15260,0
11557,15313,0
11698,15253,0
11626,15374,1
11582,15273,0
11603,15343,0
11474,15351,0
11457,15204,0
11613,15245,0
11528,15282,0
13042,14754,0
13154,14712,0
13216,14761,0
13284,14676,1
13161,14654,0
13297,14557,0
13172,14597,0
13206,14727,0
13259,14701,0
13042,14753,0
13152,14713,0
13214,14762,0
13159,14654,0
13308,14558,0
13171,14597,0
13223,14727,1
13258,14703,0
13146,14513,0
13028,15059,0
12801,15159,1
12611,14306,0
13112,14414,0
12787,14307,0
12715,15258,0
13047,14441,0
13131,14418,0
13109,14472,0
13027,15051,0
12630,14314,0
13155,14366,0
12786,14313,0
12907,15226,0
13065,14459,0
13138,14433,1
13729,15160,0
13850,15147,0
13859,15208,0
13830,15248,0
13680,15207,1
13877,15258,0
13905,15378,0
13834,15154,0
13837,15204,0
13735,15159,0
13832,15132,1
13851,15204,0
13906,15242,0
13796,15202,0
13902,15366,0
13822,15152,0
13863,15258,0
13285,15030,0
13343,14994,0
13363,15052,1
13346,15035,0
13437,15121,0
13390,15033,0
13522,14987,0
13381,15043,0
13412,15040,0
13285,15030,1
13339,14991,0
13343,15019,0
13435,15122,0
13388,15034,0
13521,14988,0
13378,15043,0
13399,15066,0
13447,14980,0
13464,14932,0
13578,15006,1
13507,14892,0
13621,15008,0
13664,15017,0
13661,15013,0
13449,14908,0
13588,14974,0
13451,14974,0
13466,14924,0
13502,14885,0
13650,15028,0
13616,14966,0
13665,15019,0
13449,14908,1
13594,14936,0
13326,14950,1
13221,14980,0
13364,14880,0
13391,14886,0
13253,14906,0
13396,14976,0
13386,14913,0
13339,14983,0
13400,14973,0
13214,14975,0
13327,14816,0
13390,14882,0
13253,14904,0
13395,14978,0
13386,14913,1
13340,14986,0
13364,14991,0
11941,15281,0
11894,15225,1
12004,15179,0
12020,15169,0
12041,15303,0
11971,15262,0
11959,15077,0
11963,15069,0
11926,15138,0
11931,15279,0
12004,15181,0
12023,15168,0
12037,15304,0
11971,15264,0
11938,15145,0
11963,15070,0
11915,15130,1
13267,15199,0
13345,15150,0
13336,15110,0
13424,15187,0
13371,15262,0
13476,15204,1
13406,15195,0
13353,15203,0
13420,15107,0
13267,15199,0
13345,15150,1
13336,15108,0
13419,15187,0
13371,15262,0
13405,15195,0
13353,15207,0
13420,15116,0
11792,16042,0
11797,15988,0
11894,16036,0
11807,16067,0
11874,16207,0
11813,16212,0
11904,16104,0
11837,16021,1
11862,15991,0
11796,16041,0
11776,15988,0
11885,16118,0
11837,16217,0
11874,16214,0
11826,16280,0
11904,16104,1
11861,15988,0
11641,16313,0
11648,16450,0
11634,16370,0
11647,16469,0
11538,16363,0
11592,16485,0
11601,16515,0
11690,16464,1
11635,16397,0
11642,16313,0
11649,16444,0
11634,16370,1
11651,16465,0
11527,16338,0
11589,16486,0
11616,16510,0
11619,16386,0
10446,15084,0
10393,15319,0
10346,15353,0
10353,15523,0
10439,15240,0
10183,15442,0
10178,15403,1
10269,15419,0
10255,15338,0
10446,15084,1
10412,15306,0
10347,15353,0
10155,15374,0
10516,15291,0
10171,15442,0
10247,15520,0
10286,15361,0
11279,15978,0
11186,16007,0
11279,15834,0
11244,15904,1
11311,16011,0
11180,15884,0
11206,16022,0
11192,15945,0
11057,16010,0
11279,15978,1
11210,16004,0
11280,15836,0
11317,15979,0
11184,15890,0
11209,16024,0
11193,15945,0
11048,16013,0
12033,17359,0
11909,17412,0
11865,17378,1
11936,17392,0
11975,17314,0
11821,17391,0
11864,17368,0
11694,17319,0
11863,17358,0
12033,17362,0
11909,17409,0
11940,17402,0
12042,17297,0
11840,17395,0
11850,17378,0
11668,17301,0
11863,17358,1
11851,15821,0
11810,16018,0
11824,15984,0
11871,15839,0
11820,15948,1
11816,15899,0
11750,15875,0
11874,15972,0
11828,15903,0
11861,15819,0
11794,15948,0
11854,15918,0
11890,15816,0
11804,15896,0
11746,15862,0
11858,15995,0
11828,15903,1
11686,16331,0
11757,16457,0
11678,16396,0
11606,16472,0
11658,16347,1
11620,16501,0
11589,16430,0
11626,16511,0
11724,16469,0
11686,16322,1
11777,16415,0
11680,16395,0
11589,16430,0
11600,16502,0
11589,16429,0
11566,16553,0
11723,16468,0
12292,15664,0
12392,15616,0
12305,15678,0
12321,15614,1
12342,15604,0
12391,15700,0
12387,15585,0
12416,15542,0
12380,15567,0
12307,15676,0
12396,15642,0
12297,15675,0
12342,15604,1
12404,15712,0
12355,15630,0
12415,15540,0
12358,15584,0
11288,15890,0
11230,16025,0
11236,15970,0
11253,15957,0
11258,15967,0
11233,15884,0
11186,15983,1
11166,16009,0
11160,15886,0
11289,15890,0
11265,15965,0
11238,15973,0
11260,15974,0
11287,15946,0
11217,15891,0
11193,16015,1
11161,15882,0
12092,15796,0
12048,15793,0
12112,15807,0
12112,15770,0
12047,15868,0
12177,15820,0
12112,15747,0
12201,15793,0
12076,15691,1
12093,15795,0
12038,15846,0
12108,15824,0
12110,15773,0
12053,15843,0
12177,15820,1
12118,15747,0
12277,15755,0
11450,16401,0
11325,16241,0
11243,16327,0
11295,16385,0
11352,16334,0
11356,16292,0
11241,16332,0
11268,16352,1
11204,16287,0
11247,15597,0
11120,15646,0
11066,15594,1
11171,15689,0
11278,15625,0
11121,15642,0
11028,15553,0
10980,15657,0
11072,15602,0
11247,15603,0
11129,15646,1
11172,15695,0
11271,15650,0
11119,15614,0
11031,15551,0
10987,15666,0
11103,15596,0
11151,15926,1
11011,15985,0
11036,15931,0
11036,16030,0
11103,15907,0
11006,15955,0
11031,15941,0
10740,15952,0
10903,15944,0
11031,15963,0
11038,15933,1
11028,16065,0
11079,15869,0
10999,15944,0
11030,15940,0
10789,15976,0
10898,15932,0
11113,15640,0
11144,15761,0
11162,15685,0
11021,15775,0
11176,15704,1
11016,15688,0
11082,15626,0
11042,15627,0
10982,15846,0
11115,15643,0
11160,15731,0
11163,15691,0
11021,15775,1
11025,15695,0
11089,15608,0
11042,15626,0
10877,15911,0
11992,15068,0
11968,15072,0
11976,15110,0
11922,15150,0
11881,15164,0
11976,15015,0
11860,15204,1
11896,15343,0
12066,15368,0
11988,15070,0
11954,15062,0
12031,15119,0
11917,15154,0
11877,15167,0
11909,15038,0
11894,15347,1
12062,15378,0
11366,14954,0
11599,15014,0
11520,14933,0
11364,15034,1
11437,15091,0
11400,14851,0
11416,15052,0
11500,14988,0
11374,14934,0
11154,15497,0
11038,15479,0
11053,15567,0
11000,15448,0
11109,15371,0
11066,15450,0
11090,15412,1
10973,15442,0
10798,15521,0
11153,15497,0
11086,15436,0
11053,15567,1
11001,15450,0
11119,15400,0
11066,15451,0
10974,15442,0
10792,15514,0
11267,15560,0
11267,15594,0
11227,15473,0
11238,15449,0
11241,15484,1
11223,15588,0
11264,15523,0
11227,15524,0
11057,15575,0
11277,15551,0
11272,15609,0
11225,15477,0
11225,15430,0
11237,15636,1
11263,15519,0
11227,15525,0
11049,15592,0
11070,15484,0
11082,15550,0
11067,15478,0
11063,15344,1
11092,15361,0
11085,15491,0
11029,15353,0
10969,15419,0
10892,15364,0
11071,15485,0
11127,15497,0
11068,15479,0
11105,15343,0
11086,15491,1
11053,15306,0
10968,15417,0
10863,15398,0
11845,16629,0
11832,16677,0
11901,16761,0
11791,16744,0
11830,16724,0
11794,16743,0
11855,16601,0
11825,16787,1
11804,17177,0
11846,16629,0
11878,16695,0
11896,16856,0
11791,16744,1
11745,16720,0
11798,16741,0
11871,16599,0
11789,17113,0
11302,15908,0
11298,16101,0
11215,16039,0
11208,15896,0
11173,16146,0
11350,15940,0
11216,16024,0
11149,15864,1
11167,15963,0
11305,15906,0
11314,16112,0
11215,16041,0
11211,15899,0
11169,16161,0
11362,15937,0
11251,16071,1
11162,15964,0
12394,15688,0
12576,15627,0
12516,15640,0
12509,15643,0
12624,15601,0
12463,15613,0
12489,15639,0
12526,15662,1
12539,15586,0
12387,15689,0
12569,15633,0
12516,15640,1
12502,15641,0
12644,15532,0
12454,15624,0
12532,15704,0
12642,15564,0
11165,15605,0
11214,15777,0
11134,15747,0
11162,15665,0
11119,15914,0
11206,15847,0
10986,15699,0
11126,15680,1
10922,16053,0
11165,15605,1
11234,15808,0
11133,15759,0
11162,15664,0
11126,15968,0
11164,15850,0
11001,15679,0
11009,16026,0
11640,15357,0
11528,15377,0
11459,15462,0
11477,15475,0
11533,15406,0
11404,15399,1
11423,15430,0
11389,15377,0
11326,15331,0
11640,15352,0
11535,15382,0
11423,15567,0
11476,15482,0
11535,15398,0
11473,15397,1
11321,15362,0
11339,15329,0
12298,15944,0
12198,15898,1
12308,15915,0
12309,15931,0
12395,15881,0
12180,15984,0
12351,16094,0
12295,15782,0
12270,15945,0
12290,15973,0
12296,15901,0
12305,15927,0
12387,15862,0
12171,15973,0
12351,16094,1
12293,15777,0
12266,15938,0
12093,15827,0
12090,15778,0
12005,16032,0
12252,15865,0
12177,15753,0
12222,15730,0
12178,15879,1
12219,15837,0
12257,15723,0
12088,15829,0
12165,15744,0
11946,16210,0
12254,15866,0
12196,15743,0
12226,15727,1
12220,15838,0
12253,15757,0
11401,15217,0
11109,15233,0
11299,15182,1
11295,15172,0
11199,15084,0
11197,15197,0
11277,15088,0
11081,15050,0
11243,15134,0
11417,15213,0
11109,15229,0
11296,15174,0
11070,15050,0
11197,15197,1
11295,15104,0
11082,15051,0
11279,15128,0
13211,15668,0
13441,15808,0
13290,15753,0
13321,15741,0
13386,15756,0
13414,15787,1
13283,15674,0
13370,15788,0
13396,15790,0
13240,15686,0
13435,15813,0
13285,15752,0
13322,15740,0
13423,15710,0
13279,15637,0
13373,15783,0
13394,15788,1
12975,15320,1
12916,15486,0
13019,15231,0
13075,15301,0
12959,15244,0
13012,15323,0
13122,15447,0
13047,15301,0
13030,15323,0
12818,15581,0
13027,15410,0
13058,15325,0
12957,15253,0
13012,15323,1
13127,15448,0
13046,15299,0
12995,15341,0
11865,16385,0
11869,16399,0
11829,16440,0
11791,16435,0
11872,16511,0
11834,16561,1
11888,16504,0
11787,16389,0
11876,16329,0
11901,16390,0
11885,16388,0
11831,16438,0
11795,16437,0
11878,16550,1
11906,16505,0
11775,16416,0
11870,16337,0
10972,14742,1
10964,14847,0
10970,14732,0
10911,14619,0
10872,14715,0
11033,14852,0
10957,14806,0
10830,14770,0
10900,14724,0
10936,14855,0
10973,14730,0
10905,14624,0
10854,14713,0
11014,14863,0
10959,14810,0
10830,14770,1
10911,14740,0
10235,15513,0
10338,15604,0
10265,15475,0
10279,15569,1
10155,15560,0
10415,15355,0
10313,15518,0
10145,15699,0
10244,15632,0
10268,15437,1
10348,15582,0
10198,15540,0
10156,15563,0
10323,15444,0
10311,15514,0
10146,15698,0
10201,15623,0
11823,16340,0
11842,16387,0
11753,16331,0
11795,16426,0
11781,16435,0
11807,16487,1
11773,16288,0
11813,16455,0
11768,16437,0
11824,16341,0
11843,16387,0
11749,16331,0
11788,16415,0
11840,16482,1
11769,16288,0
11829,16453,0
11789,16447,0
11908,15636,0
11982,15624,0
12119,15732,0
11846,15733,0
12091,15616,0
12121,15675,0
12042,15600,1
12045,15625,0
11931,15675,0
11910,15634,1
11995,15610,0
12119,15732,0
11849,15718,0
12089,15621,0
12143,15671,0
12051,15622,0
11970,15670,0
11081,15470,0
11071,15479,1
11231,15356,0
11126,15529,0
11050,15483,0
11067,15588,0
11128,15541,0
11035,15524,0
11081,15470,1
11229,15400,0
11131,15534,0
11072,15512,0
11062,15590,0
11121,15546,0
11040,15523,0
11803,16436,0
11803,16631,1
11825,16376,0
11807,16509,0
11817,16514,0
11764,16439,0
11770,16429,0
11880,16549,0
11735,16595,0
11803,16436,1
11826,16373,0
11808,16509,0
11858,16591,0
11767,16481,0
11771,16427,0
11882,16550,0
11789,16529,0
10877,16431,0
10792,16507,0
10782,16593,0
10775,16536,1
10784,16518,0
10823,16405,0
10698,16380,0
10647,16499,0
10715,16459,0
10908,16415,0
10792,16507,0
10781,16593,0
10800,16537,0
10821,16404,0
10698,16380,1
10683,16498,0
10720,16446,0
12104,16308,0
12041,16353,0
11976,16270,0
11969,16390,0
12023,16378,1
12092,16358,0
11963,16432,0
12049,16430,0
12041,16395,0
12091,16334,0
12044,16364,0
11972,16250,0
11942,16392,0
12141,16322,0
11963,16432,1
12052,16450,0
12041,16399,0
11794,16521,0
11906,16576,0
11867,16464,0
11742,16426,0
11791,16493,0
11747,16501,0
11803,16368,1
11833,16536,0
11792,16437,0
11795,16514,0
11903,16554,0
11933,16542,0
11746,16426,0
11832,16514,1
11753,16500,0
11839,16539,0
11795,16441,0
11938,15568,0
11733,15516,0
11695,15452,1
11999,15605,0
12118,15617,0
12008,15617,0
11768,15491,0
11644,15581,0
11738,15462,0
12109,15634,0
11853,15585,0
12145,15658,0
12291,15678,0
12196,15683,0
11764,15547,0
11785,15604,0
11772,15478,1
12717,17069,0
12723,16985,0
12692,16957,0
12751,17025,0
12784,17029,1
12639,17053,0
12677,16977,0
12880,17078,0
12739,17012,0
12672,17056,0
12656,16972,0
12691,16935,0
12758,17026,0
12639,17052,0
12632,16984,0
12880,17078,1
12743,17001,0
11383,16313,0
11485,16372,0
11640,16277,0
11582,16244,0
11520,16242,1
11648,16188,0
11675,16378,0
11552,16368,0
11558,16262,0
11397,16311,0
11504,16362,0
11641,16278,0
11585,16241,0
11651,16186,0
11679,16368,0
11554,16371,0
11595,16245,1
12118,16408,0
12145,16315,0
11851,16594,0
12057,16429,0
12023,16375,0
12117,16336,0
12123,16525,1
12060,16398,0
12317,16439,0
12192,16309,0
11854,16583,0
12058,16431,0
11988,16303,0
12117,16336,1
12060,16398,0
11874,16491,0
11809,16606,0
11909,16558,0
11841,16478,1
11876,16454,0
11887,16485,0
11808,16564,0
11890,16562,0
11861,16524,0
11914,16466,0
11811,16604,0
11911,16558,0
11913,16400,0
11895,16469,0
11800,16595,0
11890,16562,1
11864,16522,0
12358,14615,0
12305,14451,1
12303,14525,0
12301,14654,0
12299,14594,0
12300,14631,0
12319,14452,0
12373,14608,0
12339,14611,0
12397,14632,0
12333,14486,1
12300,14656,0
12296,14606,0
12272,14639,0
12326,14425,0
12355,14625,0
12340,14596,0
14052,14098,1
14049,13901,0
13957,13883,0
14097,14126,0
13945,13857,0
14053,14029,0
14018,13853,0
13949,13790,0
14067,13959,0
14049,13897,0
13964,13874,0
14097,14128,0
13964,13874,0
14053,14029,1
14022,13853,0
13953,13877,0
14065,13955,0
11657,15617,0
11785,15701,0
11759,15632,1
11715,15662,0
11741,15752,0
11730,15677,0
11773,15813,0
11664,15729,0
11718,15681,0
11658,15615,0
11785,15701,1
11699,15651,0
11740,15751,0
11728,15654,0
11774,15807,0
11662,15731,0
11716,15678,0
10437,14425,0
10280,14409,0
10489,14394,0
10354,14521,0
10321,14362,0
10325,14541,1
10171,14295,0
10435,14524,0
10372,14493,0
10410,14492,0
10291,14410,0
10495,14384,0
10319,14505,0
10305,14381,0
10180,14298,1
10439,14522,0
10350,14491,0
10859,14668,1
10845,14719,0
10813,14570,0
10854,14618,0
10915,14644,0
10912,14596,0
10835,14679,0
10611,14547,0
10945,14546,0
10820,14714,1
10750,14521,0
10868,14598,0
10916,14649,0
10919,14598,0
10816,14726,0
10606,14510,0
10946,14543,0
11479,16400,1
11426,16215,0
11480,16333,0
11409,16328,0
11460,16234,0
11377,16393,0
11363,16555,0
11437,16397,0
11438,16320,0
11411,16259,0
11480,16332,0
11412,16326,0
11460,16230,0
11373,16395,1
11365,16550,0
11437,16395,0
11440,16332,0
10856,13703,0
10838,14128,0
10895,14067,0
10966,14064,0
10901,14225,0
10970,14044,1
11073,13829,0
10892,13999,0
10898,14051,0
10856,13703,1
10771,14054,0
10874,14088,0
10954,14095,0
10878,14161,0
11057,13829,0
10884,13991,0
10893,14047,0
11655,16364,1
11706,16430,0
11718,16283,0
11544,16539,0
11570,16423,0
11752,16275,0
11673,16335,0
11386,16491,0
11676,16346,0
11703,16393,0
11712,16279,0
11566,16515,0
11565,16419,0
11753,16276,0
11663,16328,0
11501,16494,1
11679,16348,0
11220,15525,0
11185,15551,0
11089,15617,0
10983,15540,0
11159,15489,0
11167,15481,1
11054,15599,0
11123,15465,0
11209,15497,0
11222,15531,0
11185,15549,0
11061,15593,0
10984,15525,0
11122,15431,0
11159,15542,1
11086,15500,0
11113,15514,0
11695,15578,0
11706,15841,0
11837,15762,0
11748,15620,0
11801,15660,0
11899,15578,0
11847,15673,0
11601,15658,0
11840,15619,1
11684,15588,0
11705,15827,0
11824,15745,0
11771,15591,0
11767,15632,0
11891,15568,0
11768,15641,1
11588,15667,0
12338,15536,0
12605,15720,1
12375,15703,0
12456,15797,0
12344,15756,0
12427,15750,0
12366,15656,0
12387,15848,0
12468,15734,0
12328,15538,0
12369,15701,0
12465,15850,0
12348,15765,0
12422,15737,0
12354,15672,0
12354,15762,1
12480,15731,0
11728,16257,0
11680,16349,0
11666,16358,0
11506,16505,0
11630,16435,0
11714,16425,0
11673,16304,1
11603,16496,0
11703,16377,0
11729,16257,0
11730,16348,0
11669,16359,0
11506,16505,1
11628,16429,0
11720,16440,0
11585,16483,0
11704,16378,0
10463,15436,0
10442,15564,0
10349,15423,1
10213,15430,0
10309,15385,0
10319,15518,0
10373,15659,0
10277,15471,0
10341,15427,0
10458,15443,0
10429,15554,0
10210,15430,0
10289,15377,0
10312,15534,0
10377,15658,0
10306,15471,0
10341,15427,1
11685,16321,0
11605,16505,1
11671,16337,0
11520,16588,0
11626,16376,0
11634,16363,0
11693,16296,0
11600,16438,0
11654,16399,0
11689,16325,0
11670,16338,0
11543,16561,0
11624,16374,0
11660,16380,0
11733,16237,0
11601,16436,0
11654,16399,1
12078,15413,0
12162,15505,0
12207,15451,0
12438,15358,0
12297,15414,0
12301,15498,1
12385,15374,0
12371,15414,0
12254,15472,0
12080,15378,0
12165,15562,0
12209,15461,0
12432,15360,0
12297,15430,0
12325,15382,1
12466,15386,0
12261,15492,0
11716,16322,0
11694,16412,0
11585,16398,0
11578,16516,0
11480,16399,0
11717,16344,0
11637,16394,0
11528,16475,0
11645,16333,1
11717,16323,0
11673,16417,0
11575,16391,0
11570,16536,0
11474,16398,0
11717,16336,1
11635,16399,0
11565,16421,0
12653,16203,0
12630,16084,0
12768,15971,0
12785,16138,0
12808,16101,0
12687,16133,0
12832,16134,1
12757,16065,0
12773,16158,0
12701,16237,0
12666,16114,0
12771,15969,0
12827,16198,0
12821,16105,1
12689,16149,0
12773,16085,0
12808,16172,0
11810,16280,0
11894,16521,0
11767,16433,0
11671,16637,0
11738,16428,0
11771,16406,0
11703,16396,1
11715,16489,0
11770,16408,0
11812,16276,0
11898,16541,0
11767,16428,0
11671,16637,0
11738,16428,1
11766,16403,0
11720,16465,0
11772,16408,0
12828,14866,0
12861,14758,0
12852,14673,0
12992,14554,0
12874,14707,0
12838,14675,1
13009,14863,0
13009,14494,0
13079,14468,0
12849,14885,0
12912,14813,0
12850,14675,0
12994,14547,0
12854,14702,0
13002,14852,0
12950,14554,1
13045,14497,0
11706,16341,0
11661,16436,0
11691,16424,0
11566,16547,0
11641,16393,0
11713,16316,0
11640,16351,0
11611,16511,0
11679,16374,1
11705,16340,0
11646,16437,1
11700,16433,0
11562,16549,0
11639,16392,0
11713,16316,0
11624,16338,0
11606,16463,0
12186,16010,0
12095,15985,1
12308,16009,0
12224,16143,0
12101,16036,0
12133,16157,0
12214,15996,0
12284,16008,0
12213,16057,0
12135,16031,0
12327,16020,0
12226,16150,0
12100,16040,0
12122,16150,0
12211,15996,0
12284,16008,1
12206,16078,0
11917,16407,0
11968,16508,0
11880,16370,0
11843,16681,0
11821,16552,0
11924,16379,0
11788,16427,0
11885,16530,0
11871,16476,1
11947,16444,1
11951,16487,0
11882,16370,0
11851,16679,0
11820,16553,0
11926,16380,0
11796,16382,0
11881,16524,0
11838,14545,0
11709,14598,0
11665,14336,0
11703,14435,1
11526,14339,0
11675,14562,0
11627,14357,0
11750,14504,0
11733,14518,0
11839,14544,0
11714,14599,0
11666,14310,0
11485,14330,0
11718,14539,0
11639,14345,1
11732,14413,0
11741,14517,0
11668,16307,1
11677,16345,0
11635,16311,0
11574,16463,0
11493,16335,0
11646,16409,0
11642,16298,0
11699,16399,0
11589,16347,0
11681,16345,0
11562,16407,0
11557,16475,0
11489,16333,0
11686,16419,0
11612,16286,0
11703,16395,0
11589,16347,1
12259,15083,0
12256,15036,0
12358,15224,0
12513,15108,0
12405,15206,0
12464,15289,0
12285,15091,0
12334,15069,0
12282,15057,1
12259,15075,0
12203,15066,0
12341,15228,0
12515,15107,0
12403,15202,0
12464,15289,1
12228,15042,0
12255,15096,0
11688,16339,1
11581,16320,0
11549,16155,0
11411,16441,0
11550,16337,0
11559,16402,0
11545,16267,0
11489,16395,0
11564,16327,0
11627,16320,0
11550,16153,0
11446,16408,0
11553,16335,0
11563,16412,0
11548,16264,0
11500,16387,0
11564,16327,1
12287,15220,0
12249,15433,0
12497,15478,0
12336,15420,0
12225,15435,0
12350,15423,0
12273,15321,0
11761,15061,0
12331,15211,1
12241,15195,1
12251,15417,0
12567,15467,0
12299,15422,0
12246,15449,0
12357,15438,0
12182,15288,0
11622,14966,0
11776,16405,0
11760,16390,1
11684,16419,0
11573,16572,0
11586,16394,0
11652,16368,0
11656,16357,0
11652,16458,0
11678,16409,0
11782,16413,0
11688,16416,0
11577,16561,0
11586,16394,1
11649,16367,0
11658,16356,0
11652,16456,0
11701,16421,0
12770,15732,0
12862,15683,0
12819,15748,0
13024,15762,0
12905,15719,0
12888,15817,1
12971,15724,0
12984,15840,0
12906,15728,0
12765,15741,0
12768,15696,1
12807,15751,0
13023,15760,0
12915,15674,0
12859,15712,0
13044,15852,0
12924,15694,0
11839,16366,0
11753,16385,1
11755,16333,0
11632,16579,0
11569,16400,0
11730,16381,0
11775,16415,0
11703,16523,0
11768,16399,0
11839,16366,0
11756,16332,0
11632,16579,0
11558,16383,0
11731,16380,0
11775,16415,0
11671,16472,0
11768,16399,1
12166,15328,0
12370,15326,1
12242,15440,0
12500,15521,0
12350,15448,0
12369,15333,0
12253,15455,0
12377,15443,0
12289,15324,0
12161,15335,0
12236,15437,0
12515,15534,0
12408,15365,0
12367,15332,0
12254,15423,0
12358,15436,0
12292,15321,1
11918,16344,0
11822,16474,0
11803,16460,0
11726,16537,0
11774,16498,0
11807,16362,0
11830,16407,0
11771,16523,1
11817,16396,0
11939,16363,0
11825,16474,0
11816,16442,0
11734,16515,0
11776,16497,0
11806,16362,0
11829,16407,0
11817,16396,1
12255,15430,0
12369,15502,0
12248,15507,0
12483,15729,0
12278,15629,0
12244,15491,1
12364,15512,0
12443,15502,0
12431,15711,0
12291,15409,0
12367,15523,0
12248,15507,1
12466,15700,0
12348,15675,0
12345,15549,0
12354,15444,0
12397,15680,0
11559,16215,0
11539,16282,0
11563,16184,0
11347,16448,1
11457,16268,0
11521,16286,0
11540,16236,0
11392,16359,0
11530,16202,0
11564,16223,0
11539,16282,0
11565,16186,0
11458,16266,0
11524,16280,0
11525,16250,1
11440,16315,0
11534,16205,0
11686,15639,0
11708,15703,0
11669,15919,0
11845,15898,0
11724,15830,0
11771,15764,0
11655,15907,1
11839,15854,0
11812,15890,0
11734,15651,0
11708,15702,0
11678,15888,0
11856,15916,0
11715,15828,0
11783,15758,0
11803,15812,0
11814,15904,1
11202,16296,0
11200,16357,0
11111,16398,0
11295,16492,0
11216,16377,0
11167,16389,0
11180,16285,0
11226,16488,1
11148,16346,0
11203,16296,0
11193,16365,0
11077,16343,0
11294,16491,1
11217,16376,0
11165,16393,0
11172,16289,0
11155,16341,0
11216,16011,0
11378,15859,0
11218,15935,1
11337,15833,0
11262,16015,0
11305,15900,0
11399,15667,0
11436,15651,0
11232,16020,0
11212,16008,0
11409,15813,0
11359,15827,0
11274,15983,0
11284,15876,0
11388,15681,0
11439,15658,0
11232,16020,1
11706,16340,0
11702,16402,0
11660,16374,0
11575,16502,0
11528,16348,0
11684,16386,1
11596,16314,0
11595,16486,0
11761,16352,0
11707,16341,0
11702,16402,1
11662,16376,0
11611,16456,0
11519,16344,0
11593,16313,0
11605,16439,0
11766,16360,0
12322,16186,0
12258,16418,0
12218,16369,1
12032,16489,0
12119,16380,0
12247,16296,0
12020,16496,0
12128,16471,0
12243,16244,0
12317,16178,0
12290,16429,0
12000,16511,0
12122,16383,1
12264,16354,0
12042,16468,0
12156,16491,0
12253,16253,0
11866,16141,0
11859,16338,0
11847,16271,0
11727,16564,1
11803,16213,0
11918,16173,0
11859,16255,0
11801,16479,0
11854,16284,0
11866,16141,1
11860,16341,0
11849,16271,0
11800,16222,0
11930,16178,0
11877,16261,0
11854,16422,0
11857,16285,0
12843,15761,0
12760,15824,0
12946,15984,0
12713,15889,0
12719,15891,1
12764,15834,0
12888,15865,0
12906,15886,0
12816,15780,0
12843,15755,0
12756,15811,0
12895,15974,0
12708,15884,0
12761,15823,0
12845,15827,1
12905,15883,0
12817,15780,0
11447,16225,1
11558,16221,0
11436,16257,0
11267,16382,0
11517,16247,0
11493,16258,0
11488,16195,0
11389,16324,0
11440,16304,0
11596,16247,0
11437,16256,0
11279,16374,0
11520,16247,0
11539,16251,0
11493,16194,0
11415,16302,0
11440,16304,1
11833,16400,0
11764,16323,1
11802,16204,0
11587,16540,0
11652,16297,0
11744,16400,0
11756,16200,0
11664,16452,0
11641,16363,0
11839,16401,0
11802,16204,0
11614,16493,0
11646,16290,0
11747,16403,1
11788,16135,0
11676,16435,0
11641,16363,0
11137,15486,0
11137,15318,0
11173,15355,1
10993,15412,0
11176,15414,0
11128,15345,0
11021,15383,0
10976,15213,0
11088,15357,0
11132,15493,0
11145,15310,0
10987,15410,0
11176,15395,0
11160,15289,0
11038,15364,0
10976,15213,1
11070,15360,0
11651,16381,0
11551,16297,0
11745,16142,1
11320,16415,0
11509,16217,0
11486,16182,0
11523,16251,0
11479,16325,0
11613,16262,0
11658,16384,0
11552,16297,0
11332,16402,0
11513,16216,0
11486,16182,1
11537,16237,0
11482,16323,0
11616,16266,0
11866,17011,0
11895,17086,0
12032,17062,0
12199,17040,0
11897,16958,0
11962,17107,0
12162,17111,1
12088,17050,0
12015,17051,0
11867,17000,0
11944,17058,0
11985,17067,0
12195,17040,0
11960,17088,0
12040,17118,0
12169,17044,0
12015,17051,1
11618,16442,1
11726,16382,0
11651,16367,0
11567,16451,0
11610,16352,0
11679,16359,0
11600,16354,0
11539,16423,0
11687,16349,0
11739,16403,0
11663,16362,0
11567,16451,1
11610,16351,0
11666,16349,0
11603,16354,0
11535,16400,0
11691,16353,0
11846,16412,0
11764,16392,0
11736,16291,0
11588,16547,0
11561,16370,0
11699,16279,0
11719,16280,0
11557,16391,1
11717,16387,0
11847,16412,0
11769,16402,0
11738,16288,0
11592,16540,1
11557,16368,0
11700,16278,0
11681,16320,0
11717,16388,0
11974,16205,0
11833,16330,0
11832,16291,0
11778,16568,0
11716,16517,0
11817,16345,0
11776,16302,0
11825,16464,0
11832,16830,1
11989,16215,0
11837,16322,0
11835,16286,0
11771,16572,0
11718,16505,0
11780,16321,0
11779,16290,0
11806,16499,1
11842,16453,0
11871,16230,0
11755,16264,0
11604,16543,1
11647,16204,0
11705,16372,0
11725,16234,0
11611,16358,0
11735,16394,0
11848,16452,0
11807,16344,0
11721,16316,0
11566,16306,0
11690,16363,0
11717,16258,0
11603,16323,0
11756,16375,1
12123,16491,0
12031,16429,0
11993,16369,0
11951,16617,0
11858,16439,0
11980,16411,0
11913,16415,0
12031,16540,1
12071,16531,0
12146,16480,0
12026,16463,0
11994,16367,0
11946,16615,0
11858,16439,1
11977,16409,0
11901,16419,0
12072,16532,0
12956,15835,0
12887,15838,0
12955,16001,1
13046,16282,0
12890,15983,0
13028,16087,0
13049,16103,0
12983,16086,0
13014,16069,0
12963,15834,0
12932,15936,0
13067,16290,0
12993,15953,0
13062,16065,0
13031,16005,0
12970,16053,1
13011,16052,0
11775,16421,0
11602,16352,0
11741,16202,0
11431,16529,0
11437,16307,0
11697,16343,0
11446,16269,1
11535,16434,0
11570,16333,0
11775,16421,1
11595,16345,0
11737,16198,0
11443,16500,0
11430,16301,0
11702,16397,0
11557,16389,0
11572,16334,0
12657,16533,0
12625,16583,0
12214,16672,0
12567,16559,0
12188,16729,0
12115,16576,1
12424,16662,0
12416,16745,0
12306,16621,0
12708,16484,0
12583,16578,0
12197,16667,0
12566,16559,1
12352,16668,0
12433,16660,0
12401,16689,0
12407,16540,0
11824,16322,1
11774,16290,0
11711,16287,0
11705,16127,0
11724,16224,0
11655,16218,0
11800,16199,0
11636,16208,0
11675,16262,0
11680,16298,0
11717,16289,0
11705,16115,0
11727,16225,0
11680,16236,1
11812,16236,0
11634,16207,0
11672,16261,0
11672,16545,0
11648,16427,0
11446,16144,0
11523,16427,0
11305,16417,0
11584,16424,0
11595,16300,0
11601,16332,0
11494,16465,1
11689,16541,0
11669,16428,0
11441,16157,0
11528,16404,0
11305,16379,0
11591,16421,0
11628,16278,0
11601,16332,1
11794,16507,0
11840,16271,0
11829,16170,0
11646,16594,1
11762,16365,0
11755,16360,0
11801,16384,0
11888,16056,0
11897,16245,0
11796,16509,0
11846,16260,0
11859,16112,0
11765,16357,0
11755,16360,1
11803,16383,0
11882,16065,0
11900,16247,0
12016,16301,0
11763,16335,0
11868,16347,0
11827,16537,0
11872,16468,0
11926,16460,0
11961,16467,0
11917,16277,1
11881,16260,0
12032,16313,0
11765,16332,0
11864,16338,0
11823,16567,0
11884,16412,0
11924,16471,1
11970,16473,0
11971,16313,0
11913,16398,0
11857,16391,0
11830,16264,0
11706,16554,1
11746,16528,0
11817,16440,0
11790,16423,0
11774,16348,0
11830,16191,0
11913,16399,0
11816,16430,0
11831,16265,0
11745,16514,0
11818,16441,0
11795,16425,0
11776,16349,0
11830,16191,1
12421,16105,0
12460,16164,0
12370,16447,0
12303,16122,0
12386,16273,0
12448,16234,0
12378,16218,0
12461,16224,0
12390,16228,1
12428,16106,0
12462,16163,0
12369,16444,0
12299,16098,0
12386,16262,0
12449,16228,0
12378,16218,1
12470,16238,0
11549,16397,0
11672,16394,0
11822,16232,0
11714,16640,0
11649,16396,0
11652,16439,0
11614,16487,1
11668,16398,0
11734,16273,0
11549,16400,0
11668,16383,0
11823,16230,0
11714,16631,1
11657,16338,0
11647,16440,0
11673,16397,0
11732,16318,0
13041,15618,0
13024,15679,0
13051,16057,1
12975,15797,0
12995,16007,0
13093,15857,0
13129,15920,0
12985,15730,0
13004,15738,0
13043,15618,0
13048,15764,0
12986,15793,0
13003,16054,0
13100,15858,0
13137,15922,0
12985,15730,1
13022,15720,0
11795,16300,0
11826,16398,1
11748,16347,0
11690,16543,0
11747,16476,0
11793,16423,0
11732,16422,0
11868,16411,0
11687,16374,0
11794,16295,0
11733,16336,0
11681,16540,0
11744,16463,0
11796,16424,0
11830,16357,0
11904,16483,1
11688,16373,0
12022,16672,0
12165,16680,0
12017,16595,0
12189,16653,0
12220,16684,1
12003,16697,0
12091,16583,0
12106,16841,0
11967,16589,0
11999,16675,0
12164,16694,0
12014,16607,0
12189,16653,1
12015,16710,0
12088,16615,0
12142,16885,0
11967,16589,0
11665,16488,0
11724,16383,0
11780,16111,0
11506,16526,0
11521,16476,0
11674,16308,0
11517,16319,0
11578,16306,1
11644,16218,0
11667,16490,0
11725,16387,0
11778,16110,0
11508,16521,0
11526,16460,0
11670,16316,0
11517,16319,1
11657,16216,0
11545,16201,1
11546,16158,0
11522,16336,0
11646,16170,0
11544,16543,0
11515,16305,0
11539,16324,0
11416,16258,0
11538,16182,0
11517,16191,0
11499,16371,0
11647,16137,0
11509,16434,0
11524,16304,0
11539,16324,1
11433,16288,0
11548,16169,0
11883,16413,0
11781,16447,0
11792,16218,0
11641,16556,0
11700,16526,0
11774,16387,0
11655,16381,0
11755,16361,1
11808,16224,0
11886,16416,0
11790,16444,0
11792,16218,1
11647,16541,0
11707,16516,0
11786,16392,0
11653,16381,0
11802,16241,0
11073,15401,0
11064,15478,0
10840,15634,0
11003,15511,0
10937,15711,0
10859,15710,1
11076,15550,0
11122,15413,0
10981,15514,0
11078,15405,0
11070,15472,0
10855,15595,0
10954,15503,0
10898,15745,0
11081,15555,0
11154,15364,1
10958,15497,0
11619,16283,0
11689,16344,0
11646,16223,0
11393,16433,0
11530,16355,1
11502,16269,0
11382,16285,0
11802,16199,0
11665,16195,0
11622,16287,0
11591,16311,0
11645,16220,0
11393,16433,1
11503,16270,0
11373,16280,0
11813,16179,0
11663,16197,0
12551,16371,0
12526,16640,0
12455,16431,0
12552,16612,0
12542,16575,0
12456,16483,0
12370,16533,0
12404,16419,1
12495,16398,0
12476,16351,0
12523,16626,0
12455,16431,1
12551,16612,0
12526,16549,0
12472,16461,0
12364,16524,0
12494,16397,0
11840,16343,0
11763,16418,0
11805,16254,0
11656,16516,0
11747,16495,1
11708,16366,0
11652,16353,0
11706,16331,0
11784,16252,0
11844,16346,0
11764,16415,0
11805,16254,1
11648,16515,0
11732,16362,0
11650,16352,0
11671,16320,0
11785,16249,0
12363,15644,0
12344,15863,0
12231,15862,0
12351,15847,0
12453,16106,0
12438,15826,1
12368,15960,0
12430,15811,0
12330,15797,0
12424,15634,0
12448,15858,0
12226,15813,0
12352,15846,0
12445,16082,0
12369,15951,0
12447,15823,0
12330,15797,1
11795,16443,0
11755,16469,1
11812,16320,0
11771,16252,0
11686,16564,0
11717,16382,0
11797,16376,0
11718,16520,0
11826,16614,0
11796,16444,0
11812,16320,1
11771,16251,0
11687,16566,0
11721,16384,0
11800,16434,0
11729,16496,0
11827,16610,0
11433,16544,1
11284,16543,0
11501,16564,0
11500,16481,0
11261,16466,0
11419,16581,0
11422,16478,0
11006,16358,0
11400,16459,0
11298,16529,0
11510,16571,0
11499,16491,0
11255,16471,0
11419,16581,1
11423,16476,0
11009,16377,0
11406,16435,0
12066,16445,0
12118,16497,0
12106,16348,0
12031,16452,0
12031,16667,0
12114,16530,1
12062,16484,0
12081,16587,0
11962,16556,0
12075,16448,0
12118,16496,0
12098,16361,1
12032,16446,0
12031,16644,0
12062,16482,0
12081,16587,0
11958,16557,0
12479,16190,0
12446,16327,0
12523,16223,0
12478,16342,0
12490,16557,0
12561,16278,1
12500,16540,0
12693,16368,0
12615,16505,0
12480,16190,0
12442,16321,0
12517,16251,0
12478,16342,1
12540,16601,0
12484,16509,0
12707,16374,0
12615,16504,0
11733,16388,0
11703,16396,0
11782,16223,0
11598,16574,0
11747,16379,0
11634,16504,0
11790,16370,0
11687,16488,1
11716,16433,0
11738,16391,0
11708,16383,0
11764,16250,0
11603,16549,0
11747,16379,1
11650,16502,0
11833,16410,0
11719,16433,0
12286,16362,0
12410,16443,0
12271,16451,0
12356,16427,0
12527,16567,0
12392,16484,0
12435,16524,0
12207,16572,1
12464,16523,0
12275,16364,0
12360,16484,0
12267,16454,0
12351,16431,0
12528,16569,0
12395,16480,0
12421,16510,0
12464,16523,1
11702,16351,0
11661,16446,0
11757,16391,1
11670,16342,0
11541,16557,0
11748,16428,0
11743,16265,0
11665,16479,0
11651,16395,0
11704,16352,0
11663,16444,0
11670,16342,1
11542,16555,0
11752,16434,0
11757,16242,0
11661,16474,0
11650,16395,0
11586,16115,0
11486,16339,0
11515,16293,0
11485,16218,0
11184,16353,0
11539,16373,1
11589,16304,0
11479,16375,0
11452,16287,0
11592,16123,0
11491,16333,0
11736,16189,0
11485,16218,1
10871,16226,0
11590,16307,0
11474,16379,0
11452,16285,0
11801,16411,0
11893,16412,0
11768,16452,0
11657,16550,0
11848,16476,0
11624,16664,0
11968,16487,0
11816,16507,0
11794,16493,1
11812,16396,0
11899,16424,0
11764,16449,0
11666,16602,0
11850,16480,0
11624,16664,1
12007,16550,0
11858,16533,0
11867,16367,0
11847,16368,0
11924,16451,0
11858,16361,0
11751,16629,1
11879,16448,0
11914,16372,0
11820,16610,0
11767,16495,0
11862,16364,0
11877,16333,0
11926,16453,0
11858,16361,0
11881,16450,0
11914,16372,1
11843,16554,0
11764,16494,0
12147,16391,1
12155,16193,0
12087,16349,0
12212,16640,0
12171,16355,0
12195,16426,0
12024,16312,0
12231,16543,0
12061,16446,0
12159,16187,0
12102,16339,0
12209,16627,0
12238,16365,0
12195,16426,1
12009,16285,0
12173,16401,0
12058,16449,0
12492,16173,0
12378,16088,0
12216,16228,0
12379,16155,0
12353,16201,1
12429,16141,0
12505,16045,0
12330,16044,0
12300,16212,0
12500,16158,0
12437,16083,0
12327,16182,0
12430,16117,1
12428,16151,0
12499,16030,0
12317,16016,0
12305,16207,0
12790,15526,0
12883,15713,0
12881,15645,0
12828,15623,0
12973,15947,1
12880,15664,0
12940,15938,0
12851,15664,0
12876,15606,0
12812,15518,0
12887,15711,0
12883,15639,0
12828,15623,1
12885,15662,0
12939,15939,0
12847,15665,0
12867,15563,0
11691,16261,0
11577,16387,1
11634,16369,0
11578,16320,0
11426,16494,0
11692,16399,0
11548,16348,0
11680,16365,0
11541,16373,0
11694,16263,0
11635,16369,0
11575,16318,0
11425,16495,0
11696,16397,0
11549,16347,0
11680,16366,0
11541,16373,1
12007,15739,0
11680,15809,1
11897,15761,0
11557,15817,0
11779,15750,0
11643,15801,0
11910,15845,0
11529,15714,0
11711,15719,0
12007,15739,1
11799,15720,0
11581,15815,0
11775,15738,0
11650,15801,0
11915,15839,0
11666,15758,0
11699,15693,0
11678,16335,0
11654,16272,0
11810,16062,1
11770,16107,0
11480,16413,0
11625,16288,0
11687,16311,0
11568,16403,0
11729,16119,0
11699,16280,0
11652,16274,0
11766,16107,0
11477,16417,0
11625,16288,1
11698,16326,0
11645,16322,0
11727,16118,0
11863,16430,0
11820,16428,0
11803,16234,0
11558,16642,0
11790,16521,0
11621,16590,0
11904,16381,1
11752,16539,0
11799,16314,0
11864,16482,0
11819,16427,0
11809,16225,0
11558,16642,0
11798,16532,0
11633,16581,0
11813,16479,0
11799,16314,1
11854,16422,0
11815,16231,0
11832,16218,1
11860,16178,0
11626,16555,0
11870,16417,0
11829,16332,0
11689,16490,0
11815,16224,0
11854,16422,1
11814,16227,0
11861,16176,0
11625,16558,0
11865,16412,0
11831,16334,0
11738,16444,0
11815,16226,0
10978,15444,0
10899,15563,0
10973,15402,0
10930,15521,0
10923,15692,0
10935,15657,1
10874,15575,0
10943,15470,0
10912,15607,0
10978,15450,0
10899,15561,0
10943,15403,1
10940,15519,0
10924,15694,0
10861,15666,0
10944,15467,0
10863,15660,0
11836,16520,0
11850,16571,0
11813,16461,0
11657,16495,1
11616,16604,0
11809,16622,0
11829,16572,0
11716,16627,0
11695,16519,0
11837,16527,0
11858,16556,0
11814,16461,0
11616,16604,1
11809,16623,0
11829,16573,0
11721,16623,0
11694,16524,0
11945,16419,1
11919,16263,0
11895,16314,0
11869,16245,0
11864,16643,0
11884,16264,0
11984,16433,0
11923,16380,0
11851,16183,0
11919,16261,1
11898,16310,0
11870,16245,0
11861,16672,0
11886,16264,0
12010,16440,0
11920,16404,0
11852,16183,0
11741,16472,0
11742,16382,0
11850,16302,0
11837,16341,0
11676,16657,0
11848,16417,0
11804,16323,0
11750,16514,0
11711,16475,1
11742,16471,0
11740,16380,0
11848,16301,0
11836,16341,0
11684,16639,0
11848,16417,1
11806,16324,0
11758,16481,0
12220,16189,0
12148,16234,0
12311,16288,1
12184,16251,0
12368,16522,0
12327,16410,0
12160,16312,0
12299,16379,0
12262,16353,0
12261,16188,0
12142,16219,0
12184,16251,1
12364,16517,0
12295,16363,0
12166,16339,0
12332,16343,0
12259,16346,0
11720,16418,0
11743,16395,0
11824,16264,0
11788,16297,0
11642,16565,0
11731,16430,0
11795,16328,1
11688,16555,0
11617,16407,0
11720,16418,0
11743,16395,0
11794,16319,0
11780,16313,0
11635,16586,0
11731,16430,1
11689,16551,0
11617,16407,0
11987,16307,0
11956,16411,0
11998,16356,0
11963,16301,1
11821,16640,0
11938,16470,0
11839,16571,0
11932,16303,0
11811,16441,0
11989,16311,0
11958,16411,0
11991,16358,0
11823,16659,0
11953,16478,0
11839,16571,1
11947,16310,0
11790,16431,0
11702,16364,0
11699,16354,0
11761,16194,0
11752,16181,0
11524,16479,1
11654,16412,0
11760,16553,0
11578,16466,0
11575,16370,0
11702,16365,0
11727,16324,0
11763,16196,0
11752,16180,0
11655,16413,0
11760,16545,0
11601,16417,1
11574,16368,0
11423,16238,0
11446,16162,0
11590,16091,0
11462,16116,0
11309,16293,0
11505,16314,0
11491,16151,1
11325,16311,0
11368,16210,0
11425,16240,0
11443,16157,0
11511,16140,0
11460,16119,0
11316,16296,0
11506,16318,0
11329,16308,0
11368,16210,1
11457,16141,0
11518,16076,0
11547,15951,0
11388,16365,0
11464,16160,1
11411,16217,0
11433,16104,0
11451,16304,0
11405,16239,0
11467,16120,0
11501,16079,0
11544,15950,0
11389,16366,0
11411,16217,1
11431,16103,0
11483,16219,0
11402,16241,0
11631,16386,0
11661,16390,0
11497,16514,0
11743,16289,0
11696,16403,0
11689,16288,0
11597,16463,1
11611,16304,0
11744,16231,0
11631,16386,1
11663,16389,0
11505,16519,0
11719,16316,0
11698,16405,0
11697,16317,0
11609,16302,0
11742,16233,0
12373,16368,0
12335,16458,0
12291,16763,0
12432,16475,0
12371,16556,0
12331,16616,0
12403,16526,0
12403,16642,1
12306,16431,0
12377,16369,0
12336,16455,0
12301,16735,0
12446,16510,0
12368,16567,1
12329,16632,0
12451,16553,0
12302,16423,0
11715,16349,0
11701,16376,0
11539,16567,0
11746,16350,0
11680,16380,1
11696,16374,0
11672,16517,0
11653,16335,0
11770,16228,0
11720,16354,0
11719,16347,0
11550,16549,0
11740,16354,1
11697,16374,0
11739,16498,0
11655,16337,0
11773,16229,0
12115,16323,0
12005,16620,0
12133,16300,0
12178,16286,0
11972,16592,0
12168,16332,0
12138,16588,0
12107,16371,1
12028,16423,0
12126,16325,0
12007,16619,0
12133,16300,1
12183,16287,0
12016,16621,0
12171,16333,0
12140,16581,0
12031,16395,0
11512,16257,0
11544,16233,1
11327,16405,0
11513,16150,0
11507,16287,0
11569,16255,0
11381,16337,0
11381,16242,0
11473,16257,0
11512,16257,1
11345,16389,0
11509,16146,0
11507,16288,0
11577,16265,0
11404,16299,0
11371,16236,0
11474,16256,0
11751,16095,0
11577,16414,0
11776,16246,0
11741,16216,1
11474,16332,0
11785,16437,0
11585,16449,0
11649,16326,0
11614,16179,0
11720,16122,0
11521,16480,0
11768,16252,0
11475,16327,0
11788,16442,0
11594,16464,0
11649,16326,1
11606,16182,0
11637,16345,0
11565,16571,0
11602,16403,0
11465,16559,0
11624,16377,0
11535,16371,0
11694,16464,1
11689,16441,0
11727,16452,0
11637,16345,0
11486,16622,0
11609,16409,0
11472,16555,0
11641,16383,0
11536,16371,0
11696,16420,0
11746,16465,1
11683,16199,0
11541,16455,0
11567,16316,1
11456,16417,0
11624,16399,0
11617,16361,0
11603,16410,0
11700,16219,0
11690,16464,0
11685,16198,0
11586,16435,0
11428,16461,0
11626,16438,0
11619,16365,0
11603,16410,1
11703,16217,0
11689,16473,0
11744,16372,0
11677,16591,0
11768,16215,0
11642,16513,0
11756,16344,0
11721,16482,0
11770,16260,1
11784,16351,0
11817,16481,0
11747,16376,0
11728,16535,0
11770,16211,0
11639,16509,0
11761,16350,0
11721,16480,0
11781,16346,0
11817,16481,1
11869,16385,0
11815,16704,0
11747,16694,0
11958,16465,0
11892,16427,0
11969,16407,1
11750,16645,0
11948,16301,0
11997,16435,0
11861,16378,0
11897,16544,0
11751,16689,0
11931,16510,0
11892,16427,1
11753,16637,0
11938,16305,0
12025,16462,0
11615,16383,0
11548,16526,1
11726,16233,0
11540,16449,0
11653,16380,0
11597,16373,0
11688,16303,0
11627,16339,0
11633,16298,0
11615,16383,0
11728,16231,0
11511,16519,0
11656,16379,0
11597,16373,1
11669,16328,0
11623,16337,0
11650,16272,0
11929,16215,0
12177,16551,0
12110,16287,0
12223,16573,0
12069,16365,0
12073,16352,0
12264,16583,0
12025,16301,0
12009,16327,1
11932,16218,0
12114,16465,0
12105,16276,0
12223,16573,0
12069,16365,1
12071,16360,0
12260,16588,0
12035,16317,0
11990,16440,0
11992,16569,0
11877,16270,0
11881,16712,0
11965,16467,0
11917,16484,0
11921,16478,0
12009,16356,1
11929,16357,0
11990,16440,0
11993,16561,0
11877,16273,0
11884,16708,0
11982,16464,0
11916,16486,0
11942,16478,0
11929,16357,1
12390,16005,0
12679,16224,0
12391,16121,1
12658,16301,0
12583,16149,0
12449,16248,0
12546,16405,0
12530,15947,0
12444,16022,0
12392,16003,0
12673,16184,0
12668,16294,0
12558,16159,0
12447,16253,0
12556,16387,0
12522,15991,1
12441,16025,0
11787,16359,0
11630,16476,0
11768,16261,0
11597,16543,1
11721,16386,0
11633,16384,0
11707,16364,0
11808,16261,0
11765,16357,0
11788,16361,0
11655,16448,1
11767,16261,0
11722,16387,0
11648,16421,0
11735,16363,0
11805,16262,0
11766,16358,0
12028,16287,0
12005,16510,0
11943,16414,0
12055,16441,0
12032,16398,0
12075,16392,0
11934,16501,1
12115,16349,0
11890,16296,0
12028,16287,1
12018,16485,0
11941,16401,0
12058,16442,0
12040,16398,0
12055,16379,0
12098,16339,0
11880,16298,0
11841,16413,0
11817,16607,1
11829,16245,0
11766,16607,0
11837,16429,0
11736,16459,0
11822,16367,0
11859,16427,0
11864,16382,0
11840,16417,0
11828,16245,0
11769,16603,1
11842,16430,0
11733,16459,0
11827,16362,0
11860,16424,0
11936,16406,0
12061,16177,0
11902,16265,0
12058,16706,0
12005,16425,0
12078,16464,0
12034,16358,0
12032,16649,0
11997,16308,1
11912,16384,0
12061,16177,1
11842,16335,0
12058,16706,0
12006,16428,0
12072,16480,0
12007,16354,0
12033,16645,0
11910,16378,0
11996,16459,0
11902,16608,1
11846,16493,0
11851,16616,0
11937,16469,0
11974,16453,0
11875,16566,0
11986,16326,0
11979,16407,0
12003,16463,0
11795,16449,0
11850,16619,0
11943,16473,0
11976,16454,0
11875,16566,1
11973,16329,0
11986,16411,0
12670,15797,0
12885,16145,0
12733,16068,1
12904,16380,0
12779,16072,0
12759,16105,0
12831,16094,0
12765,16195,0
12754,15956,0
12701,15782,0
12880,16130,1
12903,16364,0
12783,16079,0
12772,16091,0
12842,16103,0
12760,16193,0
12813,15944,0
11712,16350,1
11707,16522,0
11718,16328,0
11628,16614,0
11789,16350,0
11633,16389,0
11720,16467,0
11820,16283,0
11759,16261,0
11722,16490,0
11722,16320,0
11639,16599,0
11794,16353,0
11628,16387,0
11722,16467,0
11815,16279,0
11759,16261,1
11820,16160,0
11735,16563,0
11747,16259,0
11621,16488,1
11739,16339,0
11858,16314,0
11655,16556,0
11857,16261,0
11749,16294,0
11816,16161,0
11735,16563,1
11719,16227,0
11761,16345,0
11856,16299,0
11654,16535,0
11854,16264,0
11720,16284,0
12065,16427,0
11975,16660,0
12029,16458,0
11957,16640,0
11982,16440,1
11961,16570,0
12033,16522,0
12053,16443,0
12032,16431,0
12065,16427,1
12003,16607,0
12029,16455,0
11964,16642,0
11975,16537,0
12033,16506,0
12046,16452,0
12035,16432,0
12446,15712,1
12675,15903,0
12513,15844,0
12726,15892,0
12655,15778,0
12548,15917,0
12625,15716,0
12633,15942,0
12520,15806,0
12668,15897,0
12512,15801,0
12756,15917,0
12673,15760,0
12566,15951,0
12615,15697,0
12623,15957,0
12536,15779,1
11998,16334,0
12016,16031,0
11875,16097,0
11913,16086,0
11860,16039,0
11973,16058,0
11831,16167,1
12015,15985,0
11983,16122,0
11998,16304,0
12092,16022,0
11875,16097,1
11916,16130,0
11872,16048,0
11976,16064,0
11993,15997,0
11972,16106,0
11926,16247,0
12003,16083,0
11912,16043,0
11836,16160,0
11867,16064,1
11825,16139,0
11934,16023,0
11987,16063,0
11911,16143,0
11905,16249,0
12006,16082,0
11914,16046,0
11849,16173,0
11829,16136,0
11901,16255,0
11990,16060,1
11917,16126,0
11515,15964,0
11457,16018,0
11353,15746,0
11396,15917,0
11454,15896,0
11573,15956,0
11462,15981,0
11381,15830,1
11348,15841,0
11516,15968,0
11452,16021,0
11368,15757,0
11353,15853,0
11465,15895,0
11499,15924,0
11360,15973,0
11347,15839,1
12423,16316,0
12514,16339,0
12451,16354,0
12380,16359,0
12394,16394,1
12372,16394,0
12370,16361,0
12461,16346,0
12468,16359,0
12426,16316,1
12514,16314,0
12458,16337,0
12379,16354,0
12371,16389,0
12370,16360,0
12470,16340,0
12465,16336,0
11410,16606,0
11823,16678,0
11692,16896,0
11600,16535,1
11544,16700,0
11579,16544,0
11474,16491,0
11707,16459,0
11670,16592,0
11411,16604,0
11782,16638,0
11628,16900,0
11531,16686,0
11579,16533,0
11470,16493,0
11654,16447,1
11644,16586,0
11253,15340,0
10974,14888,0
11322,14929,0
11101,14948,0
10995,14922,0
11248,14866,0
11162,15039,0
11088,15289,0
11268,14888,1
11253,15340,1
11014,14818,0
11319,14949,0
11162,14874,0
11068,14886,0
11264,14845,0
11171,15048,0
11001,15202,0
11006,15996,0
10955,16015,0
10933,16025,0
10925,16190,0
11035,15938,0
10679,16033,0
10887,15989,0
11044,16015,0
10797,16049,1
11002,16000,0
10996,16001,0
10959,16006,0
10903,16160,0
11029,15942,0
10679,16033,1
10887,15989,0
11050,16014,0
12104,15692,0
11380,16109,0
11561,16124,1
11786,16147,0
11716,15976,0
11784,16206,0
11615,15978,0
11609,16153,0
11617,16022,0
12066,15799,0
11377,16112,0
11782,16149,0
11716,15973,0
11655,16181,0
11671,15991,0
11609,16153,1
11600,16010,0
11511,16045,1
11490,16196,0
11746,16135,0
11499,16219,0
11559,16213,0
11755,16218,0
11482,16241,0
11529,16148,0
11774,16166,0
11477,16178,0
11740,16130,0
11499,16182,0
11565,16151,1
11761,16218,0
11478,16240,0
11528,16135,0
11766,16173,0
11513,16647,0
11399,16448,0
11343,16430,0
11498,16737,0
11508,16528,1
11496,16726,0
11478,16461,0
11534,16406,0
11584,16443,0
11502,16659,1
11363,16477,0
11312,16414,0
11460,16687,0
11468,16621,0
11477,16460,0
11533,16407,0
11578,16440,0
11943,16390,0
11888,16650,1
11928,16310,0
11958,16416,0
11913,16541,0
11922,16477,0
12078,16409,0
12065,16475,0
12118,16429,0
11970,16417,0
11919,16313,0
11959,16415,0
11918,16543,0
11892,16419,0
12076,16417,0
12065,16475,1
12098,16438,0
12756,17290,0
12685,16926,0
12797,17046,0
12658,17134,0
12724,17029,1
12717,17315,0
12623,17030,0
12541,16946,0
12709,17036,0
12755,17288,0
12696,16880,0
12795,17037,0
12643,17162,0
12717,17315,0
12609,17019,0
12548,16943,0
12723,17043,1
11271,16562,0
11336,16705,0
11362,16792,1
11296,16705,0
11396,16757,0
11272,16519,0
11225,16535,0
11232,16569,0
11414,16708,0
11263,16550,0
11312,16691,0
11287,16701,0
11383,16764,0
11265,16516,0
11248,16506,1
11223,16595,0
11401,16673,0
11845,16737,1
11840,16828,0
11750,16803,0
11816,16722,0
11709,16702,0
11807,16733,0
11858,16667,0
11763,16651,0
11679,16772,0
11883,16869,1
11771,16787,0
11827,16728,0
11724,16704,0
11812,16736,0
11871,16666,0
11804,16756,0
11724,16766,0
13556,15021,0
13686,15017,0
13781,15280,1
13635,15264,0
13584,14985,0
13625,15330,0
13651,15347,0
13958,15250,0
13880,14997,0
13551,15025,0
13686,15017,1
13612,15285,0
13584,14985,0
13626,15325,0
13665,15349,0
13941,15260,0
13814,15079,0
13440,15592,0
13333,15946,0
13226,15940,0
13124,16246,0
13359,15733,0
12969,16224,0
13526,15684,0
13436,15911,0
13365,15903,1
13436,15598,0
13385,15948,0
13193,15973,0
13128,16246,0
13417,15836,0
12958,16249,0
13526,15687,0
13428,15930,1
11109,15128,0
11084,14880,1
11066,14864,0
11171,14934,0
11002,14942,0
11113,14905,0
11201,14995,0
11099,15041,0
10973,15029,0
11103,15137,0
11066,14864,1
11171,14936,0
11003,14943,0
11114,14909,0
11207,14995,0
11111,15018,0
11002,15034,0
11107,15148,0
11104,14983,0
11011,14910,0
11024,14976,0
10913,15002,0
11033,14953,1
11084,14901,0
11087,15039,0
10930,15113,0
11114,15152,0
11122,15026,0
11012,14908,0
11028,14981,0
10920,15003,0
11084,14901,0
11087,15039,1
10955,15109,0
12438,15427,0
12674,15426,0
12777,15313,0
12598,15470,0
12599,15443,0
12745,15355,0
12599,15457,0
12562,15340,1
12798,15341,0
12459,15390,0
12661,15391,0
12787,15304,0
12615,15469,1
12599,15441,0
12764,15294,0
12595,15459,0
12702,15346,0
11070,14859,0
11184,15016,0
11180,15069,0
11220,15071,0
10604,15019,0
11180,14993,0
11256,15116,1
11019,15031,0
10985,15002,0
11074,14858,0
11183,15008,0
11180,15065,0
11218,15071,0
10603,15019,1
11184,14994,0
11009,15025,0
11007,15007,0
12738,16478,0
12983,16761,1
12839,16433,0
12884,16569,0
13066,16797,0
12816,16579,0
12733,16576,0
12901,16593,0
13119,16699,0
12735,16477,0
12885,16413,1
12865,16539,0
13075,16792,0
12814,16576,0
12728,16568,0
12926,16562,0
13123,16641,0
7792,15356,0
11151,14877,1
11192,14906,0
11096,14862,0
10959,14857,0
11096,14828,0
10944,14653,0
11134,14936,0
11003,14870,0
7792,15356,0
11194,14902,0
11099,14862,0
10912,14859,0
11102,14829,0
10965,14646,0
11123,14925,0
11000,14895,1
11261,14453,0
11082,14551,0
11206,14495,1
11397,14679,0
11465,14743,0
11225,14496,0
11360,14535,0
11251,14514,0
11334,14585,0
11261,14456,0
11080,14563,0
11392,14681,0
11345,14645,1
11226,14491,0
11362,14530,0
11246,14522,0
11319,14580,0
11597,14806,1
11572,14584,0
11517,14503,0
11615,14615,0
11759,14748,0
11543,14787,0
11606,14679,0
11519,14780,0
11522,14793,0
11569,14594,0
11505,14481,0
11613,14624,0
11751,14777,0
11552,14805,0
11606,14679,1
11515,14735,0
11514,14790,0
10983,14808,0
10824,15017,0
10831,14844,0
10978,14780,0
11022,14875,0
10915,14817,0
10914,14822,1
10955,14826,0
10899,14841,0
10986,14812,0
10833,15026,0
10840,14779,0
10978,14780,1
11028,14887,0
10914,14816,0
10957,14827,0
10901,14842,0
11561,15202,1
11549,15031,0
11509,14913,0
11634,15101,0
11509,15126,0
11679,14912,0
11562,15091,0
11585,15015,0
11556,15078,0
11543,15034,0
11512,14915,0
11634,15101,1
11514,15095,0
11687,14901,0
11555,15115,0
11579,15015,0
11550,15024,0
11137,14887,0
10868,14980,0
10979,14919,0
11218,14980,0
11145,14938,0
11136,14898,0
11085,14827,0
11083,14922,1
11011,14835,0
11138,14889,0
10868,14980,0
10989,14923,0
11213,14987,0
11145,14943,0
11136,14898,1
11129,14863,0
11008,14853,0
11491,14940,1
11211,14986,0
11013,14844,0
11173,14851,0
11359,14927,0
11242,14896,0
11367,14960,0
11182,14922,0
11324,15048,0
11117,14972,0
10987,14839,1
11184,14859,0
11357,14936,0
11245,14887,0
11372,14963,0
11173,14880,0
11270,15143,0
10828,14630,0
10787,14844,0
10842,14747,0
10813,14663,0
10928,14741,0
10840,14763,0
10825,14701,0
10864,14714,0
10819,14772,1
10830,14631,0
10799,14822,0
10842,14747,0
10826,14663,0
10928,14741,0
10835,14760,0
10837,14669,1
10873,14714,0
11120,15119,0
10933,14952,0
10874,14960,0
10974,15061,0
11138,14905,1
11092,14953,0
11106,15036,0
11113,15093,0
11037,15006,0
11110,15132,0
10942,14957,0
10870,14955,0
10983,15060,0
11093,14944,0
11099,15077,0
11113,15093,1
11001,15018,0
11200,14547,0
10973,14646,0
11087,14501,0
11227,14573,0
11265,14634,0
11131,14536,0
11169,14543,0
11195,14540,0
11163,14518,1
11201,14548,0
10980,14644,0
11100,14511,0
11229,14579,0
11238,14634,0
11131,14535,0
11169,14543,1
11196,14541,0
11993,14919,0
11994,14843,0
12256,14898,0
11882,15108,1
11749,15065,0
11978,15017,0
11875,15132,0
12041,14998,0
11847,14970,0
11995,14916,0
11980,14851,0
12227,14926,1
11767,15070,0
11984,15018,0
11877,15173,0
12020,14991,0
11849,14975,0
11055,14922,0
11184,14833,0
10892,14932,0
11109,14933,0
10855,15003,0
10940,14975,0
11054,14945,0
11047,14917,1
11115,14944,0
11057,14928,0
11025,14927,0
10893,14927,0
11109,14933,1
10858,15000,0
10944,14983,0
11055,14947,0
11116,14944,0
11625,14996,0
11663,15008,0
11580,14622,0
11692,14879,0
11667,14622,1
11733,14970,0
11767,14697,0
11651,14830,0
11662,14884,0
11624,14996,0
11673,14943,0
11605,14659,0
11684,14880,1
11734,14944,0
11773,14691,0
11662,14776,0
11667,14875,0
11084,14739,0
11439,14712,0
11007,14811,0
11227,14823,0
10904,14867,0
11167,14792,0
11106,14844,1
11152,14753,0
11247,14823,0
11084,14739,1
11276,14748,0
11011,14801,0
11208,14828,0
10933,14863,0
11180,14805,0
11152,14746,0
11247,14825,0
11161,14998,0
11124,15078,0
11016,14782,0
11196,14910,0
10940,14828,0
11124,14883,0
11057,14984,1
11035,15097,0
11111,14799,0
11136,15011,1
11146,15027,0
11057,14819,0
11195,14913,0
10945,14856,0
11121,14894,0
11046,15102,0
11111,14791,0
11310,14541,0
11288,14535,0
11164,14450,0
11296,14505,0
11337,15038,0
11197,14455,0
11267,14528,0
11290,14477,1
11256,14503,0
11310,14542,0
11288,14551,0
11168,14453,0
11297,14505,0
11229,14933,0
11195,14461,0
11266,14530,0
11256,14503,1
11595,14649,0
11407,14387,0
11564,14617,0
11308,14380,0
11616,14395,0
11310,14493,1
11448,14485,0
11483,14733,0
11384,14467,0
11592,14645,0
11414,14395,0
11574,14633,0
11319,14392,0
11620,14404,0
11440,14487,0
11483,14733,1
11371,14475,0
11084,14964,1
11097,14995,0
10968,14949,0
11028,14920,0
10814,14975,0
11114,14941,0
11026,15020,0
11034,14963,0
11059,14900,0
11098,14996,0
11012,14972,0
11029,14920,0
10842,14972,0
11114,14941,1
11026,15022,0
11034,14962,0
11070,14886,0
11113,15053,0
11134,15058,0
10916,15005,0
11172,14996,0
10889,15078,0
11230,14987,0
11010,14969,0
11092,15005,1
11090,14946,0
11113,15054,0
11093,15076,0
10955,15025,0
11173,14996,0
10927,15071,1
11231,14987,0
11021,14977,0
11090,14946,0
12745,15105,0
12654,15036,0
12884,14921,0
12806,15141,0
12870,14805,0
12719,15119,1
12767,15016,0
12735,14868,0
12844,15020,0
12765,15114,0
12656,15038,0
12870,14944,1
12804,15146,0
12868,14803,0
12761,15012,0
12753,14873,0
12868,15029,0
11164,14998,1
11064,15016,0
10933,15003,0
11143,14991,0
10850,15016,0
11184,15035,0
11085,14999,0
11091,15027,0
11068,15013,0
11056,15022,0
10968,15019,0
11144,14990,0
10837,15019,0
11189,15036,0
11084,15002,0
11091,15027,1
11068,15012,0
12074,14935,0
12149,14652,0
12216,14727,0
11951,14551,0
12233,14754,0
11966,14728,0
12180,14627,0
12151,14726,0
12154,14735,1
12072,14935,1
12169,14604,0
12232,14712,0
11934,14552,0
12230,14765,0
11914,14727,0
12180,14630,0
12168,14704,0
10724,15065,0
10882,15125,0
10692,15218,1
10730,15119,0
10817,15374,0
10688,15079,0
10706,15151,0
10729,15176,0
10800,15156,0
10724,15063,0
10876,15121,0
10730,15116,0
10808,15353,0
10690,15078,0
10706,15151,1
10732,15176,0
10833,15157,0
11092,14855,0
10987,14992,0
10818,15028,0
11086,14988,0
10754,15169,0
11012,14904,0
11029,15014,0
10974,15082,0
10939,15021,1
11091,14854,0
11155,14852,0
10806,14970,0
11075,14961,1
10781,15157,0
10913,14988,0
11038,15008,0
10979,15096,0
10973,15201,0
11078,15177,0
10816,15294,0
10954,15166,0
10876,15310,0
11026,15196,1
10963,15255,0
10920,15196,0
10922,15253,0
10995,15170,0
11025,15223,0
10822,15264,0
10951,15163,0
10876,15310,0
10965,15258,0
10912,15186,0
10922,15253,1
11650,15983,0
11648,16136,1
11635,15934,0
11671,16307,0
11645,15953,0
11741,16174,0
11544,16125,0
11766,16013,0
11601,16141,0
11645,16001,0
11635,15931,0
11671,16309,1
11645,15946,0
11743,16173,0
11546,16138,0
11771,15998,0
11605,16130,0
11051,15078,0
10981,15093,0
10818,15123,0
11083,14969,0
10843,15196,0
10885,15169,0
11046,15050,0
10962,14979,0
10966,15056,1
11052,15080,0
10977,15102,0
10818,15105,1
11085,14967,0
10878,15173,0
10885,15176,0
11047,15049,0
10956,14973,0
11690,14995,0
11579,15028,0
11563,14785,0
11717,14869,0
11371,14821,0
11647,14859,0
11549,15031,0
11658,14818,0
11654,14978,1
11696,14982,1
11564,15010,0
11572,14792,0
11731,14884,0
11371,14821,0
11647,14861,0
11536,15025,0
11653,14833,0
11051,15092,1
11056,15122,0
10823,15121,0
11066,15049,0
10828,15202,0
11089,15167,0
11008,15165,0
11004,15079,0
11006,15017,0
11059,15121,0
10844,15114,0
11066,15048,0
10829,15204,0
11095,15182,0
10994,15169,0
11004,15079,1
11003,15013,0
11522,16268,0
11518,16509,0
11516,16453,0
11640,16731,0
11488,16390,0
11588,16573,0
11407,16512,1
11539,16540,0
11430,16637,0
11526,16267,0
11516,16506,0
11594,16422,0
11641,16732,0
11488,16387,0
11588,16573,1
11535,16533,0
11428,16633,0
11124,14767,0
11072,14769,0
10878,14745,1
10974,14695,0
10956,14781,0
11034,14693,0
11019,14716,0
11083,14743,0
11022,14731,0
11124,14767,1
11077,14764,0
10981,14686,0
10956,14782,0
11036,14691,0
11022,14714,0
11077,14731,0
11023,14734,0
11826,14315,0
11700,14310,0
11422,14159,0
11403,14251,0
11593,14193,0
11489,14246,0
11638,14176,1
11654,14415,0
11597,14286,0
11823,14329,0
11691,14301,0
11454,14122,0
11405,14252,0
11593,14193,1
11490,14248,0
11660,14387,0
11559,14153,0
11013,14968,0
10949,14995,0
10810,15085,0
10906,14950,0
10759,15122,0
10994,15047,0
10922,14972,0
10914,15021,1
10858,15001,0
11015,14970,0
10951,14999,0
10810,15085,1
10904,14945,0
10800,15073,0
11001,15070,0
10928,14975,0
10851,15000,0
11377,14990,0
11010,14942,0
11216,14928,0
11015,15056,1
11097,14797,0
10933,15029,0
11051,14947,0
11228,14997,0
11099,14868,0
11364,14990,0
11003,14902,0
11212,14915,0
11099,14799,0
10933,15029,1
11057,14943,0
11222,15028,0
11095,14870,0
11066,15977,0
10976,15966,0
10983,15930,0
10908,16008,0
11031,15858,0
10959,16016,1
10951,15954,0
11051,15987,0
11036,16097,0
11073,15977,0
10979,15964,0
10983,15926,0
10901,16001,0
11031,15851,0
10947,15940,0
11052,15987,1
11072,16088,0
11124,16038,0
11079,15876,0
11187,16047,0
11072,16025,1
11213,15886,0
11121,16058,0
11127,15995,0
11131,16078,0
11055,16090,0
11124,16038,1
11090,15821,0
11187,15995,0
11204,15882,0
11122,16058,0
11127,15995,0
11134,16079,0
11051,16074,0
11283,16026,1
11374,16000,0
11358,16000,0
11220,16058,0
11341,16081,0
11243,16113,0
11152,16113,0
11245,16099,0
11314,16071,0
11376,15998,0
11354,15993,0
11220,16058,1
11402,16072,0
11247,16122,0
11322,16017,0
11249,16106,0
11315,16070,0
11042,15822,0
11030,15710,0
10996,15820,0
10977,15785,0
11096,15735,1
10940,15864,0
10933,15753,0
11064,15859,0
11015,15864,0
11052,15820,0
11034,15692,0
10998,15812,0
10980,15763,0
10943,15864,0
10939,15747,0
11064,15859,1
11017,15872,0
11500,15857,0
11489,15819,1
11538,15948,0
11340,15852,0
11494,15756,0
11489,15984,0
11530,15934,0
11449,15906,0
11378,15968,0
11502,15858,0
11536,15955,0
11353,15851,0
11494,15755,0
11489,15984,1
11446,15922,0
11447,15903,0
11381,15986,0
11066,15521,0
11093,15406,1
11082,15568,0
10974,15441,0
11108,15575,0
11036,15424,0
11061,15449,0
11019,15478,0
10958,15536,0
11077,15543,0
11083,15564,0
10972,15439,0
11109,15583,0
11037,15426,0
11064,15447,0
11019,15478,1
10962,15540,0
11203,15659,0
11175,15669,0
11171,15614,0
11189,15626,0
11047,15702,0
11131,15638,1
10999,15665,0
11114,15522,0
11136,15672,0
11200,15659,0
11174,15666,0
11167,15595,0
11191,15616,0
11053,15720,0
11004,15662,0
11114,15522,1
11129,15673,0
11110,15695,0
11058,15605,1
11020,15748,0
11020,15667,0
11128,15762,0
11048,15753,0
11096,15697,0
11057,15735,0
11037,15830,0
11114,15698,0
11018,15746,0
11017,15664,0
11131,15759,1
11049,15754,0
11097,15696,0
11058,15735,0
11039,15832,0
11135,15502,0
11151,15508,0
11117,15494,0
11149,15634,0
11055,15488,1
11119,15582,0
11053,15480,0
11185,15715,0
11197,15590,0
11133,15501,0
11148,15503,1
11118,15493,0
11154,15633,0
11139,15571,0
11055,15477,0
11187,15713,0
11184,15596,0
11632,16328,0
11456,16278,1
11500,16354,0
11489,16303,0
11570,16133,0
11483,16325,0
11502,16281,0
11584,16350,0
11513,16408,0
11635,16328,0
11470,16340,0
11489,16302,0
11574,16189,0
11499,16320,0
11501,16282,0
11597,16350,0
11513,16408,1
11527,16247,0
11493,16213,1
11439,16241,0
11512,16251,0
11453,16359,0
11315,16444,0
11386,16275,0
11475,16265,0
11433,16311,0
11534,16261,0
11440,16226,0
11533,16247,0
11453,16359,1
11180,16654,0
11388,16282,0
11471,16287,0
11434,16311,0
11587,16352,0
11456,16296,0
11503,16283,0
11475,16327,0
11638,16354,0
11521,16368,0
11537,16355,0
11565,16304,0
11559,16339,1
11591,16358,0
11469,16236,0
11506,16276,0
11476,16319,0
11636,16360,0
11522,16369,0
11537,16355,1
11565,16304,0
13543,15213,0
13511,15185,0
13562,15207,1
13625,15163,0
13509,15137,0
13696,15132,0
13569,15114,0
13598,15277,0
13716,15154,0
13536,15219,0
13511,15188,0
13643,15161,0
13530,15032,0
13664,15148,0
13569,15114,1
13600,15281,0
13716,15151,0
11198,15829,0
11154,15757,0
11184,15855,0
11207,15789,0
11388,15666,0
11253,15757,1
11224,15773,0
11188,15843,0
11154,15898,0
11200,15833,0
11139,15696,0
11185,15854,0
11203,15784,1
11246,15762,0
11227,15771,0
11190,15842,0
11154,15899,0
11337,15612,0
11265,15690,0
11319,15660,0
11268,15710,1
11432,15732,0
11006,15756,0
11191,15721,0
11262,15589,0
11215,15565,0
11337,15617,0
11303,15696,0
11321,15659,0
11409,15777,0
11008,15753,0
11186,15720,0
11262,15589,1
11215,15563,0
11122,15855,0
11051,15803,0
11060,15867,0
11014,15884,0
11155,15887,1
11067,15974,0
11029,15963,0
11107,15922,0
11120,15950,0
11122,15855,1
11051,15801,0
11061,15864,0
10989,15875,0
11069,15974,0
11043,15902,0
11120,15929,0
11123,15951,0
11157,15660,1
11143,15518,0
11076,15557,0
11087,15598,0
11160,15677,0
11118,15651,0
11095,15577,0
11113,15672,0
10999,15788,0
11151,15511,0
11075,15555,0
11087,15598,0
11166,15675,0
11122,15647,0
11091,15574,0
11117,15677,0
11070,15814,1
11331,16005,0
11389,15918,0
11352,15957,0
11313,15977,0
11411,16030,1
11411,15975,0
11371,15928,0
11310,15977,0
11357,16001,0
11325,15998,0
11434,15878,0
11349,15955,0
11319,15971,0
11409,15990,0
11361,15919,0
11303,15985,0
11357,16001,1
11556,16275,0
11499,16192,0
11496,16222,0
11475,16223,0
11500,16250,0
11276,16408,1
11425,16260,0
11427,16092,0
11442,16152,0
11556,16274,0
11511,16193,0
11496,16206,0
11477,16223,0
11464,16222,0
11425,16260,1
11425,16087,0
11445,16159,0
11389,16069,0
11459,16040,1
11402,16160,0
11420,15968,0
11350,16161,0
11446,16018,0
11352,16036,0
11329,16030,0
11368,16130,0
11389,16070,0
11424,16142,0
11416,15964,0
11406,16150,0
11444,16014,0
11386,15998,0
11331,16032,0
11368,16130,1
11668,15989,0
11499,16042,1
11550,16061,0
11566,16125,0
11547,16056,0
11412,16069,0
11647,16082,0
11635,15960,0
11568,16012,0
11670,15985,0
11550,16061,1
11572,16131,0
11545,16059,0
11440,16057,0
11666,16086,0
11637,15951,0
11568,16011,0
11282,15920,1
11260,15947,0
11237,15962,0
11244,15922,0
11286,16005,0
11254,15933,0
11213,16024,0
11285,15909,0
11217,15994,0
11260,15947,1
11240,15959,0
11238,15915,0
11291,16009,0
11272,15935,0
11215,16021,0
11290,15912,0
11218,15995,0
11410,16017,0
11381,16106,0
11342,16238,0
11441,16195,0
11244,16077,1
11528,16487,0
11266,16309,0
11334,16165,0
11469,16209,0
11409,16016,0
11381,16106,1
11332,16223,0
11444,16191,0
11457,16436,0
11268,16306,0
11406,16218,0
11451,16225,0
12480,16559,0
12484,16500,0
12606,16594,0
12434,16475,0
12441,16550,0
12527,16537,1
12403,16467,0
12454,16542,0
12488,16490,0
12485,16562,0
12483,16499,0
12571,16567,0
12460,16414,0
12438,16549,0
12415,16468,0
12453,16542,0
12488,16490,1
12462,16036,0
12402,15998,0
12548,15863,0
12183,16257,0
12351,16016,0
12546,15940,0
12261,16310,0
12421,16138,0
12363,15992,1
12463,16037,0
12397,15999,0
12551,15840,0
12313,16128,0
12351,16016,1
12544,15939,0
12328,16138,0
12424,16139,0
11240,15972,0
11466,15949,1
11120,15966,0
11362,16020,0
11262,15969,0
11415,16027,0
11435,15945,0
11330,15955,0
11390,15970,0
11240,15972,0
11106,15975,0
11363,16023,0
11263,15968,1
11402,16014,0
11435,15944,0
11231,15973,0
11391,15969,0
11419,15765,0
11518,15850,0
11300,16086,0
11669,15983,0
11448,15931,1
11558,15923,0
11619,15751,0
11517,15825,0
11546,15742,0
11418,15764,0
11530,15812,0
11372,16006,0
11669,15983,1
11558,15885,0
11617,15750,0
11523,15827,0
11542,15748,0
11261,16007,0
11393,16076,1
11189,16098,0
11364,16083,0
11236,16041,0
11368,16073,0
11341,16039,0
11373,16019,0
11373,15988,0
11315,16012,1
11189,16104,0
11365,16087,0
11245,16040,0
11376,16078,0
11343,16039,0
11372,16003,0
11371,15984,0
11118,15789,0
11041,15977,0
11157,15853,0
11175,16019,0
11155,16061,0
11091,15976,0
11159,15765,1
11223,15814,0
11050,15963,0
11118,15789,1
10984,15937,0
11145,15852,0
11175,16016,0
11141,16033,0
11087,15978,0
11215,15806,0
11049,15960,0
11145,15632,0
11004,15759,0
11004,15708,0
11172,15690,0
11064,15697,0
11171,15661,0
11098,15611,0
11128,15624,0
11141,15671,1
11143,15637,0
10992,15731,0
11001,15710,0
11198,15706,0
11066,15680,0
11168,15660,1
11110,15629,0
11124,15610,0
11632,15197,0
11791,15272,0
11693,15197,0
11700,15591,0
11476,15474,0
11661,15311,0
11674,15256,0
11468,15270,1
11684,15437,0
11632,15197,0
11786,15289,0
11712,15193,0
11663,15565,0
11476,15474,1
11584,15388,0
11674,15247,0
11731,15428,0
11135,15508,0
11113,15588,0
10985,15584,0
11070,15584,0
11079,15599,0
11131,15667,0
11110,15589,0
11065,15557,0
11170,15576,1
11137,15534,0
11117,15582,0
10982,15583,0
11075,15586,0
11031,15628,0
11131,15667,1
11130,15616,0
11098,15569,0
11861,16077,0
11833,16328,0
11934,16157,0
11639,16259,0
11783,16176,0
11976,16204,0
11879,16131,0
11742,16153,0
11787,16103,1
11865,16085,0
11862,16239,0
11989,16177,1
11630,16257,0
11786,16176,0
11983,16198,0
11933,16238,0
11763,16163,0
11070,15281,0
11213,15415,0
10981,15300,0
11168,15443,0
11025,15274,0
11051,15369,0
11140,15370,0
11037,15291,0
11159,15392,1
11071,15281,0
11214,15416,0
10973,15297,0
11166,15446,0
11031,15282,0
11068,15385,0
11140,15370,1
11043,15276,0
11238,15269,0
11015,15256,0
11083,15188,1
10871,15316,0
11059,15237,0
10998,15213,0
11165,15301,0
11131,15177,0
11081,15227,0
11238,15276,0
11036,15257,0
10827,15369,0
11061,15238,1
11046,15237,0
11165,15308,0
11137,15188,0
11037,15237,0
10965,15357,0
10959,15363,0
10913,15457,0
10925,15397,1
10924,15443,0
10941,15540,0
10940,15348,0
10978,15401,0
10930,15376,0
10966,15360,0
10962,15361,0
10912,15464,0
10924,15443,1
10943,15538,0
10944,15345,0
10983,15396,0
10936,15387,0
11482,14188,1
11369,14076,0
10964,14775,0
11597,13836,0
11502,14022,0
11422,14073,0
11462,13943,0
11452,14049,0
11608,13992,0
11328,13975,1
11044,14691,0
11593,13836,0
11485,13994,0
11437,14009,0
11457,13937,0
11450,14045,0
11605,13989,0
10956,15361,0
10941,15393,0
10833,15409,1
10857,15443,0
10865,15391,0
10980,15513,0
11003,15349,0
10931,15534,0
10920,15446,0
10947,15384,0
10935,15425,0
10849,15451,0
10915,15358,0
10961,15524,0
11007,15427,0
10949,15524,0
10920,15446,1
11217,15729,0
10978,15840,0
11096,15728,0
10992,15862,0
11020,15791,1
10921,15587,0
11120,15824,0
11513,15897,0
11124,15817,0
11216,15726,0
11040,15849,0
11088,15752,1
10998,15887,0
10889,15627,0
11126,15824,0
11346,15903,0
11123,15811,0
11069,15107,0
10972,15213,0
10966,15089,0
10975,15180,0
10920,15131,0
11052,15141,0
11051,15092,0
11077,15099,1
10945,15190,0
11103,15108,0
10978,15213,0
10965,15086,0
10985,15145,1
10969,15179,0
11061,15144,0
11057,15093,0
10945,15195,0
12396,15100,0
12517,15158,0
12631,15373,0
12642,15177,0
12479,15184,1
12556,15072,0
12604,15134,0
12516,15058,0
12468,15148,0
12398,15099,0
12514,15158,0
12627,15302,0
12664,15143,0
12552,15068,0
12604,15134,1
12510,15060,0
12462,15150,0
11020,14576,0
11012,14703,1
10988,14645,0
10973,14663,0
10993,14699,0
11065,14620,0
11071,14618,0
10928,14548,0
10982,14554,0
11022,14579,0
11018,14677,0
10974,14665,0
10998,14695,1
11082,14649,0
11076,14623,0
10924,14544,0
10980,14553,0
10648,15165,0
10631,15368,0
10572,15499,0
10649,15386,0
10604,15330,0
10684,15266,0
10619,15338,1
10617,15342,0
10773,15277,0
10679,15206,0
10620,15357,0
10563,15492,0
10691,15363,0
10597,15327,0
10684,15266,1
10613,15345,0
10775,15277,0
10678,14962,0
10849,15310,0
10865,15258,0
10938,15242,0
10920,15201,0
10832,15184,1
10797,15288,0
10937,15258,0
10761,15231,0
10713,15060,0
10846,15313,0
10866,15259,0
10944,15245,0
10920,15201,1
10795,15265,0
10941,15261,0
10766,15227,0
11309,15520,0
11579,15439,0
11462,15573,1
11381,15525,0
11447,15557,0
11499,15475,0
11460,15503,0
11336,15538,0
11485,15460,0
11301,15521,0
11589,15440,0
11394,15561,0
11447,15557,1
11498,15476,0
11455,15506,0
11368,15522,0
11447,15471,0
10983,15241,0
10931,15335,1
10986,15235,0
11027,15354,0
10991,15271,0
10985,15318,0
10861,15238,0
10985,15364,0
10941,15284,0
10987,15236,0
10983,15229,0
11030,15374,0
10989,15264,0
10987,15317,0
10880,15206,0
10986,15368,0
10967,15327,1
12447,16112,0
12314,16339,0
12478,16228,1
12534,16146,0
12451,16123,0
12472,16147,0
12397,16330,0
12425,16101,0
12440,16216,0
12455,16120,0
12296,16368,0
12562,16172,0
12453,16125,1
12465,16137,0
12415,16203,0
12431,16171,0
12457,16231,0
10187,15243,0
10314,15215,0
10595,15194,0
10694,15177,0
10304,15304,1
10721,15303,0
10366,15205,0
10669,15091,0
10586,15111,0
10169,15193,0
10497,15149,0
10578,15208,0
10694,15195,0
10723,15298,0
10375,15202,1
10667,15063,0
10581,15102,0
10671,14999,0
10816,15167,0
10707,15106,1
10866,15149,0
10640,15084,0
10749,15033,0
10649,15153,0
10581,15082,0
10505,15163,0
10674,14996,0
10798,15186,1
10815,15106,0
10646,15079,0
10748,15032,0
10654,15140,0
10574,15090,0
10497,15158,0
11153,15893,0
11187,15849,0
11371,16112,1
11248,15964,0
11226,15814,0
11264,15937,0
11415,16031,0
11302,15912,0
11244,16010,0
11163,15882,0
11197,15844,0
11248,15964,0
11235,15820,0
11269,15931,0
11381,15990,1
11300,15904,0
11241,16014,0
10760,14790,1
10750,14912,0
10708,14879,0
10722,14858,0
10662,14852,0
10737,14961,0
10705,14904,0
10580,14870,0
10671,14876,0
10759,14912,0
10708,14878,0
10784,14840,0
10670,14849,0
10737,14958,0
10739,14858,0
10578,14867,0
10671,14876,1
11020,15542,0
11160,15645,0
11495,15729,0
11303,15575,0
11348,15509,0
11497,15760,1
11493,15539,0
11192,15657,0
11173,15631,0
11032,15511,0
11225,15701,1
11505,15727,0
11319,15538,0
11409,15480,0
11490,15528,0
11194,15635,0
11138,15633,0
10665,14708,0
10740,14879,0
10640,14786,0
10534,14868,1
10592,14764,0
10740,14818,0
10717,14780,0
10591,14729,0
10495,14791,0
10642,14699,0
10740,14879,0
10637,14787,0
10590,14765,0
10737,14816,0
10713,14774,0
10597,14724,0
10493,14793,1
10537,15722,0
10542,15872,0
10514,16093,0
10529,15908,0
10651,16014,0
10519,15927,0
10533,16106,0
10549,15861,0
10503,15930,1
10538,15719,0
10545,15868,0
10412,16133,1
10531,15908,0
10679,16074,0
10520,16005,0
10562,16114,0
10536,15852,0
10736,15032,0
10677,15275,0
10679,15102,1
10640,15139,0
10767,15277,0
10732,15173,0
12222,15327,0
10732,15024,0
10677,15275,0
10640,15139,0
10769,15270,1
10736,15172,0
12222,15327,0
10257,15505,0
10732,15512,0
10547,15353,0
10576,15350,0
10554,15468,0
10730,15421,0
10750,15508,0
10687,15459,0
10513,15582,1
10370,15450,0
10730,15522,0
10543,15357,0
10589,15337,0
10554,15468,1
10728,15411,0
10738,15506,0
10688,15456,0
11190,15688,0
11054,15709,0
10908,15583,0
11085,15672,0
10976,15618,0
10946,15554,1
10908,15618,0
10966,15499,0
11025,15760,0
11189,15691,0
11050,15712,0
10919,15576,0
11027,15694,0
10973,15623,0
10928,15650,0
10966,15499,1
11053,15785,0
10631,14982,0
10760,15188,0
10814,15087,0
10689,14984,0
10604,15059,0
10720,15086,0
10660,15112,0
10658,15122,0
10485,15173,1
10611,14996,0
10735,15212,0
10797,15068,0
10661,14983,0
10604,15058,0
10714,15104,0
10656,15110,1
10661,15113,0
10957,15882,0
10899,16072,0
10928,16258,0
10984,15989,0
10968,16143,0
10944,16314,1
10950,16180,0
11026,16254,0
10924,16030,0
10963,15881,0
10898,16063,0
10913,16269,0
10997,16118,0
10973,16143,0
10898,16133,0
11021,16242,0
10928,16019,1
10681,14863,0
10751,15088,0
10736,14923,1
10839,14882,0
10650,14926,0
10785,14995,0
10716,15028,0
10782,14945,0
10589,14939,0
10650,14877,0
10751,15088,0
10813,14870,0
10657,14924,0
10787,14990,0
10640,14959,0
10787,14952,0
10566,14952,1
11076,15888,0
10888,15948,0
10976,16028,0
10845,16003,0
10962,16055,0
11095,16185,0
11252,16153,1
11040,16125,0
10905,16058,0
11215,15999,0
10970,16012,0
10989,16027,0
10848,16005,0
10962,16055,1
11126,16215,0
11048,16131,0
11015,16044,0
10729,14781,0
10827,14986,0
10599,14950,0
10766,14868,0
10663,14880,1
10703,14894,0
10716,14950,0
10812,14861,0
10780,14837,0
10724,14781,0
10830,14987,0
10595,14952,0
10743,14864,1
10696,14848,0
10650,14904,0
10820,14860,0
10815,14841,0
11290,15059,0
11382,15090,0
11600,15235,0
11558,15126,1
11443,15017,0
11533,15091,0
11494,15093,0
11701,15102,0
11537,15029,0
11300,15046,0
11480,15043,0
11596,15252,0
11517,15022,0
11544,15090,0
11550,15132,0
11556,15065,0
11516,14996,1
10686,15184,0
10766,15282,0
10942,15213,1
10974,15315,0
10800,15074,0
11030,15260,0
10953,15245,0
10550,15144,0
10935,15191,0
10677,15175,0
10781,15275,1
10972,15314,0
10752,15099,0
11042,15260,0
10927,15243,0
10558,15140,0
10991,15202,0
10736,15205,0
10766,15252,0
10962,15253,0
10953,15214,0
10735,15096,0
10912,15182,0
10904,15218,1
10957,15223,0
10590,15086,0
10680,15172,1
10769,15260,0
10958,15237,0
10972,15216,0
10731,15095,0
10915,15185,0
10958,15219,0
10528,15124,0
11159,15521,0
11580,15618,0
11527,15747,0
11271,15403,0
11319,15480,0
11364,15452,0
11270,15539,0
11397,15572,0
11188,15630,1
11160,15519,0
11428,15532,0
11529,15758,0
11312,15343,0
11327,15474,0
11361,15452,0
11270,15539,1
11393,15582,0
10717,15406,0
10808,15461,0
10896,15362,0
10995,15440,0
10726,15253,0
10930,15437,0
10878,15344,0
10498,15525,0
10845,15296,1
10643,15463,0
10797,15467,1
10895,15360,0
10949,15495,0
10615,15368,0
10932,15437,0
10843,15324,0
10493,15525,0
11289,15685,0
11550,15320,0
11562,15506,1
11349,15390,0
11314,15283,0
11359,15548,0
11387,15253,0
11316,15292,0
11429,15572,0
11289,15685,1
11422,15417,0
11374,15333,0
11345,15224,0
11371,15561,0
11384,15258,0
11318,15297,0
11427,15565,0
10661,15032,0
10878,15095,0
10893,15024,0
10967,15071,1
10667,15040,0
10997,15116,0
10910,15120,0
10913,15081,0
10921,14985,0
10594,15014,1
10894,15102,0
10883,15014,0
10565,15097,0
10999,15120,0
10911,15129,0
10920,15086,0
10933,14997,0
11138,16184,0
11050,16301,0
10959,16026,1
11084,15893,0
10971,16037,0
11077,15983,0
10889,15962,0
10913,16076,0
10996,15937,0
10978,16083,0
11050,16301,1
11084,15895,0
10955,16019,0
11061,15983,0
10870,15959,0
10911,16079,0
10996,15933,0
10774,15057,0
10929,15134,0
10971,15102,1
11084,15026,0
10804,15006,0
10998,15133,0
10958,15143,0
10977,15135,0
11014,15118,0
10758,15052,0
10932,15140,0
11054,15081,1
10728,15020,0
10998,15128,0
10960,15143,0
10977,15130,0
11013,15121,0
11237,15701,0
11102,16071,1
11154,15840,0
11164,15783,0
11146,15615,0
11225,15856,0
11352,15844,0
11115,15857,0
11130,15752,0
11246,15703,0
11154,15840,1
11167,15783,0
11212,15737,0
11258,15856,0
11337,15824,0
11121,15865,0
11131,15759,0
10703,15069,1
10718,15181,0
10782,14990,0
10909,14817,0
10610,15026,0
10874,14863,0
10860,14928,0
10777,14949,0
10866,14972,0
10716,15213,0
10786,14983,0
10942,14832,1
10562,15135,0
10875,14871,0
10843,14958,0
10789,14951,0
10866,14973,0
11265,15243,0
11431,14991,0
11633,14887,0
11426,15102,0
11393,15115,0
11791,15093,0
11478,15157,0
11602,15215,1
11439,15215,0
11268,15238,0
11454,15026,0
11634,14886,0
11378,15151,1
11392,15115,0
11622,15131,0
11476,15157,0
11527,15251,0
10692,15143,0
10751,15220,0
10837,15092,0
10890,15053,0
10731,15069,1
10846,15107,0
10869,15116,0
10865,15115,0
10907,15093,0
10630,15151,0
10780,15191,0
10838,15091,0
10891,15054,0
10848,15106,0
10871,15114,0
10879,15124,0
10922,15133,1
11128,15845,0
11548,15837,0
11505,15791,0
11330,15774,0
11313,15553,0
11278,15804,0
11328,15829,0
11348,15816,0
11351,15842,1
11128,15845,1
11491,15827,0
11508,15790,0
11261,15771,0
11315,15549,0
11280,15826,0
11329,15834,0
11345,15820,0
10788,15090,0
10917,15145,0
10982,15091,0
11011,15109,0
10793,15011,0
10997,15174,0
10919,15078,0
10953,15111,1
10946,15100,0
10764,15086,0
10917,15145,0
10983,15091,0
11010,15110,0
10670,15017,0
10997,15174,1
10951,15137,0
10946,15100,0
11258,15659,0
11518,15644,0
11541,15653,0
11313,15638,0
11328,15634,0
11279,15525,0
11380,15707,1
11307,15573,0
11193,15596,0
11254,15655,0
11505,15649,0
11544,15655,0
11312,15633,0
11328,15634,1
11279,15523,0
11305,15543,0
11198,15597,0
10720,15281,0
10816,15327,1
10947,15223,0
11007,15162,0
10762,15124,0
10914,15278,0
10896,15279,0
10947,15249,0
10958,15212,0
10678,15268,0
10927,15234,0
11008,15163,0
10650,15232,0
10914,15278,1
10898,15279,0
10928,15227,0
10949,15212,0
11193,16038,0
11583,15912,1
11566,16028,0
11395,15941,0
11288,15820,0
11254,15968,0
11342,16142,0
11308,15934,0
11323,16009,0
11194,16038,0
11566,16028,0
11324,15939,0
11288,15820,1
11265,15962,0
11337,16127,0
11316,15934,0
11325,15990,0
10725,14754,0
10785,14912,0
10818,14740,0
10848,14695,0
10658,14712,1
10774,14745,0
10744,14725,0
10499,14859,0
10581,14762,0
10698,14755,0
10844,14901,1
10849,14745,0
10851,14685,0
10816,14749,0
10799,14729,0
10498,14862,0
10689,14709,0
10939,15567,0
11208,15662,0
11357,15788,0
11102,15593,0
11067,15633,0
11315,15485,0
11083,15636,1
11076,15609,0
10976,15588,0
10941,15564,0
11223,15654,0
11353,15776,0
11100,15597,0
11076,15636,0
11315,15485,1
11077,15605,0
10991,15555,0
10757,15010,0
10854,15118,0
10935,15021,0
10965,15068,0
10709,14964,1
10962,15098,0
10902,15050,0
10929,15084,0
10929,15046,0
10717,14994,0
10856,15123,0
10934,15017,0
10966,15072,0
10970,15096,1
10904,15049,0
10925,15073,0
10952,15074,0
10914,15843,0
11094,15858,0
11195,16103,0
11054,15886,0
10928,15786,0
10916,15949,0
10896,15882,0
11016,15928,0
10956,15849,1
10909,15847,0
11077,15843,0
11195,16103,1
11004,15858,0
10926,15787,0
10915,15956,0
10893,15879,0
11009,15927,0
11013,14550,0
10703,14553,0
11049,14643,1
11246,14572,0
10926,14405,0
11184,14673,0
10904,14431,0
10640,14571,0
10859,14442,0
11001,14550,0
10691,14564,0
11249,14575,0
10940,14390,0
11187,14693,1
10911,14431,0
10638,14574,0
10979,14447,0
11351,14978,0
11573,15182,0
11580,15261,0
11278,14998,1
11404,15024,0
11496,14946,0
11415,14960,0
11388,15037,0
11425,14946,0
11346,14984,1
11557,15186,0
11577,15265,0
11411,15038,0
11494,14941,0
11417,14959,0
11382,15033,0
11365,15033,0
10779,14918,0
10980,15042,0
10979,14992,0
10611,14779,0
10649,14696,0
10950,14947,0
10839,14800,0
10513,14853,0
10706,14720,1
10770,14914,0
10976,15042,0
10981,14992,0
10611,14779,1
10632,14744,0
10946,14910,0
10848,14827,0
10511,14852,0
11406,14911,0
11656,14563,0
11577,14644,0
11410,14760,0
11474,14735,0
10296,15276,0
11416,14699,0
11564,14750,1
11361,14844,0
11403,14911,0
11674,14569,0
11604,14608,0
11410,14760,1
11471,14734,0
10437,15162,0
11409,14694,0
11363,14849,0
