log_id,time_s,aspect,event,agent,respawn_after_s (death) / first_orb_after_s (breakbar_broken)
20260929-230342,2.997,Staff,spawn,890,
20260929-230929,2.998,Staff,spawn,8a1,
20260929-230929,124.11,Staff,death,8a1,40
20260929-230929,159.756,Spear,spawn,8f6,
20260929-230929,164.11,Staff,spawn,8f9,
20260929-230929,249.554,Spear,death,8f6,
20260929-231520,2.996,Staff,spawn,946,
20260929-231520,45.717,Staff,breakbar_broken,946,1.997
20260929-231520,47.714,Staff,death,946,40.002
20260929-231520,87.716,Staff,spawn,96b,
20260929-231520,139.876,Spear,spawn,97e,
20260929-231520,178.554,Staff,death,96b,39.988
20260929-231520,199.917,Spear,breakbar_broken,97e,2.109
20260929-231520,207.27,Spear,death,97e,39.998
20260929-231520,218.542,Staff,spawn,9ab,
20260929-231520,247.268,Spear,spawn,9b1,
20260929-232028,3.002,Staff,spawn,a6a,
20260929-232028,93.038,Staff,death,a6a,40.006
20260929-232028,133.044,Staff,spawn,b41,
20260929-232028,137.398,Spear,spawn,b48,
20260929-232028,181.981,Staff,breakbar_broken,b41,2.101
20260929-232028,185.04,Staff,death,b41,
20260929-232602,2.997,Staff,spawn,c4d,
20260929-232602,35.079,Staff,death,c4d,40
20260929-232602,75.079,Staff,spawn,cc8,
20260929-232602,111.428,Staff,breakbar_broken,cc8,1.887
20260929-232602,112.073,Staff,death,cc8,39.998
20260929-232602,152.071,Staff,spawn,d4c,
20260929-232602,152.835,Spear,spawn,d50,
20260929-232602,191.328,Spear,breakbar_broken,d50,2.181
20260929-232602,192.755,Spear,death,d50,39.998
20260929-232602,196.228,Staff,breakbar_broken,d4c,2.005
20260929-232602,202.909,Staff,death,d4c,39.998
20260929-232602,232.753,Spear,spawn,dc0,
20260929-232602,242.907,Staff,spawn,dc5,
20260929-233227,2.997,Staff,spawn,dd7,
20260929-233227,32.462,Staff,breakbar_broken,dd7,1.971
20260929-233227,35.077,Staff,death,dd7,39.994
20260929-233227,75.071,Staff,spawn,de2,
20260929-233227,108.595,Staff,death,de2,39.994
20260929-233227,137.631,Spear,spawn,deb,
20260929-233227,148.589,Staff,spawn,dee,
20260929-233227,174.537,Spear,death,deb,39.968
20260929-233227,193.962,Staff,breakbar_broken,dee,1.905
20260929-233227,197.827,Staff,death,dee,40.002
20260929-233227,214.505,Spear,spawn,dff,
20260929-233227,237.829,Staff,spawn,e03,
20260929-233952,3,Staff,spawn,eea,
20260929-233952,41.758,Staff,death,eea,39.998
20260929-233952,81.756,Staff,spawn,f0c,
20260929-233952,137.842,Staff,death,f0c,39.998
20260929-233952,155.41,Spear,spawn,f34,
20260929-233952,177.84,Staff,spawn,f3d,
20260929-233952,186.672,Spear,death,f34,40.004
20260929-233952,226.676,Spear,spawn,f54,
20260929-233952,244.032,Staff,death,f3d,
20260929-234806,3.002,Staff,spawn,f67,
20260929-234806,47.143,Staff,breakbar_broken,f67,2.093
20260929-234806,47.156,Staff,death,f67,40.002
20260929-234806,87.158,Staff,spawn,f8b,
20260929-234806,139.91,Staff,death,f8b,40
20260929-234806,168.041,Spear,spawn,faf,
20260929-234806,179.91,Staff,spawn,fb4,
20260929-234806,209.243,Spear,breakbar_broken,faf,1.909
20260929-234806,211.716,Spear,death,faf,39.994
20260929-234806,240.906,Staff,death,fb4,40.004
20260929-234806,251.71,Spear,spawn,fd4,
20260929-234806,280.91,Staff,spawn,fdf,
20260929-235415,3.004,Staff,spawn,10a6,
20260929-235415,79.523,Staff,breakbar_broken,10a6,1.993
20260929-235415,80.52,Staff,death,10a6,39.996
20260929-235415,120.516,Staff,spawn,10b7,
20260929-235415,136.516,Spear,spawn,10bb,
20260929-235415,183.394,Staff,death,10b7,40.008
20260929-235415,185.394,Spear,death,10bb,39.996
20260929-235415,223.402,Staff,spawn,10ce,
20260929-235415,225.39,Spear,spawn,10cf,
20260929-235848,2.997,Staff,spawn,10d9,
20260929-235848,107.601,Staff,death,10d9,39.998
20260929-235848,133.237,Spear,spawn,10ed,
20260929-235848,147.599,Staff,spawn,10f0,
20260929-235848,198.414,Spear,breakbar_broken,10ed,2.015
20260929-235848,203.471,Spear,death,10ed,
20260930-000603,3.001,Staff,spawn,11b9,
20260930-000603,129.999,Staff,death,11b9,39.994
20260930-000603,132.235,Spear,spawn,11d3,
20260930-000603,169.993,Staff,spawn,11de,
20260930-000603,196.534,Spear,breakbar_broken,11d3,1.979
20260930-000603,221.111,Spear,death,11d3,39.998
20260930-000603,248.633,Staff,breakbar_broken,11de,2.156
20260930-000603,261.109,Spear,spawn,11ee,
20260930-002046,3.004,Staff,spawn,11f5,
20260930-002046,92.511,Staff,breakbar_broken,11f5,2.013
20260930-002046,94.8,Staff,death,11f5,39.996
20260930-002046,133.404,Spear,spawn,120d,
20260930-002046,134.796,Staff,spawn,120f,
20260930-002046,198.511,Staff,breakbar_broken,120f,2.165
20260930-002046,201.158,Staff,death,120f,39.988
20260930-002046,201.8,Spear,death,120d,39.988
20260930-002046,241.146,Staff,spawn,121f,
20260930-002046,241.788,Spear,spawn,1220,
20260930-002947,3.004,Staff,spawn,122c,
20260930-002947,135.476,Spear,spawn,123e,
20260930-002947,139.305,Staff,breakbar_broken,122c,2.171
20260930-002947,140.078,Staff,death,122c,39.998
20260930-002947,180.076,Staff,spawn,124f,
20260930-002947,182.905,Spear,breakbar_broken,123e,2.171
20260930-002947,183.64,Spear,death,123e,39.99
20260930-002947,223.63,Spear,spawn,1257,
20260930-002947,242.476,Staff,death,124f,39.994
20260930-002947,282.47,Staff,spawn,1260,
20260930-002947,308.63,Spear,death,1257,39.992
20260930-002947,348.622,Spear,spawn,1266,
20260930-002947,414.468,Sword,spawn,126f,
20260930-002947,449.864,Spear,death,1266,39.998
20260930-002947,455.62,Staff,death,1260,
20260930-002947,489.862,Spear,spawn,1284,
20260930-003645,3,Staff,spawn,1288,
20260930-003645,128.769,Staff,breakbar_broken,1288,1.907
20260930-003645,132.392,Staff,death,1288,40.004
20260930-003645,133.76,Spear,spawn,129f,
20260930-003645,172.396,Staff,spawn,12a9,
20260930-003645,199.869,Spear,breakbar_broken,129f,2.005
20260930-003645,199.99,Spear,death,129f,39.994
20260930-003645,239.984,Spear,spawn,12b7,
20260930-004322,2.996,Staff,spawn,12c0,
20260930-004322,128.634,Spear,spawn,12d5,
20260930-004322,155.99,Staff,death,12c0,40
20260930-004322,195.99,Staff,spawn,12e2,
20260930-004322,213.343,Spear,breakbar_broken,12d5,2.129
20260930-004322,213.392,Spear,death,12d5,39.996
20260930-004322,253.388,Spear,spawn,12ee,
20260930-004322,294.743,Staff,breakbar_broken,12e2,2.121
20260930-004322,307.184,Staff,death,12e2,40.004
20260930-004322,331.743,Spear,breakbar_broken,12ee,1.959
20260930-004322,334.706,Spear,death,12ee,
20260930-004322,347.188,Staff,spawn,12fd,
20260930-004322,351.624,Sword,spawn,1301,
20260930-004948,2.999,Staff,spawn,130c,
20260930-004948,129.924,Staff,breakbar_broken,130c,2.115
20260930-004948,133.113,Staff,death,130c,39.994
20260930-004948,134.315,Spear,spawn,1323,
20260930-004948,173.107,Staff,spawn,1330,
20260930-004948,203.667,Spear,death,1323,40.004
20260930-004948,243.671,Spear,spawn,133d,
20260930-010007,2.998,Staff,spawn,1415,
20260930-010007,135.316,Spear,spawn,143e,
20260930-010007,191.535,Spear,breakbar_broken,143e,1.985
20260930-010007,193.476,Spear,death,143e,39.994
20260930-010007,200.435,Staff,breakbar_broken,1415,2.121
20260930-010007,211.756,Staff,death,1415,40.002
20260930-010007,233.47,Spear,spawn,1462,
20260930-010007,251.758,Staff,spawn,1467,
20260930-010656,2.995,Staff,spawn,1470,
20260930-010656,135.199,Spear,spawn,148a,
20260930-010656,225.626,Staff,breakbar_broken,1470,2.043
20260930-010656,226.726,Spear,breakbar_broken,148a,1.939
20260930-010656,227.191,Spear,death,148a,39.998
20260930-010656,234.151,Staff,death,1470,39.998
20260930-010656,267.189,Spear,spawn,14a9,
20260930-010656,274.149,Staff,spawn,14ac,
20260930-011344,2.996,Staff,spawn,14bd,
20260930-011344,141.556,Spear,spawn,14d6,
20260930-011344,169.754,Staff,death,14bd,40.002
20260930-011344,197.03,Spear,death,14d6,39.998
20260930-011344,209.756,Staff,spawn,14e8,
20260930-011344,237.028,Spear,spawn,14ed,
20260930-011934,2.998,Staff,spawn,14f8,
20260930-011934,60.806,Staff,death,14f8,39.994
20260930-011934,100.8,Staff,spawn,150a,
20260930-011934,140.564,Spear,spawn,1514,
20260930-011934,177.318,Staff,death,150a,39.996
20260930-011934,217.314,Staff,spawn,1527,
20260930-011934,226.838,Spear,death,1514,
20260930-012807,2.994,Staff,spawn,1537,
20260930-012807,144.392,Spear,spawn,1553,
20260930-012807,162.472,Staff,death,1537,39.998
20260930-012807,202.47,Staff,spawn,1562,
20260930-012807,204.224,Spear,death,1553,40.004
20260930-012807,244.228,Spear,spawn,156d,
20260930-012807,281.697,Staff,breakbar_broken,1562,2.095
20260930-012807,286.822,Staff,death,1562,39.998
20260930-012807,309.697,Spear,breakbar_broken,156d,2.087
20260930-012807,326.82,Staff,spawn,1580,
20260930-012807,334.466,Spear,death,156d,
20260930-013625,2.994,Staff,spawn,1587,
20260930-013625,103.322,Staff,death,1587,39.986
20260930-013625,132.476,Spear,spawn,159e,
20260930-013625,143.308,Staff,spawn,15a2,
20260930-013625,197.301,Spear,breakbar_broken,159e,2.129
20260930-013625,204.232,Spear,death,159e,39.996
20260930-013625,244.228,Spear,spawn,15b6,
20260930-013625,298.801,Staff,breakbar_broken,15a2,1.903
20260930-013625,302.828,Staff,death,15a2,39.996
20260930-013625,342.824,Staff,spawn,15c9,
20260930-014701,3.001,Staff,spawn,15d0,
20260930-014701,126.559,Staff,death,15d0,39.996
20260930-014701,135.437,Spear,spawn,15e4,
20260930-014701,166.555,Staff,spawn,15eb,
20260930-014701,193.386,Spear,breakbar_broken,15e4,2.093
20260930-014701,194.643,Spear,death,15e4,39.986
20260930-014701,234.629,Spear,spawn,15f8,
20260930-014701,336.086,Spear,breakbar_broken,15f8,2.023
20260930-014701,336.393,Spear,death,15f8,39.988
20260930-014701,338.267,Staff,death,15eb,39.996
20260930-014701,376.381,Spear,spawn,160f,
20260930-014701,378.263,Staff,spawn,1611,
20260930-014701,392.425,Sword,spawn,1617,
20260930-015718,2.999,Staff,spawn,1632,
20260930-015718,131.633,Spear,spawn,1649,
20260930-015718,153.992,Staff,breakbar_broken,1632,2.163
20260930-015718,167.075,Staff,death,1632,39.99
20260930-015718,187.792,Spear,breakbar_broken,1649,1.959
20260930-015718,189.871,Spear,death,1649,40.002
20260930-015718,207.065,Staff,spawn,165d,
20260930-015718,229.873,Spear,spawn,1660,
20260930-015718,293.189,Staff,death,165d,39.996
20260930-015718,304.183,Spear,death,1660,40.004
20260930-015718,321.623,Sword,spawn,1674,
20260930-015718,333.185,Staff,spawn,1677,
20260930-015718,344.187,Spear,spawn,167a,
20260930-020654,3.002,Staff,spawn,1688,
20260930-020654,129.075,Staff,breakbar_broken,1688,2.121
20260930-020654,131.718,Staff,death,1688,39.998
20260930-020654,138.722,Spear,spawn,16a3,
20260930-020654,171.716,Staff,spawn,16ac,
20260930-020654,218.79,Spear,death,16a3,40.008
20260930-020654,258.798,Spear,spawn,16bf,
20260930-020654,278.875,Staff,breakbar_broken,16ac,2.115
20260930-020654,288.868,Staff,death,16ac,39.996
20260930-020654,310.175,Spear,breakbar_broken,16bf,2.135
20260930-020654,312.72,Sword,spawn,16d2,
20260930-020654,314.948,Spear,death,16bf,40
20260930-020654,328.864,Staff,spawn,16d5,
20260930-020654,354.948,Spear,spawn,16dd,
20260930-020654,397.075,Sword,breakbar_broken,16d2,1.953
20260930-020654,433.07,Sword,death,16d2,39.996
20260930-020654,459.675,Staff,breakbar_broken,16d5,1.509
20260930-020654,461.582,Spear,death,16dd,39.998
20260930-020654,465.068,Staff,death,16d5,39.99
20260930-020654,473.066,Sword,spawn,16f8,
20260930-020654,501.58,Spear,spawn,16fe,
20260930-020654,505.058,Staff,spawn,16ff,
20260930-130931,3.003,Staff,spawn,8aa,
20260930-130931,126.319,Spear,spawn,8b6,
20260930-130931,152.496,Staff,breakbar_broken,8aa,1.937
20260930-130931,159.279,Staff,death,8aa,39.99
20260930-130931,187.597,Spear,breakbar_broken,8b6,2.036
20260930-130931,189.195,Spear,death,8b6,39.996
20260930-130931,199.269,Staff,spawn,8c7,
20260930-130931,229.191,Spear,spawn,8cb,
20260930-130931,279.796,Staff,breakbar_broken,8c7,2.113
20260930-131331,2.998,Staff,spawn,8d6,
20260930-131331,130.352,Spear,spawn,8e5,
20260930-131331,164.51,Staff,death,8d6,40
20260930-131331,204.51,Staff,spawn,8f5,
20260930-131748,2.999,Staff,spawn,8fb,
20260930-131748,125.159,Staff,death,8fb,39.996
20260930-131748,133.241,Spear,spawn,907,
20260930-131748,165.155,Staff,spawn,90f,
20260930-131748,172.909,Spear,death,907,40.002
20260930-131748,212.911,Spear,spawn,916,
20260930-131949,3.003,Staff,spawn,91e,
20260930-132907,3.002,Staff,spawn,92a,
20260930-132907,109.992,Staff,death,92a,39.996
20260930-132907,132.88,Spear,spawn,93a,
20260930-132907,149.988,Staff,spawn,93e,
20260930-132907,180.017,Spear,breakbar_broken,93a,2.093
20260930-132907,181.19,Spear,death,93a,40.002
20260930-132907,215.228,Staff,death,93e,40.004
20260930-132907,221.192,Spear,spawn,950,
20260930-132907,255.232,Staff,spawn,954,
20260930-132907,274.617,Spear,breakbar_broken,950,1.893
20260930-132907,275.746,Spear,death,950,40
20260930-132907,315.746,Spear,spawn,95b,
20260930-132907,330.017,Staff,breakbar_broken,954,1.967
20260930-132907,333.873,Sword,spawn,965,
20260930-132907,338.144,Staff,death,954,40.002
20260930-132907,378.146,Staff,spawn,96a,
20260930-132907,414.217,Spear,breakbar_broken,95b,2.047
20260930-132907,415.938,Spear,death,95b,40.004
20260930-132907,418.817,Sword,breakbar_broken,965,1.885
20260930-132907,430.464,Sword,death,965,40
20260930-132907,455.942,Spear,spawn,97c,
20260930-132907,470.464,Sword,spawn,97f,
20260930-132907,481.417,Staff,breakbar_broken,96a,2.001
20260930-133514,3.003,Staff,spawn,98b,
20260930-133514,131.237,Spear,spawn,999,
20260930-133514,147.717,Staff,death,98b,39.992
20260930-133514,185.595,Spear,death,999,39.994
20260930-133514,187.709,Staff,spawn,9a8,
20260930-133514,225.589,Spear,spawn,9ab,
20260930-134135,2.998,Staff,spawn,9b6,
20260930-134135,85.712,Staff,death,9b6,40.004
20260930-134135,125.716,Staff,spawn,9c3,
20260930-134135,130.194,Spear,spawn,9c6,
20260930-134135,197.668,Spear,death,9c6,39.996
20260930-134135,212.817,Staff,breakbar_broken,9c3,2.049
20260930-134135,219.268,Staff,death,9c3,39.998
20260930-134135,237.664,Spear,spawn,9db,
20260930-134135,259.266,Staff,spawn,9dd,
20260930-134135,284.217,Spear,breakbar_broken,9db,2.049
20260930-134135,293.748,Spear,death,9db,
20260930-134554,3,Staff,spawn,9e9,
20260930-134554,114.638,Staff,death,9e9,40.006
20260930-134554,133.076,Spear,spawn,9f9,
20260930-134554,154.644,Staff,spawn,a00,
20260930-135458,3.001,Staff,spawn,a08,
20260930-135458,126.595,Spear,spawn,a1c,
20260930-135458,136.237,Staff,death,a08,39.998
20260930-135458,176.235,Staff,spawn,a26,
20260930-135458,179.724,Spear,breakbar_broken,a1c,1.991
20260930-135458,180.673,Spear,death,a1c,39.998
20260930-135458,220.671,Spear,spawn,a2c,
20260930-135458,259.724,Staff,breakbar_broken,a26,1.905
20260930-135458,262.431,Staff,death,a26,39.992
20260930-135458,268.124,Spear,breakbar_broken,a2c,1.943
20260930-135458,272.269,Spear,death,a2c,39.998
20260930-135458,301.587,Sword,spawn,a3d,
20260930-135458,302.423,Staff,spawn,a3e,
20260930-135458,312.267,Spear,spawn,a41,
20260930-135458,385.224,Spear,breakbar_broken,a41,1.915
20260930-135458,396.724,Sword,breakbar_broken,a3d,2.097
20260930-135458,398.301,Spear,death,a41,39.998
20260930-135458,403.985,Sword,death,a3d,39.994
20260930-135458,434.863,Staff,death,a3e,39.996
20260930-135458,438.299,Spear,spawn,a58,
20260930-135458,443.979,Sword,spawn,a5b,
20260930-135458,474.859,Staff,spawn,a5d,
20260930-140020,2.999,Staff,spawn,a67,
20260930-140955,2.996,Staff,spawn,a73,
20260930-140955,113.501,Staff,breakbar_broken,a73,1.935
20260930-140955,139.19,Spear,spawn,a84,
20260930-140955,140.79,Staff,death,a73,40.004
20260930-140955,180.794,Staff,spawn,a8b,
20260930-140955,205.901,Spear,breakbar_broken,a84,2.125
20260930-140955,222.192,Spear,death,a84,40.002
20260930-140955,262.194,Spear,spawn,a95,
20260930-140955,270.001,Staff,breakbar_broken,a8b,2.067
20260930-140955,272.788,Staff,death,a8b,39.998
20260930-140955,312.786,Staff,spawn,a9d,
20260930-140955,315.39,Spear,death,a95,39.99
20260930-140955,319.424,Sword,spawn,aa5,
20260930-140955,355.38,Spear,spawn,aac,
20260930-140955,419.106,Sword,death,aa5,39.988
20260930-140955,431.401,Spear,breakbar_broken,aac,2.181
20260930-140955,438.199,Staff,breakbar_broken,a9d,2.099
20260930-140955,441.54,Spear,death,aac,39.994
20260930-140955,459.094,Sword,spawn,ac2,
20260930-140955,469.422,Staff,death,a9d,39.994
20260930-140955,481.534,Spear,spawn,ac4,
20260930-140955,509.416,Staff,spawn,ac6,
20260930-142129,2.999,Staff,spawn,ad3,
20260930-142129,132.403,Spear,spawn,ae0,
20260930-142129,135.406,Staff,breakbar_broken,ad3,2.113
20260930-142129,142.041,Staff,death,ad3,39.994
20260930-142129,182.035,Staff,spawn,aeb,
20260930-142129,208.913,Spear,death,ae0,39.998
20260930-142129,248.911,Spear,spawn,aef,
20260930-142522,2.997,Staff,spawn,af6,
20260930-142522,130.959,Spear,spawn,b07,
20260930-142522,158.438,Staff,breakbar_broken,af6,1.957
20260930-142522,164.231,Staff,death,af6,
20260930-143043,2.994,Staff,spawn,b1b,
20260930-143043,130.358,Spear,spawn,b2c,
20260930-143043,138.647,Staff,breakbar_broken,b1b,1.909
20260930-143043,145.116,Staff,death,b1b,40
20260930-143043,185.116,Staff,spawn,b38,
20260930-143043,200.918,Spear,death,b2c,39.988
20260930-143043,240.906,Spear,spawn,b3d,
20260930-143043,286.549,Staff,breakbar_broken,b38,1.995
20260930-144016,3,Staff,spawn,b49,
20260930-144016,101.205,Staff,breakbar_broken,b49,1.955
20260930-144016,130.236,Staff,death,b49,40.002
20260930-144016,143.634,Spear,spawn,b5c,
20260930-144016,170.238,Staff,spawn,b60,
20260930-144016,188.676,Spear,death,b5c,39.998
20260930-144016,228.674,Spear,spawn,b67,
20260930-144016,319.514,Staff,death,b60,39.994
20260930-144016,323.803,Spear,breakbar_broken,b67,2.102
20260930-144016,325.025,Spear,death,b67,40.005
20260930-144016,359.508,Staff,spawn,b78,
20260930-144016,362.636,Sword,spawn,b7c,
20260930-144016,365.03,Spear,spawn,b7d,
20260930-144016,438.348,Spear,death,b7d,39.99
20260930-144016,447.003,Sword,breakbar_broken,b7c,2.055
20260930-144016,457.504,Sword,death,b7c,39.998
20260930-144016,464.305,Staff,breakbar_broken,b78,1.955
20260930-144016,471.58,Staff,death,b78,40.004
20260930-144016,478.338,Spear,spawn,b90,
20260930-144016,497.502,Sword,spawn,b94,
20260930-144016,511.584,Staff,spawn,b95,
20260930-144536,3.004,Staff,spawn,b9d,
20260930-144536,133.684,Spear,spawn,bad,
20260930-144536,172.956,Staff,death,b9d,39.998
20260930-144536,191.373,Spear,breakbar_broken,bad,2.179
20260930-144536,194.68,Spear,death,bad,39.99
20260930-144536,212.954,Staff,spawn,bba,
20260930-144536,234.67,Spear,spawn,bbb,
20260930-145035,3.001,Staff,spawn,bc5,
20260930-145035,99.384,Staff,breakbar_broken,bc5,1.969
20260930-145035,110.479,Staff,death,bc5,39.996
20260930-145035,129.397,Spear,spawn,bd6,
20260930-145035,150.475,Staff,spawn,bda,
20260930-145035,204.635,Spear,death,bd6,
20260930-145035,204.784,Spear,breakbar_broken,bd6,1.963
20260930-145735,3.008,Staff,spawn,bea,
20260930-145735,105.957,Staff,breakbar_broken,bea,2.125
20260930-145735,128.438,Spear,spawn,bf9,
20260930-145735,135.286,Staff,death,bea,39.984
20260930-145735,175.27,Staff,spawn,c01,
20260930-145735,199.438,Spear,death,bf9,40
20260930-145735,239.438,Spear,spawn,c0a,
20260930-145735,260.63,Staff,death,c01,39.998
20260930-145735,294.834,Spear,death,c0a,39.998
20260930-145735,300.628,Staff,spawn,c16,
20260930-145735,310.428,Sword,spawn,c1c,
20260930-145735,334.832,Spear,spawn,c1f,
20260930-161109,3.002,Staff,spawn,9e3,
20260930-161109,132.402,Spear,spawn,9ee,
20260930-161109,177.832,Staff,death,9e3,40
20260930-161109,217.659,Spear,breakbar_broken,9ee,2.007
20260930-161109,217.832,Staff,spawn,9fe,
20260930-161736,3.003,Staff,spawn,a09,
20260930-161736,129.376,Staff,breakbar_broken,a09,1.983
20260930-161736,134.601,Staff,death,a09,39.996
20260930-161736,139.961,Spear,spawn,a1f,
20260930-161736,174.597,Staff,spawn,a2c,
20260930-161736,208.176,Spear,breakbar_broken,a1f,2.097
20260930-161736,221.279,Spear,death,a1f,39.996
20260930-161736,261.275,Spear,spawn,a3a,
20260930-162218,3.001,Staff,spawn,a46,
20260930-162218,130.963,Spear,spawn,a52,
20260930-162218,138.314,Staff,breakbar_broken,a46,1.925
20260930-162218,142.241,Staff,death,a46,39.992
20260930-162218,182.233,Staff,spawn,a61,
20260930-162757,2.995,Staff,spawn,a6b,
20260930-162757,123.66,Staff,breakbar_broken,a6b,2.127
20260930-162757,131.437,Staff,death,a6b,39.992
20260930-162757,136.555,Spear,spawn,a7b,
20260930-162757,171.429,Staff,spawn,a82,
20260930-162757,202.36,Spear,breakbar_broken,a7b,2.111
20260930-162757,204.793,Spear,death,a7b,39.996
20260930-162757,244.789,Spear,spawn,a89,
20260930-163327,2.999,Staff,spawn,a95,
20260930-163327,133.879,Spear,spawn,aa0,
20260930-163327,176.718,Staff,breakbar_broken,a95,2.111
20260930-163327,183.709,Spear,death,aa0,40
20260930-163327,183.718,Spear,breakbar_broken,aa0,1.953
20260930-163327,223.709,Spear,spawn,ab2,
20260930-163913,3.003,Staff,spawn,abf,
20260930-163913,130.717,Staff,death,abf,39.998
20260930-163913,138.559,Spear,spawn,aca,
20260930-163913,170.715,Staff,spawn,ad1,
20260930-163913,208.759,Spear,death,aca,
20260930-164624,2.998,Staff,spawn,ae2,
20260930-164624,106.907,Staff,breakbar_broken,ae2,2.129
20260930-164624,109.036,Staff,death,ae2,40.002
20260930-164624,133.158,Spear,spawn,af0,
20260930-164624,149.038,Staff,spawn,af4,
20260930-164624,200.105,Spear,breakbar_broken,af0,1.929
20260930-164624,220.392,Spear,death,af0,39.994
20260930-164624,260.386,Spear,spawn,b02,
20260930-164624,279.905,Staff,breakbar_broken,af4,2.119
20260930-164624,305.87,Staff,death,af4,39.99
20260930-164624,345.86,Staff,spawn,b0c,
20260930-164624,362.668,Spear,death,b02,
20260930-165517,2.993,Staff,spawn,b1e,
20260930-165517,132.035,Spear,spawn,b28,
20260930-165517,165.471,Staff,death,b1e,39.994
20260930-165517,183.351,Spear,death,b28,39.992
20260930-165517,205.465,Staff,spawn,b3a,
20260930-165517,223.343,Spear,spawn,b3c,
20260930-165517,328.742,Spear,breakbar_broken,b3c,2.123
20260930-165517,333.101,Spear,death,b3c,40
20260930-165517,370.939,Staff,death,b3a,39.996
20260930-165517,373.101,Spear,spawn,b4c,
20260930-165517,389.025,Sword,spawn,b50,
20260930-165517,410.935,Staff,spawn,b54,
20260930-165517,469.442,Spear,breakbar_broken,b4c,2.017
20260930-170422,3,Staff,spawn,b70,
20260930-170422,118.537,Staff,breakbar_broken,b70,1.979
20260930-170422,134.118,Spear,spawn,b9e,
20260930-170422,154.274,Staff,death,b70,39.996
20260930-170422,194.27,Staff,spawn,bb0,
20260930-170422,235.44,Spear,death,b9e,39.992
20260930-170422,275.432,Spear,spawn,bc7,
20260930-170422,325.437,Staff,breakbar_broken,bb0,1.953
20260930-170422,326.99,Staff,death,bb0,39.998
20260930-170422,338.235,Spear,breakbar_broken,bc7,2.031
20260930-170422,345.15,Sword,spawn,be4,
20260930-170422,366.988,Staff,spawn,be9,
20260930-170422,375.27,Spear,death,bc7,39.992
20260930-170422,415.262,Spear,spawn,bf1,
20260930-170947,2.996,Staff,spawn,bfd,
20260930-170947,131.554,Staff,death,bfd,39.998
20260930-170947,136.672,Spear,spawn,c2d,
20260930-170947,171.552,Staff,spawn,c3a,
20260930-175523,2.996,Staff,spawn,8cc,
20260930-175523,103.354,Staff,death,8cc,39.994
20260930-175523,140.79,Spear,spawn,901,
20260930-175523,143.348,Staff,spawn,902,
20260930-175523,225.797,Spear,breakbar_broken,901,1.953
20260930-175523,240.192,Spear,death,901,39.992
20260930-175523,260.432,Staff,death,902,39.996
20260930-175523,280.184,Spear,spawn,931,
20260930-175523,300.428,Staff,spawn,939,
20260930-180129,2.997,Staff,spawn,94d,
20260930-180129,133.039,Spear,spawn,979,
20260930-180129,136.874,Staff,breakbar_broken,94d,1.921
20260930-180129,150.231,Staff,death,94d,39.998
20260930-180129,190.229,Staff,spawn,994,
20260930-180129,197.273,Spear,death,979,40.002
20260930-180129,237.275,Spear,spawn,9a3,
20260930-180129,295.149,Spear,death,9a3,
20260930-180129,314.545,Staff,death,994,
20260930-180617,2.997,Staff,spawn,9c3,
20260930-180617,138.401,Staff,death,9c3,39.992
20260930-180617,138.685,Spear,spawn,9f7,
20260930-180617,178.393,Staff,spawn,a07,
20260930-180617,185.713,Spear,death,9f7,39.994
20260930-180617,225.707,Spear,spawn,a1b,
20260930-181021,3.001,Staff,spawn,a25,
20260930-181021,141.595,Spear,spawn,a56,
20260930-181021,161.511,Staff,death,a25,
20260930-181643,2.995,Staff,spawn,a6b,
20260930-181643,135.93,Staff,breakbar_broken,a6b,2.067
20260930-181643,141.913,Spear,spawn,a9b,
20260930-181643,161.991,Staff,death,a6b,40.002
20260930-181643,201.993,Staff,spawn,ab0,
20260930-181643,211.528,Spear,breakbar_broken,a9b,1.987
20260930-181643,225.111,Spear,death,a9b,39.996
20260930-181643,265.107,Spear,spawn,ac7,
20260930-182315,2.996,Staff,spawn,ad0,
20260930-182315,136.885,Staff,breakbar_broken,ad0,1.985
20260930-182315,138.2,Staff,death,ad0,39.99
20260930-182315,151.356,Spear,spawn,b03,
20260930-182315,178.19,Staff,spawn,b0a,
20260930-182315,222.885,Spear,breakbar_broken,b03,2.189
20260930-182315,228.039,Spear,death,b03,39.987
20260930-182315,268.026,Spear,spawn,b2b,
20260930-182616,2.995,Staff,spawn,b31,
20260930-183207,2.999,Staff,spawn,b59,
20260930-183207,103.519,Staff,death,b59,39.994
20260930-183207,141.165,Spear,spawn,b69,
20260930-183207,143.513,Staff,spawn,b6c,
20260930-183207,206.644,Spear,breakbar_broken,b69,2.031
20260930-183207,212.033,Spear,death,b69,39.994
20260930-183207,231.446,Staff,breakbar_broken,b6c,1.905
20260930-183207,235.877,Staff,death,b6c,39.998
20260930-183207,252.027,Spear,spawn,b80,
20260930-183207,275.875,Staff,spawn,b83,
20260930-183742,3,Staff,spawn,b8c,
20260930-183742,133.08,Staff,death,b8c,39.994
20260930-183742,140.884,Spear,spawn,b9f,
20260930-183742,173.074,Staff,spawn,ba7,
20260930-183742,194.619,Spear,breakbar_broken,b9f,2.175
20260930-183742,202.794,Spear,death,b9f,
20260930-184348,2.997,Staff,spawn,bb4,
20260930-184348,80.77,Staff,breakbar_broken,bb4,1.985
20260930-184348,83.003,Staff,death,bb4,39.994
20260930-184348,122.997,Staff,spawn,bc3,
20260930-184348,135.999,Spear,spawn,bc8,
20260930-184348,188.77,Staff,breakbar_broken,bc3,1.985
20260930-184348,193.37,Spear,breakbar_broken,bc8,1.947
20260930-184348,194.799,Staff,death,bc3,39.994
20260930-184348,205.755,Spear,death,bc8,39.994
20260930-184348,234.793,Staff,spawn,bda,
20260930-184348,245.749,Spear,spawn,bdc,
20260930-184348,321.77,Spear,breakbar_broken,bdc,1.979
20260930-191231,3,Staff,spawn,d38,
20260930-191231,107.769,Staff,breakbar_broken,d38,1.907
20260930-191231,123.68,Spear,spawn,d47,
20260930-191231,134.034,Staff,death,d38,39.996
20260930-191231,174.03,Staff,spawn,d53,
20260930-191231,179.318,Spear,death,d47,39.992
20260930-191231,219.31,Spear,spawn,d5e,
20260930-191231,292.569,Staff,breakbar_broken,d53,1.899
20260930-191231,293.771,Spear,breakbar_broken,d5e,2.017
20260930-191231,293.794,Spear,death,d5e,39.996
20260930-191231,307.266,Staff,death,d53,39.996
20260930-191231,329.868,Sword,spawn,d74,
20260930-191231,333.79,Spear,spawn,d75,
20260930-191231,347.262,Staff,spawn,d77,
20260930-191231,393.468,Spear,death,d75,
20260930-191231,401.034,Sword,death,d74,
20260930-192340,3,Staff,spawn,d91,
20260930-192340,101.398,Staff,death,d91,39.994
20260930-192340,121.722,Spear,spawn,da4,
20260930-192340,141.392,Staff,spawn,da7,
20260930-192340,178.135,Spear,breakbar_broken,da4,1.983
20260930-192340,179.598,Spear,death,da4,40
20260930-192340,202.335,Staff,breakbar_broken,da7,1.979
20260930-192340,203.676,Staff,death,da7,40
20260930-192340,219.598,Spear,spawn,db9,
20260930-192340,243.676,Staff,spawn,dc0,
20260930-192340,273.935,Spear,breakbar_broken,db9,1.897
20260930-192340,277.55,Spear,death,db9,40.002
20260930-192340,280.718,Sword,spawn,dca,
20260930-192340,317.552,Spear,spawn,dce,
20260930-192340,330.335,Sword,breakbar_broken,dca,2.093
20260930-192340,333.034,Sword,death,dca,39.998
20260930-192340,355.635,Staff,breakbar_broken,dc0,1.879
20260930-192340,373.032,Sword,spawn,ddc,
20260930-192340,382.866,Staff,death,dc0,40.006
20260930-192340,384.106,Spear,death,dce,40.004
20260930-192340,422.872,Staff,spawn,de3,
20260930-192340,424.11,Spear,spawn,de4,
20260930-193130,3.004,Staff,spawn,deb,
20260930-193130,119.244,Spear,spawn,dfa,
20260930-193130,166.122,Staff,death,deb,39.994
20260930-193130,171.815,Spear,breakbar_broken,dfa,2.017
20260930-193130,173.632,Spear,death,dfa,40.002
20260930-193130,206.116,Staff,spawn,e0f,
20260930-193130,213.634,Spear,spawn,e10,
20260930-193130,250.515,Staff,death,e0f,39.995
20260930-193130,264.59,Spear,death,e10,40.004
20260930-193130,276.918,Sword,spawn,e20,
20260930-193130,290.51,Staff,spawn,e22,
20260930-193130,304.594,Spear,spawn,e25,
20260930-193130,334.712,Sword,death,e20,39.998
20260930-193130,374.71,Sword,spawn,e35,
20260930-193906,2.997,Staff,spawn,e3b,
20260930-193906,118.957,Spear,spawn,e49,
20260930-193906,158.399,Staff,death,e3b,39.992
20260930-193906,181.399,Spear,death,e49,39.99
20260930-193906,198.391,Staff,spawn,e5d,
20260930-193906,221.389,Spear,spawn,e5f,
20260930-193906,274.957,Spear,death,e5f,39.996
20260930-193906,286.39,Staff,breakbar_broken,e5d,2.161
20260930-193906,289.231,Sword,spawn,e70,
20260930-193906,294.227,Staff,death,e5d,39.998
20260930-193906,314.953,Spear,spawn,e73,
20260930-193906,334.225,Staff,spawn,e76,
20260930-193906,338.715,Sword,death,e70,39.988
20260930-193906,378.703,Sword,spawn,e7d,
20260930-193906,388.19,Spear,breakbar_broken,e73,2.119
20260930-193906,395.103,Spear,death,e73,
20260930-194816,2.994,Staff,spawn,e8b,
20260930-194816,107.447,Staff,breakbar_broken,e8b,1.903
20260930-194816,109.594,Staff,death,e8b,39.996
20260930-194816,121.634,Spear,spawn,e9c,
20260930-194816,149.59,Staff,spawn,ea4,
20260930-194816,160.447,Spear,breakbar_broken,e9c,1.983
20260930-194816,161.952,Spear,death,e9c,39.998
20260930-194816,201.95,Spear,spawn,eb2,
20260930-194816,249.232,Staff,death,ea4,40.002
20260930-194816,251.506,Spear,death,eb2,40.008
20260930-194816,280.432,Sword,spawn,ec4,
20260930-194816,289.234,Staff,spawn,ec6,
20260930-194816,291.514,Spear,spawn,ec7,
20260930-194816,324.647,Sword,breakbar_broken,ec4,1.977
20260930-194816,329.15,Sword,death,ec4,39.99
20260930-194816,343.947,Staff,breakbar_broken,ec6,1.915
20260930-194816,349.992,Staff,death,ec6,39.996
20260930-194816,369.14,Sword,spawn,eda,
20260930-194816,373.228,Spear,death,ec7,39.994
20260930-194816,389.988,Staff,spawn,ede,
20260930-194816,413.222,Spear,spawn,ee3,
20260930-195751,2.998,Staff,spawn,ee9,
20260930-195751,122.156,Spear,spawn,ef8,
20260930-195751,138.676,Staff,death,ee9,40
20260930-195751,171.127,Spear,breakbar_broken,ef8,1.987
20260930-195751,176.752,Spear,death,ef8,39.996
20260930-195751,178.676,Staff,spawn,f0a,
20260930-195751,216.748,Spear,spawn,f0f,
20260930-195751,256.596,Spear,death,f0f,39.994
20260930-195751,272.152,Sword,spawn,f1b,
20260930-195751,296.59,Spear,spawn,f1f,
20260930-195751,307.794,Staff,death,f0a,39.988
20260930-195751,324.727,Sword,breakbar_broken,f1b,1.901
20260930-195751,347.782,Staff,spawn,f2e,
20260930-195751,369.074,Spear,death,f1f,39.988
20260930-195751,398.912,Sword,death,f1b,39.99
20260930-195751,409.062,Spear,spawn,f39,
20260930-195751,438.902,Sword,spawn,f3d,
20260930-195751,456.527,Spear,breakbar_broken,f39,1.937
20260930-195751,460.942,Spear,death,f39,
20260930-195751,489.727,Staff,breakbar_broken,f2e,2.093
20260930-200445,2.993,Staff,spawn,f50,
20260930-200445,100.597,Staff,death,f50,39.996
20260930-200445,120.121,Spear,spawn,f60,
20260930-200445,140.593,Staff,spawn,f65,
20260930-201108,2.993,Staff,spawn,f72,
20260930-201108,90.98,Staff,breakbar_broken,f72,2.091
20260930-201108,91.119,Staff,death,f72,39.996
20260930-201108,120.879,Spear,spawn,f84,
20260930-201108,131.115,Staff,spawn,f88,
20260930-201108,176.18,Spear,breakbar_broken,f84,2.089
20260930-201108,178.751,Spear,death,f84,40.002
20260930-201108,205.317,Staff,death,f88,39.994
20260930-201108,218.753,Spear,spawn,f99,
20260930-201108,245.311,Staff,spawn,f9d,
20260930-201108,271.877,Sword,spawn,fa4,
20260930-201108,290.823,Spear,death,f99,40.004
20260930-201108,328.903,Staff,death,f9d,
20260930-201108,330.827,Spear,spawn,fb4,
20260930-203200,3.001,Staff,spawn,fbd,
20260930-203200,124.205,Spear,spawn,fcc,
20260930-203200,148.039,Staff,death,fbd,40.001
20260930-203200,181.288,Spear,breakbar_broken,fcc,2.063
20260930-203200,183.637,Spear,death,fcc,39.998
20260930-203200,188.04,Staff,spawn,fe0,
20260930-203200,223.635,Spear,spawn,fe1,
20260930-203200,284.388,Staff,breakbar_broken,fe0,2.131
20260930-203200,291.193,Sword,spawn,fea,
20260930-203200,293.353,Staff,death,fe0,39.996
20260930-203200,327.188,Spear,breakbar_broken,fe1,1.883
20260930-203200,333.349,Staff,spawn,ff4,
20260930-203200,333.791,Spear,death,fe1,39.998
20260930-203200,343.397,Sword,death,fea,39.994
20260930-203200,373.789,Spear,spawn,ffe,
20260930-203200,383.391,Sword,spawn,1001,
20260930-203600,2.993,Staff,spawn,1010,
20260930-203600,102.035,Staff,death,1010,39.996
20260930-203600,124.435,Spear,spawn,1023,
20260930-203600,142.031,Staff,spawn,1027,
20260930-203947,3,Staff,spawn,1031,
20260930-203947,118.602,Spear,spawn,1041,
20260930-203947,146.674,Staff,death,1031,
20260930-203947,172.677,Spear,breakbar_broken,1041,no orbs
20260930-204517,3.007,Staff,spawn,1052,
20260930-204517,114.106,Staff,breakbar_broken,1052,1.931
20260930-204517,122.043,Spear,spawn,1065,
20260930-204517,127.443,Staff,death,1052,39.994
20260930-204517,167.437,Staff,spawn,106d,
20260930-204517,167.706,Spear,breakbar_broken,1065,2.133
20260930-204517,171.241,Spear,death,1065,40
20260930-204517,211.241,Spear,spawn,1077,
20260930-204517,258.106,Spear,breakbar_broken,1077,2.131
20260930-204517,261.675,Spear,death,1077,
20260930-204517,265.306,Staff,breakbar_broken,106d,2.047
20260930-204517,269.641,Staff,death,106d,
20260930-204753,2.999,Staff,spawn,1088,
20260930-205557,2.999,Staff,spawn,109e,
20260930-205557,68.422,Staff,breakbar_broken,109e,2.013
20260930-205557,89.837,Staff,death,109e,39.996
20260930-205557,124.079,Spear,spawn,10ae,
20260930-205557,129.833,Staff,spawn,10b1,
20260930-205557,163.722,Spear,breakbar_broken,10ae,1.871
20260930-205557,166.437,Spear,death,10ae,40
20260930-205557,206.437,Spear,spawn,10c2,
20260930-205557,220.822,Staff,breakbar_broken,10b1,1.931
20260930-205557,223.509,Staff,death,10b1,40.002
20260930-205557,256.022,Spear,breakbar_broken,10c2,2.129
20260930-205557,260.275,Spear,death,10c2,39.998
20260930-205557,263.511,Staff,spawn,10ce,
20260930-205557,277.677,Sword,spawn,10d5,
20260930-205557,300.273,Spear,spawn,10d7,
20260930-210018,2.999,Staff,spawn,10e2,
20260930-210018,90.382,Staff,breakbar_broken,10e2,1.935
20260930-210018,107.763,Staff,death,10e2,40
20260930-210018,124.083,Spear,spawn,10f3,
20260930-210018,147.763,Staff,spawn,10fa,
20260930-210018,184.182,Spear,breakbar_broken,10f3,2.051
20260930-210018,188.447,Spear,death,10f3,
20260930-210743,3,Staff,spawn,1107,
20260930-210743,108.842,Staff,death,1107,39.988
20260930-210743,120.876,Spear,spawn,111a,
20260930-210743,148.83,Staff,spawn,1120,
20260930-210743,166.287,Spear,breakbar_broken,111a,1.917
20260930-210743,172.032,Spear,death,111a,40
20260930-210743,212.032,Spear,spawn,112c,
20260930-210743,213.987,Staff,breakbar_broken,1120,2.121
20260930-210743,225.994,Staff,death,1120,40
20260930-210743,249.887,Spear,breakbar_broken,112c,2.105
20260930-210743,252.076,Spear,death,112c,39.994
20260930-210743,265.994,Staff,spawn,1138,
20260930-210743,273.87,Sword,spawn,113c,
20260930-210743,292.07,Spear,spawn,1140,
20260930-210743,322.832,Staff,death,1138,39.998
20260930-210743,354.087,Sword,breakbar_broken,113c,2.135
20260930-210743,360.274,Sword,death,113c,39.996
20260930-210743,362.83,Staff,spawn,1152,
20260930-210743,364.487,Spear,breakbar_broken,1140,2.021
20260930-210743,369.356,Spear,death,1140,39.988
20260930-210743,400.27,Sword,spawn,115c,
20260930-210743,409.344,Spear,spawn,115d,
20260930-211921,3.001,Staff,spawn,1165,
20260930-211921,68.788,Staff,breakbar_broken,1165,2.089
20260930-211921,74.279,Staff,death,1165,39.998
20260930-211921,114.277,Staff,spawn,1178,
20260930-211921,124.085,Spear,spawn,117b,
20260930-211921,175.188,Spear,breakbar_broken,117b,1.885
20260930-211921,178.761,Spear,death,117b,39.998
20260930-211921,180.988,Staff,breakbar_broken,1178,1.969
20260930-211921,197.473,Staff,death,1178,40.002
20260930-211921,218.759,Spear,spawn,1193,
20260930-211921,237.475,Staff,spawn,1195,
20260930-211921,257.631,Spear,death,1193,40
20260930-211921,279.075,Sword,spawn,11a0,
20260930-211921,297.631,Spear,spawn,11a3,
20260930-211921,304.188,Staff,breakbar_broken,1195,1.883
20260930-211921,319.835,Staff,death,1195,39.996
20260930-211921,348.488,Sword,breakbar_broken,11a0,1.983
20260930-211921,359.831,Staff,spawn,11b2,
20260930-211921,363.715,Spear,death,11a3,39.99
20260930-211921,367.389,Sword,death,11a0,39.994
20260930-211921,403.705,Spear,spawn,11bb,
20260930-211921,407.383,Sword,spawn,11be,
20260930-211921,463.588,Sword,breakbar_broken,11be,1.993
20260930-211921,464.109,Spear,death,11bb,39.994
20260930-211921,470.549,Sword,death,11be,39.996
20260930-211921,504.103,Spear,spawn,11dd,
20260930-211921,510.545,Sword,spawn,11df,
20260930-211921,520.823,Staff,death,11b2,40
20260930-211921,557.503,Spear,death,11dd,40.002
20260930-211921,560.823,Staff,spawn,11ee,
20260930-211921,572.988,Sword,breakbar_broken,11df,1.907
20260930-211921,581.901,Sword,death,11df,
20260930-211921,597.505,Spear,spawn,11f5,
20260930-213241,2.998,Staff,spawn,11ff,
20260930-213637,2.991,Staff,spawn,1211,
20260930-213637,91.039,Staff,death,1211,39.994
20260930-213637,120.353,Spear,spawn,1231,
20260930-213637,131.033,Staff,spawn,1235,
20260930-213637,173.465,Spear,death,1231,39.998
20260930-213637,192.555,Staff,death,1235,
20260930-213637,213.463,Spear,spawn,124e,
20260930-214712,3.002,Staff,spawn,1259,
20260930-214712,71.491,Staff,breakbar_broken,1259,1.911
20260930-214712,97.36,Staff,death,1259,39.992
20260930-214712,123.804,Spear,spawn,127a,
20260930-214712,137.352,Staff,spawn,127f,
20260930-214712,184.634,Spear,death,127a,39.994
20260930-214712,191.689,Staff,breakbar_broken,127f,1.905
20260930-214712,194.398,Staff,death,127f,39.988
20260930-214712,224.628,Spear,spawn,1299,
20260930-214712,234.386,Staff,spawn,129a,
20260930-214712,263.989,Spear,breakbar_broken,1299,2.161
20260930-214712,264.678,Spear,death,1299,39.986
20260930-214712,276.472,Sword,spawn,12ab,
20260930-214712,304.664,Spear,spawn,12b3,
20260930-214712,308.289,Staff,breakbar_broken,129a,1.895
20260930-214712,318.948,Staff,death,129a,40.002
20260930-214712,330.189,Sword,breakbar_broken,12ab,2.117
20260930-214712,337.826,Sword,death,12ab,39.996
20260930-214712,358.95,Staff,spawn,12c6,
20260930-214712,366.592,Spear,death,12b3,39.994
20260930-214712,377.822,Sword,spawn,12cc,
20260930-214712,406.586,Spear,spawn,12d5,
20260930-214712,428.289,Staff,breakbar_broken,12c6,1.891
20260930-214712,447.704,Staff,death,12c6,40.002
20260930-214712,457.989,Spear,breakbar_broken,12d5,2.119
20260930-214712,463.062,Spear,death,12d5,39.994
20260930-214712,465.582,Sword,death,12cc,40
20260930-214712,487.706,Staff,spawn,12ea,
20260930-214712,503.056,Spear,spawn,12f0,
20260930-214712,505.582,Sword,spawn,12fc,
20260930-214712,548.089,Staff,breakbar_broken,12ea,2.089
20260930-214712,548.989,Spear,breakbar_broken,12f0,1.587
20260930-214712,553.418,Staff,death,12ea,39.998
20260930-214712,553.466,Spear,death,12f0,39.992
20260930-214712,563.26,Sword,death,12fc,
20260930-214712,593.416,Staff,spawn,1315,
20260930-214712,593.458,Spear,spawn,1316,
20260930-215124,3.005,Staff,spawn,1328,
20260930-215627,3.001,Staff,spawn,1341,
20260930-215627,80.195,Staff,death,1341,39.998
20260930-215627,119.677,Spear,spawn,1370,
20260930-215627,120.193,Staff,spawn,1372,
20260930-215627,170.484,Spear,breakbar_broken,1370,1.917
20260930-215627,174.555,Spear,death,1370,39.998
20260930-215627,176.084,Staff,breakbar_broken,1372,2.029
20260930-215627,188.593,Staff,death,1372,40
20260930-215627,214.553,Spear,spawn,139a,
20260930-215627,228.593,Staff,spawn,139f,
20260930-215821,3,Staff,spawn,13ae,
20260930-215821,64.013,Staff,breakbar_broken,13ae,1.985
20260930-220441,2.994,Staff,spawn,13cc,
20260930-220441,84.117,Staff,breakbar_broken,13cc,2.005
20260930-220441,123.796,Staff,death,13cc,40
20260930-220441,126.596,Spear,spawn,13fb,
20260930-220441,163.796,Staff,spawn,1409,
20260930-220441,180.874,Spear,death,13fb,39.998
20260930-220441,220.872,Spear,spawn,1421,
20260930-220441,245.417,Staff,breakbar_broken,1409,1.931
20260930-220441,250.478,Staff,death,1409,39.992
20260930-220441,266.758,Spear,death,1421,39.99
20260930-220441,282.156,Sword,spawn,143e,
20260930-220441,290.47,Staff,spawn,143f,
20260930-220441,306.748,Spear,spawn,1446,
20260930-220441,336.817,Sword,breakbar_broken,143e,2.087
20260930-220831,2.999,Staff,spawn,1463,
20260930-220831,81.833,Staff,death,1463,39.994
20260930-220831,120.391,Spear,spawn,1492,
20260930-220831,121.827,Staff,spawn,1493,
20260930-221626,2.998,Staff,spawn,14a4,
20260930-221626,51.661,Staff,breakbar_broken,14a4,2.097
20260930-221626,53.562,Staff,death,14a4,39.986
20260930-221626,93.548,Staff,spawn,14ba,
20260930-221626,125.478,Spear,spawn,14c5,
20260930-221626,154.261,Staff,breakbar_broken,14ba,1.969
20260930-221626,158.228,Staff,death,14ba,40
20260930-221626,171.356,Spear,death,14c5,39.99
20260930-221626,198.228,Staff,spawn,14dd,
20260930-221626,211.346,Spear,spawn,14e1,
20260930-221626,260.914,Spear,death,14e1,39.992
20260930-221626,289.478,Sword,spawn,14fa,
20260930-221626,292.161,Staff,breakbar_broken,14dd,2.071
20260930-221626,300.906,Spear,spawn,1501,
20260930-221626,307.262,Staff,death,14dd,40
20260930-221626,343.861,Sword,breakbar_broken,14fa,2.085
20260930-221626,347.262,Staff,spawn,1510,
20260930-225431,3,Staff,spawn,891,
20260930-225431,77.209,Staff,breakbar_broken,891,2.109
20260930-225431,92.046,Staff,death,891,39.992
20260930-225431,121.922,Spear,spawn,8b2,
20260930-225431,132.038,Staff,spawn,8b4,
20260930-225431,168.209,Spear,breakbar_broken,8b2,1.909
20260930-225431,173.634,Spear,death,8b2,40.002
20260930-225431,197.509,Staff,breakbar_broken,8b4,1.923
20260930-225431,199.39,Staff,death,8b4,40.002
20260930-225431,213.636,Spear,spawn,8cd,
20260930-225431,239.392,Staff,spawn,8d3,
20260930-225431,255.409,Spear,breakbar_broken,8cd,1.985
20260930-225431,257.314,Spear,death,8cd,39.992
20260930-225431,271.276,Sword,spawn,8e2,
20260930-225431,297.306,Spear,spawn,8e9,
20260930-225431,306.009,Staff,breakbar_broken,8d3,1.901
20260930-225431,316.907,Sword,breakbar_broken,8e2,2.161
20260930-225431,319.558,Sword,death,8e2,39.992
20260930-225431,335.626,Staff,death,8d3,40.002
20260930-225431,359.55,Sword,spawn,8fe,
20260930-225431,375.628,Staff,spawn,904,
20260930-225431,379.594,Spear,death,8e9,39.988
20260930-225431,419.582,Spear,spawn,90f,
20260930-225808,2.996,Staff,spawn,916,
20260930-225808,82.907,Staff,breakbar_broken,916,2.011
20260930-225808,98.756,Staff,death,916,
20260930-230802,3.003,Staff,spawn,935,
20260930-230802,98.241,Staff,death,935,40
20260930-230802,123.477,Spear,spawn,955,
20260930-230802,138.241,Staff,spawn,95b,
20260930-230802,179.559,Spear,death,955,39.994
20260930-230802,219.553,Spear,spawn,970,
20260930-230802,235.796,Staff,breakbar_broken,95b,2.033
20260930-230802,245.481,Staff,death,95b,39.994
20260930-230802,274.033,Sword,spawn,981,
20260930-230802,285.475,Staff,spawn,985,
20260930-230802,289.794,Spear,breakbar_broken,970,1.953
20260930-230802,304.507,Spear,death,970,39.998
20260930-230802,336.796,Sword,breakbar_broken,981,2.033
20260930-230802,341.073,Sword,death,981,39.994
20260930-230802,344.505,Spear,spawn,999,
20260930-230802,372.071,Staff,death,985,39.998
20260930-230802,381.067,Sword,spawn,9a5,
20260930-230802,398.596,Spear,breakbar_broken,999,1.915
20260930-230802,402.349,Spear,death,999,40.004
20260930-230802,412.069,Staff,spawn,9b0,
20260930-230802,441.996,Sword,breakbar_broken,9a5,1.915
20260930-230802,442.353,Spear,spawn,9b7,
20260930-230802,443.423,Sword,death,9a5,39.998
20260930-230802,483.421,Sword,spawn,9cf,
20260930-230802,494.425,Staff,death,9b0,39.994
20260930-230802,498.796,Spear,breakbar_broken,9b7,1.991
20260930-230802,505.067,Spear,death,9b7,
20260930-230802,528.496,Sword,breakbar_broken,9cf,2.003
20260930-230802,534.419,Staff,spawn,9e5,
20260930-231403,3.001,Staff,spawn,9eb,
20260930-231403,73.022,Staff,breakbar_broken,9eb,2.017
20260930-231403,76.083,Staff,death,9eb,39.994
20260930-231403,116.077,Staff,spawn,a07,
20260930-231403,122.285,Spear,spawn,a0c,
20260930-231403,174.522,Spear,breakbar_broken,a0c,2.001
20260930-231403,178.643,Spear,death,a0c,
20260930-231403,186.517,Staff,death,a07,
20260930-231723,2.997,Staff,spawn,a2c,
20260930-231723,97.195,Staff,death,a2c,39.994
20260930-231723,126.629,Spear,spawn,a4f,
20260930-231723,137.189,Staff,spawn,a53,
20260930-231723,171.949,Spear,death,a4f,
20260930-232430,3.002,Staff,spawn,a64,
20260930-232430,64.259,Staff,breakbar_broken,a64,1.979
20260930-232430,70.16,Staff,death,a64,40
20260930-232430,110.16,Staff,spawn,a81,
20260930-232430,118.56,Spear,spawn,a86,
20260930-232430,169.059,Staff,breakbar_broken,a81,1.897
20260930-232430,170.8,Staff,death,a81,39.994
20260930-232430,176.559,Spear,breakbar_broken,a86,1.955
20260930-232430,179.242,Spear,death,a86,39.992
20260930-232430,210.794,Staff,spawn,aa2,
20260930-232430,219.234,Spear,spawn,aa5,
20260930-232430,270.28,Sword,spawn,ab3,
20260930-232430,306.676,Spear,death,aa5,39.992
20260930-232430,314.874,Staff,death,aa2,39.996
20260930-232430,318.428,Sword,death,ab3,40
20260930-232430,346.668,Spear,spawn,acf,
20260930-232430,354.87,Staff,spawn,ad2,
20260930-232430,358.428,Sword,spawn,ad3,
20260930-233450,2.997,Staff,spawn,ade,
20260930-233450,82.193,Staff,death,ade,40
20260930-233450,116.799,Spear,spawn,afc,
20260930-233450,122.193,Staff,spawn,b00,
20260930-233450,177.21,Spear,breakbar_broken,afc,1.939
20260930-233450,185.509,Spear,death,afc,40.002
20260930-233450,202.91,Staff,breakbar_broken,b00,2.041
20260930-233450,207.391,Staff,death,b00,39.994
20260930-233450,225.511,Spear,spawn,b1d,
20260930-233450,247.385,Staff,spawn,b24,
20260930-233450,280.21,Spear,breakbar_broken,b1d,1.979
20260930-233450,284.033,Sword,spawn,b34,
20260930-233450,285.993,Spear,death,b1d,39.988
20260930-233450,319.11,Staff,breakbar_broken,b24,1.995
20260930-233450,322.513,Staff,death,b24,39.992
20260930-233450,325.981,Spear,spawn,b41,
20260930-233450,355.185,Sword,death,b34,39.998
20260930-233450,362.505,Staff,spawn,b4d,
20260930-233450,377.471,Spear,death,b41,39.994
20260930-233450,395.183,Sword,spawn,b56,
20260930-233450,417.465,Spear,spawn,b5e,
20260930-233450,447.21,Staff,breakbar_broken,b4d,1.933
20260930-233450,457.063,Staff,death,b4d,40
20260930-233450,472.465,Sword,death,b56,39.996
20260930-233450,479.825,Spear,death,b5e,39.99
20260930-233450,497.063,Staff,spawn,b7d,
20260930-233450,512.461,Sword,spawn,b8c,
20260930-233450,519.815,Spear,spawn,b90,
20260930-233450,571.101,Staff,death,b7d,
20260930-234618,2.995,Staff,spawn,ba5,
20260930-234618,97.081,Staff,death,ba5,39.994
20260930-234618,118.153,Spear,spawn,bc7,
20260930-234618,137.075,Staff,spawn,bcd,
20260930-234618,168.938,Spear,breakbar_broken,bc7,1.891
20260930-234618,178.313,Spear,death,bc7,39.998
20260930-234618,196.238,Staff,breakbar_broken,bcd,1.957
20260930-234618,201.315,Staff,death,bcd,40.002
20260930-234618,218.311,Spear,spawn,be9,
20260930-234618,241.317,Staff,spawn,bef,
20260930-234618,270.147,Sword,spawn,bf6,
20260930-234618,270.538,Spear,breakbar_broken,be9,2.007
20260930-234618,276.111,Spear,death,be9,39.996
20260930-234618,316.107,Spear,spawn,c05,
20260930-234618,320.745,Sword,death,bf6,40.004
20260930-234618,344.671,Staff,death,bef,39.99
20260930-234618,360.749,Sword,spawn,c17,
20260930-234618,362.638,Spear,breakbar_broken,c05,1.947
20260930-234618,364.945,Spear,death,c05,40
20260930-234618,384.661,Staff,spawn,c1e,
20260930-234618,404.945,Spear,spawn,c26,
20260930-234618,440.538,Staff,breakbar_broken,c1e,1.921
20260930-234618,443.991,Sword,death,c17,39.994
20260930-234618,445.185,Staff,death,c1e,40.002
20260930-234618,450.225,Spear,death,c26,39.994
20260930-234618,483.985,Sword,spawn,c4d,
20260930-234618,485.187,Staff,spawn,c4e,
20260930-234618,490.219,Spear,spawn,c51,
20261001-000305,3.003,Staff,spawn,c70,
20261001-195456,3.002,Staff,spawn,1645,
20261001-195456,104.717,Staff,death,1645,39.993
20261001-195456,120.52,Spear,spawn,1665,
20261001-195456,144.71,Staff,spawn,166d,
20261001-195456,173.998,Spear,death,1665,39.994
20261001-195456,210.95,Staff,death,166d,39.996
20261001-195456,213.992,Spear,spawn,1681,
20261001-195456,250.946,Staff,spawn,168a,
20261001-195456,264.678,Spear,death,1681,39.986
20261001-195456,272.508,Sword,spawn,1696,
20261001-195456,303.228,Staff,death,168a,40.004
20261001-195456,304.664,Spear,spawn,16a1,
20261001-195456,343.232,Staff,spawn,16ac,
20261001-195456,360.828,Spear,death,16a1,39.996
20261001-195456,368.634,Sword,death,1696,39.986
20261001-195456,400.824,Spear,spawn,16bd,
20261001-195456,408.62,Sword,spawn,16c2,
20261001-195456,436.017,Staff,breakbar_broken,16ac,2.087
20261001-195456,458.63,Staff,death,16ac,39.988
20261001-195456,461.742,Spear,death,16bd,39.994
20261001-195456,468.538,Sword,death,16c2,40
20261001-195456,498.618,Staff,spawn,16e6,
20261001-195456,501.736,Spear,spawn,16e7,
20261001-195456,508.538,Sword,spawn,16ea,
20261001-200035,2.997,Staff,spawn,16f3,
20261001-200035,120.157,Spear,spawn,1710,
20261001-200035,131.038,Staff,death,16f3,39.994
20261001-200035,166.462,Spear,breakbar_broken,1710,2.009
20261001-200035,168.073,Spear,death,1710,39.996
20261001-200035,171.032,Staff,spawn,1721,
20261001-200035,208.069,Spear,spawn,1729,
20261001-201030,3.001,Staff,spawn,1739,
20261001-201030,111.94,Staff,breakbar_broken,1739,2.141
20261001-201030,113.317,Staff,death,1739,39.996
20261001-201030,122.125,Spear,spawn,1758,
20261001-201030,153.313,Staff,spawn,1760,
20261001-201030,178.94,Spear,breakbar_broken,1758,1.971
20261001-201030,185.517,Spear,death,1758,39.994
20261001-201030,203.433,Staff,death,1760,39.996
20261001-201030,225.511,Spear,spawn,1774,
20261001-201030,243.429,Staff,spawn,177b,
20261001-201030,269.115,Sword,spawn,1780,
20261001-201030,279.155,Spear,death,1774,39.996
20261001-201030,314.34,Staff,breakbar_broken,177b,1.969
20261001-201030,319.151,Spear,spawn,1790,
20261001-201030,320.031,Staff,death,177b,40
20261001-201030,323.74,Sword,breakbar_broken,1780,2.089
20261001-201030,334.189,Sword,death,1780,39.998
20261001-201030,360.031,Staff,spawn,179b,
20261001-201030,363.34,Spear,breakbar_broken,1790,2.053
20261001-201030,363.465,Spear,death,1790,40
20261001-201030,374.187,Sword,spawn,17a1,
20261001-201030,403.465,Spear,spawn,17ab,
20261001-201030,455.24,Staff,breakbar_broken,179b,1.901
20261001-201030,456.661,Spear,death,17ab,40.002
20261001-201030,463.343,Staff,death,179b,40.002
20261001-201030,466.64,Sword,breakbar_broken,17a1,1.899
20261001-201030,475.585,Sword,death,17a1,40
20261001-201030,496.663,Spear,spawn,17d5,
20261001-201030,503.345,Staff,spawn,17d6,
20261001-201030,515.585,Sword,spawn,17d9,
20261001-201411,2.998,Staff,spawn,17e4,
20261001-201640,3.001,Staff,spawn,17fa,
20261001-202431,2.993,Staff,spawn,1813,
20261001-202431,93.376,Staff,breakbar_broken,1813,2.175
20261001-202431,115.157,Staff,death,1813,39.994
20261001-202431,117.991,Spear,spawn,182e,
20261001-202431,155.151,Staff,spawn,1838,
20261001-202431,174.395,Spear,death,182e,39.988
20261001-202431,214.383,Spear,spawn,184a,
20261001-202431,231.593,Staff,death,1838,39.996
20261001-202431,270.791,Sword,spawn,1859,
20261001-202431,271.589,Staff,spawn,185a,
20261001-202431,278.589,Spear,death,184a,40.002
20261001-202431,318.591,Spear,spawn,1868,
20261001-202431,318.876,Sword,breakbar_broken,1859,1.987
20261001-202431,322.141,Sword,death,1859,40.004
20261001-202431,350.876,Staff,breakbar_broken,185a,1.745
20261001-202431,362.145,Sword,spawn,187a,
20261001-202431,364.987,Staff,death,185a,39.994
20261001-202431,366.745,Spear,death,1868,40.004
20261001-202431,404.981,Staff,spawn,1884,
20261001-202431,406.749,Spear,spawn,1885,
20261001-202431,441.376,Sword,breakbar_broken,187a,1.921
20261001-202923,2.995,Staff,spawn,1893,
20261001-202923,60.1,Staff,breakbar_broken,1893,2.013
20261001-202923,65.959,Staff,death,1893,40.006
20261001-202923,105.965,Staff,spawn,18ab,
20261001-202923,121.523,Spear,spawn,18b1,
20261001-202923,156.7,Staff,breakbar_broken,18ab,1.893
20261001-202923,159.711,Staff,death,18ab,39.996
20261001-202923,178.6,Spear,breakbar_broken,18b1,2.037
20261001-202923,181.435,Spear,death,18b1,40.002
20261001-202923,199.707,Staff,spawn,18c9,
20261001-202923,221.437,Spear,spawn,18cd,
20261001-203309,2.997,Staff,spawn,18d8,
20261001-203309,117.161,Spear,spawn,18f2,
20261001-203309,134.039,Staff,death,18d8,39.996
20261001-203309,171.27,Spear,breakbar_broken,18f2,2.003
20261001-203309,173.271,Spear,death,18f2,
20261001-203309,174.035,Staff,spawn,1908,
20261001-203917,3.004,Staff,spawn,1911,
20261001-203917,89.185,Staff,breakbar_broken,1911,1.937
20261001-203917,104.444,Staff,death,1911,39.996
20261001-203917,125.286,Spear,spawn,192f,
20261001-203917,144.44,Staff,spawn,1935,
20261001-203917,163.154,Spear,death,192f,40
20261001-203917,203.154,Spear,spawn,1945,
20261001-203917,239.476,Staff,death,1935,39.996
20261001-203917,259.585,Spear,breakbar_broken,1945,2.011
20261001-203917,260.43,Spear,death,1945,40.004
20261001-203917,274.476,Sword,spawn,195b,
20261001-203917,279.472,Staff,spawn,195c,
20261001-203917,300.434,Spear,spawn,1962,
20261001-204237,3.001,Staff,spawn,196e,
20261001-204237,79.237,Staff,breakbar_broken,196e,2.036
20261001-204237,106.353,Staff,death,196e,40
20261001-204237,124.245,Spear,spawn,198b,
20261001-204237,146.353,Staff,spawn,1994,
20261001-204237,164.238,Spear,breakbar_broken,198b,1.917
20261001-204237,166.793,Spear,death,198b,
20261001-204518,2.999,Staff,spawn,19a0,
20261001-204734,2.997,Staff,spawn,19b4,
20261001-205127,2.997,Staff,spawn,19c6,
20261001-205127,95.156,Staff,breakbar_broken,19c6,2.001
20261001-205127,122.679,Staff,death,19c6,39.992
20261001-205127,123.476,Spear,spawn,19e8,
20261001-205127,162.671,Staff,spawn,19f2,
20261001-205127,174.556,Spear,breakbar_broken,19e8,2.119
20261001-205127,181.027,Spear,death,19e8,
20261001-210120,2.998,Staff,spawn,1a07,
20261001-210120,110.67,Staff,death,1a07,40
20261001-210120,119.44,Spear,spawn,1a25,
20261001-210120,150.67,Staff,spawn,1a2c,
20261001-210120,182.676,Spear,death,1a25,39.996
20261001-210120,222.672,Spear,spawn,1a3d,
20261001-210120,226.669,Staff,breakbar_broken,1a2c,2.203
20261001-210120,241.952,Staff,death,1a2c,39.992
20261001-210120,270.912,Sword,spawn,1a4e,
20261001-210120,277.069,Spear,breakbar_broken,1a3d,2.073
20261001-210120,281.944,Staff,spawn,1a55,
20261001-210120,298.988,Spear,death,1a3d,40
20261001-210120,338.988,Spear,spawn,1a64,
20261001-210120,360.746,Staff,death,1a55,39.992
20261001-210120,367.269,Sword,breakbar_broken,1a4e,1.949
20261001-210120,381.984,Sword,death,1a4e,39.994
20261001-210120,400.738,Staff,spawn,1a74,
20261001-210120,421.978,Sword,spawn,1a7b,
20261001-210120,425.769,Spear,breakbar_broken,1a64,2.061
20261001-210120,427.388,Spear,death,1a64,39.994
20261001-210120,467.382,Spear,spawn,1a96,
20261001-210120,471.98,Staff,death,1a74,39.994
20261001-210120,485.536,Sword,death,1a7b,40
20261001-210120,511.974,Staff,spawn,1a9f,
20261001-210120,517.269,Spear,breakbar_broken,1a96,1.987
20261001-210120,525.536,Sword,spawn,1aa5,
20261001-210120,529.136,Spear,death,1a96,
20261001-210323,2.997,Staff,spawn,1aae,
20261001-211048,2.996,Staff,spawn,1ac1,
20261001-211048,114.4,Spear,spawn,1ada,
20261001-211048,139.64,Staff,death,1ac1,39.996
20261001-211048,166.963,Spear,breakbar_broken,1ada,2.031
20261001-211048,173.236,Spear,death,1ada,40.008
20261001-211048,179.636,Staff,spawn,1af3,
20261001-211048,213.244,Spear,spawn,1afa,
20261001-211048,268.394,Sword,spawn,1b07,
20261001-211048,271.763,Staff,breakbar_broken,1af3,1.903
20261001-211048,305.552,Staff,death,1af3,39.994
20261001-211048,331.163,Spear,breakbar_broken,1afa,1.993
20261001-211048,341.963,Sword,breakbar_broken,1b07,1.903
20261001-211048,344.986,Spear,death,1afa,39.994
20261001-211048,345.546,Staff,spawn,1b21,
20261001-211048,350.027,Sword,death,1b07,39.999
20261001-211048,384.98,Spear,spawn,1b29,
20261001-211048,390.026,Sword,spawn,1b2a,
20261001-212340,3,Staff,spawn,1b3f,
20261001-212705,2.999,Staff,spawn,1b49,
20261001-212705,98.438,Staff,breakbar_broken,1b49,2.119
20261001-212705,115.523,Staff,death,1b49,39.996
20261001-212705,119.641,Spear,spawn,1b6c,
20261001-212705,155.519,Staff,spawn,1b73,
20261001-213007,2.998,Staff,spawn,1b7e,
20261001-213007,113.145,Staff,breakbar_broken,1b7e,2.049
20261001-213007,117.364,Spear,spawn,1b9c,
20261001-213007,127.356,Staff,death,1b7e,
20261001-213946,3.001,Staff,spawn,1bac,
20261001-213946,106.894,Staff,breakbar_broken,1bac,1.903
20261001-213946,114.793,Staff,death,1bac,40.004
20261001-213946,119.521,Spear,spawn,1bcb,
20261001-213946,154.797,Staff,spawn,1bd7,
20261001-213946,181.999,Spear,death,1bcb,39.99
20261001-213946,208.557,Staff,death,1bd7,39.99
20261001-213946,221.989,Spear,spawn,1beb,
20261001-213946,248.547,Staff,spawn,1bf1,
20261001-213946,263.997,Spear,death,1beb,39.996
20261001-213946,271.511,Sword,spawn,1bfc,
20261001-213946,296.894,Staff,breakbar_broken,1bf1,1.973
20261001-213946,300.509,Staff,death,1bf1,40.002
20261001-213946,303.993,Spear,spawn,1c06,
20261001-213946,340.511,Staff,spawn,1c10,
20261001-213946,360.663,Sword,death,1bfc,40.004
20261001-213946,374.894,Spear,breakbar_broken,1c06,1.977
20261001-213946,382.185,Spear,death,1c06,39.996
20261001-213946,400.667,Sword,spawn,1c22,
20261001-213946,422.181,Spear,spawn,1c26,
20261001-213946,443.194,Staff,breakbar_broken,1c10,2.027
20261001-213946,451.467,Staff,death,1c10,39.992
20261001-213946,455.705,Sword,death,1c22,39.994
20261001-213946,479.229,Spear,death,1c26,39.992
20261001-213946,491.459,Staff,spawn,1c48,
20261001-213946,495.699,Sword,spawn,1c49,
20261001-213946,519.221,Spear,spawn,1c4e,
20261001-220542,2.996,Staff,spawn,257f,
20261001-220542,112.55,Spear,spawn,259f,
20261001-220542,115.301,Staff,breakbar_broken,257f,2.129
20261001-220542,120.596,Staff,death,257f,39.992
20261001-220542,160.588,Staff,spawn,25b3,
20261001-220542,168.701,Spear,breakbar_broken,259f,2.055
20261001-220542,173.718,Spear,death,259f,39.986
20261001-220542,213.704,Spear,spawn,25c8,
20261001-220938,2.996,Staff,spawn,25d1,
20261001-220938,112.08,Spear,spawn,25ec,
20261001-220938,121.476,Staff,death,25d1,39.99
20261001-220938,161.466,Staff,spawn,25f6,
20261001-220938,166.15,Spear,death,25ec,
20261001-221556,2.996,Staff,spawn,2600,
20261001-221556,90.665,Staff,breakbar_broken,2600,1.927
20261001-221556,107.756,Staff,death,2600,40
20261001-221556,115.758,Spear,spawn,261d,
20261001-221556,147.665,Spear,breakbar_broken,261d,2.049
20261001-221556,147.756,Staff,spawn,2626,
20261001-221556,152.878,Spear,death,261d,40
20261001-221556,192.878,Spear,spawn,2633,
20261001-221556,214.165,Staff,breakbar_broken,2626,2.063
20261001-221556,224.108,Staff,death,2626,39.996
20261001-221556,251.752,Sword,spawn,2649,
20261001-221556,253.068,Spear,death,2633,40
20261001-221556,264.104,Staff,spawn,264c,
20261001-221556,293.068,Spear,spawn,2653,
20261001-222029,2.997,Staff,spawn,2661,
20261001-222029,105.938,Staff,breakbar_broken,2661,2.098
20261001-222029,112.995,Spear,spawn,267d,
20261001-222029,120.593,Staff,death,2661,39.998
20261001-222029,160.591,Staff,spawn,2689,
20261001-222029,168.991,Spear,death,267d,39.994
20261001-222029,208.985,Spear,spawn,2699,
20261001-222522,2.994,Staff,spawn,26a0,
20261001-222522,81.993,Staff,breakbar_broken,26a0,2.169
20261001-222522,106.152,Staff,death,26a0,40.002
20261001-222522,116.632,Spear,spawn,26bf,
20261001-222522,146.154,Staff,spawn,26c7,
20261001-222522,156.434,Spear,death,26bf,39.996
20261001-222522,196.43,Spear,spawn,26d4,
20261001-222522,236.193,Staff,breakbar_broken,26c7,2.111
20261001-223543,2.996,Staff,spawn,26e4,
20261001-223543,111.88,Spear,spawn,26fc,
20261001-223543,126.952,Staff,death,26e4,40
20261001-223543,166.952,Staff,spawn,270e,
20261001-223543,170.183,Spear,breakbar_broken,26fc,1.969
20261001-223543,176.32,Spear,death,26fc,39.982
20261001-223543,216.302,Spear,spawn,271c,
20261001-223543,245.904,Staff,death,270e,40.004
20261001-223543,267.586,Sword,spawn,272f,
20261001-223543,276.022,Spear,death,271c,40
20261001-223543,285.908,Staff,spawn,2735,
20261001-223543,316.022,Spear,spawn,273f,
20261001-223543,321.834,Sword,death,272f,39.994
20261001-223543,361.828,Sword,spawn,274b,
20261001-223543,369.483,Spear,breakbar_broken,273f,2.095
20261001-223543,369.666,Spear,death,273f,39.996
20261001-223543,401.483,Staff,breakbar_broken,2735,2.133
20261001-223543,409.662,Spear,spawn,275d,
20261001-223543,424.866,Staff,death,2735,39.986
20261001-223543,464.852,Staff,spawn,2776,
20261001-223543,484.098,Sword,death,274b,39.992
20261001-223543,490.338,Spear,death,275d,39.996
20261001-223543,524.09,Sword,spawn,2784,
20261001-223543,530.334,Spear,spawn,2785,
20261001-223543,548.283,Staff,breakbar_broken,2776,2.093
20261001-223543,559.892,Staff,death,2776,
20261001-224122,2.999,Staff,spawn,2793,
20261001-224122,114.517,Spear,spawn,27af,
20261001-224122,114.713,Staff,death,2793,39.996
20261001-224122,154.709,Staff,spawn,27b9,
20261001-224122,157.557,Spear,death,27af,39.994
20261001-224122,197.551,Spear,spawn,27c7,
20261001-224122,241.434,Spear,breakbar_broken,27c7,1.991
20261001-224122,244.111,Spear,death,27c7,
20261001-224532,3.002,Staff,spawn,27da,
20261001-224532,81.8,Staff,death,27da,39.996
20261001-224532,114.554,Spear,spawn,27f7,
20261001-224532,121.796,Staff,spawn,27fb,
20261001-224532,172.67,Spear,death,27f7,40.002
20261001-224532,199.954,Staff,death,27fb,
20261001-224532,212.672,Spear,spawn,2815,
20261001-225245,2.993,Staff,spawn,281a,
20261001-225245,114.483,Spear,spawn,2832,
20261001-225245,135.669,Staff,death,281a,39.998
20261001-225245,175.667,Staff,spawn,2842,
20261001-225245,182.147,Spear,death,2832,39.998
20261001-225245,222.145,Spear,spawn,2851,
20261001-225245,264.469,Sword,spawn,2860,
20261001-225245,266.273,Staff,death,2842,39.994
20261001-225245,268.383,Spear,death,2851,40
20261001-225245,306.267,Staff,spawn,286d,
20261001-225245,308.383,Spear,spawn,286e,
20261001-225245,338.036,Sword,breakbar_broken,2860,2.071
20261001-225245,363.936,Staff,breakbar_broken,286d,1.881
20261001-225245,369.659,Staff,death,286d,
