phase,position,skill,skill_id,logs,agree_pct,start_s,start_min_s,start_max_s,cast_s,otherwise,fixated
P1 (Staff; 100 → 70 %),1,Judgment of Eternity,80629,315,100,4.4,4.1,6.8,4.4,,
P1 (Staff; 100 → 70 %),2,Surrounding Curse,80653,315,100,8.9,8.6,11.3,4,,
P1 (Staff; 100 → 70 %),3,Annihilating Orb,80323,315,100,13,12.6,15.4,6.9,,
P1 (Staff; 100 → 70 %),4,Probability Distribution,80809,313,100,20,19.5,22.3,2,,
P1 (Staff; 100 → 70 %),5,Eternal Reflection,81209,311,100,22,21.6,25.9,3.8,,
P1 (Staff; 100 → 70 %),6,Eternal Reflection,81209,310,100,31.2,30.5,35,3.8,,
P1 (Staff; 100 → 70 %),7,Ascension's Sacrifice,81076,308,100,37.3,36.6,39.8,6,,
P1 (Staff; 100 → 70 %),8,Annihilating Orb,80323,307,100,43.4,42.7,47.6,6.9,,
P1 (Staff; 100 → 70 %),9,Judgment of Eternity,80629,301,100,51.8,50.8,54.5,4.4,,
P1 (Staff; 100 → 70 %),10,Eternal Reflection,81209,300,100,56.3,55.4,58.9,3.8,,
P1 (Staff; 100 → 70 %),11,Surrounding Curse,80653,298,100,60.2,59.1,62.8,4,,
P1 (Staff; 100 → 70 %),12,Probability Distribution,80809,297,100,64.2,63.2,68.6,2,,
P1 (Staff; 100 → 70 %),13,Eternal Reflection,81209,293,100,66.3,65.2,70.7,3.8,,Fixated #2 at 70.8 s (70.3-71.3; 285 logs)
P1 (Staff; 100 → 70 %),14,Annihilating Orb,80323,279,100,73.8,72.9,78.4,6.9,,
P1 (Staff; 100 → 70 %),15,Eternal Reflection,81209,278,100,80.7,79.9,85.4,3.8,,
P1 (Staff; 100 → 70 %),16,Ascension's Sacrifice,81076,276,100,84.6,83.8,90.8,6,,
P1 (Staff; 100 → 70 %),17,Eternal Reflection,81209,275,100,90.9,89.9,96.9,3.8,,
P1 (Staff; 100 → 70 %),18,Judgment of Eternity,80629,275,96,96.6,95.5,102.2,4.4,Probability Distribution x11,
P1 (Staff; 100 → 70 %),19,Eternal Reflection,81209,271,100,101.2,99.6,106.7,3.8,,
P1 (Staff; 100 → 70 %),20,Annihilating Orb,80323,262,99,105,103.5,106.5,6.9,Probability Distribution x1 / Surrounding Curse x1,
P1 (Staff; 100 → 70 %),21,Surrounding Curse,80653,205,98,112.2,110.5,115,4,Judgment of Eternity x3 / Probability Distribution x1,
P1 (Staff; 100 → 70 %),22,Probability Distribution,80809,160,96,117.6,116.5,119,2,Annihilating Orb x2 / Surrounding Curse x2,
P1 (Staff; 100 → 70 %),23,Eternal Reflection,81209,135,100,119.6,118.6,125,3.8,,
P1 (Staff; 100 → 70 %),24,Eternal Reflection,81209,65,100,128.8,127.4,130.8,3.8,,
P2 (Spear; 70 → 40 %),1,Judgment of Eternity,80629,251,90,0,0,0,4.4,Cosmic Charge x24,
P2 (Spear; 70 → 40 %),2,Cosmic Charge,80512,251,90,4.5,4.4,4.6,7.8,Judgment of Eternity x20 / Worldpiercer x4,
P2 (Spear; 70 → 40 %),3,Worldpiercer,80916,251,98,12.4,12.3,12.4,6,Judgment of Eternity x4,
P2 (Spear; 70 → 40 %),4,Raging Storm,80810,237,98,18.5,18.3,20.3,7.4,Thousand Strikes x4,
P2 (Spear; 70 → 40 %),5,Thousand Strikes,80555,220,98,27.4,26.9,27.8,6,Raging Storm x4,
P2 (Spear; 70 → 40 %),6,Probability Distribution,80809,218,98,33.5,33,33.9,2,Thousand Strikes x4,
P2 (Spear; 70 → 40 %),7,Thousand Strikes,80555,214,98,38.9,38,41,6,Probability Distribution x4,Fixated #1 at 46.6 s (18.5-67.5; 210 logs)
P2 (Spear; 70 → 40 %),8,Worldpiercer,80916,203,92,48.7,44.1,49.5,6,Cosmic Charge x17,
P2 (Spear; 70 → 40 %),9,Judgment of Eternity,80629,197,98,54.8,53.1,57.4,4.4,Cosmic Charge x4,
P2 (Spear; 70 → 40 %),10,Cosmic Charge,80512,191,90,59.5,59,61.6,7.8,Worldpiercer x16 / Judgment of Eternity x3,
P2 (Spear; 70 → 40 %),11,Raging Storm,80810,187,98,68.6,63.8,69.8,7.4,Thousand Strikes x4,
P2 (Spear; 70 → 40 %),12,Thousand Strikes,80555,174,98,76,71.2,77.2,6,Raging Storm x3 / Judgment of Eternity x1,
P2 (Spear; 70 → 40 %),13,Probability Distribution,80809,166,98,82.3,78.6,84.7,2,Thousand Strikes x4,
P2 (Spear; 70 → 40 %),14,Worldpiercer,80916,164,91,85.3,83.5,86.6,6,Thousand Strikes x14,Fixated #2 at 91.2 s (46.4-115.8; 111 logs)
P2 (Spear; 70 → 40 %),15,Thousand Strikes,80555,153,89,92.6,90.7,93.9,6,Cosmic Charge x13 / Probability Distribution x3,
P2 (Spear; 70 → 40 %),16,Judgment of Eternity,80629,144,76,100.1,99.1,103.2,4.4,Raging Storm x20 / Worldpiercer x11,
P2 (Spear; 70 → 40 %),17,Cosmic Charge,80512,135,69,106.3,99.4,108.1,7.8,Thousand Strikes x30 / Judgment of Eternity x10,
P2 (Spear; 70 → 40 %),18,Raging Storm,80810,124,56,114.4,109.5,115.9,7.4,Cosmic Charge x29 / Judgment of Eternity x15,
P2 (Spear; 70 → 40 %),19,Worldpiercer,80916,80,36,122.2,121,123.2,6,Thousand Strikes x25 / Raging Storm x24,
P3 (Sword; 40 → 10 %),1,Judgment of Eternity,80629,102,95,0,0,0,4.4,Echoing Blade x5,
P3 (Sword; 40 → 10 %),2,Echoing Blade,81271,102,95,4.5,4.4,4.5,5.4,Judgment of Eternity x3 / Slice Through Reality x2,
P3 (Sword; 40 → 10 %),3,Slice Through Reality,80585,102,95,9.9,9.8,10,5.4,Excision Extremis x5,
P3 (Sword; 40 → 10 %),4,Excision Extremis,81053,102,95,15.4,15.2,15.5,6.2,Slice Through Reality x3 / Judgment of Eternity x2,
P3 (Sword; 40 → 10 %),5,Probability Distribution,80809,97,95,23.1,22.6,23.5,2,Division Eternal x5,
P3 (Sword; 40 → 10 %),6,Division Eternal,80483,96,95,25.2,24.7,25.6,3.7,Echoing Blade x5,
P3 (Sword; 40 → 10 %),7,Echoing Blade,81271,92,95,30.2,29.8,31,5.4,Excision Extremis x5,
P3 (Sword; 40 → 10 %),8,Excision Extremis,81053,92,95,35.6,35.2,36.5,6.2,Probability Distribution x5,Fixated #1 at 42.0 s (21.6-64.2; 88 logs)
P3 (Sword; 40 → 10 %),9,Division Eternal,80483,87,100,43.3,40.3,44.2,3.7,,
P3 (Sword; 40 → 10 %),10,Judgment of Eternity,80629,81,95,47.2,46.4,48,4.4,Excision Extremis x4,
P3 (Sword; 40 → 10 %),11,Excision Extremis,81053,77,77,52.2,51.7,53.2,6.2,Division Eternal x14 / Echoing Blade x4,
P3 (Sword; 40 → 10 %),12,Echoing Blade,81271,74,77,58.5,56.5,59.5,5.4,Excision Extremis x13 / Judgment of Eternity x3,
P3 (Sword; 40 → 10 %),13,Probability Distribution,80809,73,77,65.4,64.7,66.5,2,Echoing Blade x13 / Excision Extremis x3,
P3 (Sword; 40 → 10 %),14,Division Eternal,80483,71,77,67.5,66.7,68.6,3.7,Probability Distribution x15 / Excision Extremis x1,
P3 (Sword; 40 → 10 %),15,Excision Extremis,81053,70,77,71.2,70.5,72.4,6.2,Division Eternal x15 / Slice Through Reality x1,
P3 (Sword; 40 → 10 %),16,Division Eternal,80483,67,78,77.5,76.8,78.6,3.7,Excision Extremis x12 / Echoing Blade x3,
P3 (Sword; 40 → 10 %),17,Slice Through Reality,80585,67,78,82.8,81.8,84.2,5.4,Division Eternal x11 / Excision Extremis x3,Fixated #2 at 89.0 s (41.9-132.1; 67 logs)
P3 (Sword; 40 → 10 %),18,Echoing Blade,81271,66,71,89.6,88.6,91.1,5.4,Slice Through Reality x14 / Excision Extremis x4,
P3 (Sword; 40 → 10 %),19,Judgment of Eternity,80629,64,77,95.2,94,96.7,4.4,Echoing Blade x11 / Division Eternal x3,
P3 (Sword; 40 → 10 %),20,Excision Extremis,81053,62,74,99.6,98.5,105.1,6.2,Judgment of Eternity x12 / Echoing Blade x4,
P3 (Sword; 40 → 10 %),21,Probability Distribution,80809,62,74,105.9,104.8,107.2,2,Excision Extremis x12 / Judgment of Eternity x3,
P3 (Sword; 40 → 10 %),22,Division Eternal,80483,62,69,108,106.8,110.5,3.7,Probability Distribution x12 / Echoing Blade x4,Fixated #3 at 114.8 s (87.8-134.7; 33 logs)
P3 (Sword; 40 → 10 %),23,Echoing Blade,81271,61,69,115.4,114.4,117.2,5.4,Division Eternal x15 / Excision Extremis x4,
P3 (Sword; 40 → 10 %),24,Excision Extremis,81053,57,77,120.8,119.8,125.6,6.2,Echoing Blade x10 / Probability Distribution x3,
P3 (Sword; 40 → 10 %),25,Division Eternal,80483,56,77,127.1,126,133,3.7,Excision Extremis x10 / Echoing Blade x3,
P3 (Sword; 40 → 10 %),26,Division Eternal,80483,46,93,135.9,129.1,137.8,3.7,Excision Extremis x3,
P3 (Sword; 40 → 10 %),27,Judgment of Eternity,80629,39,67,140.1,139.1,141.6,4.4,Division Eternal x8 / Echoing Blade x3,
P3 (Sword; 40 → 10 %),28,Echoing Blade,81271,31,61,144.4,143.7,146,5.4,Judgment of Eternity x9 / Division Eternal x1,
P3 (Sword; 40 → 10 %),29,Slice Through Reality,80585,25,64,149.6,149.2,153.9,5.4,Echoing Blade x7 / Division Eternal x1,
Last phase (10 → 0 %),1,81071,81071,36,100,0,0,0,66.1,,Fixated #1 at 22.5 s (2.5-42.5; 34 logs) / Fixated #2 at 42.5 s (42.5-82.5; 14 logs)