log,window_start_s,threshold,skill,skill_id,kind,events,events_with_damage,damage
20260929-230929,165.6,70 %,Painful Bond,77128,buff tick,15,14,24614
20260929-230929,165.6,70 %,Nightmare Weapon,79077,buff tick,5,5,7730
20260929-230929,165.6,70 %,Nightmare Weapon,76923,buff tick,10,10,14454
20260929-230929,165.6,70 %,Soul Shards,72975,buff tick,8,8,16744
20260929-231520,145.8,70 %,Nightmare Weapon,76923,buff tick,5,5,7310
20260929-231520,145.8,70 %,Nightmare Weapon,79077,buff tick,4,4,6184
20260929-231520,145.8,70 %,Painful Bond,77128,buff tick,10,10,16383
20260929-232028,143.3,70 %,23279,23279,direct hit,1,1,1
20260929-232602,158.7,70 %,23279,23279,direct hit,1,1,1
20260929-233952,162.8,70 %,23279,23279,direct hit,1,1,1
20260929-234806,176,70 %,Vampiric Strikes,13814,buff tick,18,18,612
20260929-235415,142.4,70 %,Vampiric Strikes,13814,buff tick,36,36,1224
20260929-235848,139.1,70 %,Vampiric Strikes,13814,buff tick,26,26,884
20260930-002947,421.1,40 %,23279,23279,direct hit,1,1,1
20260930-004322,134.5,70 %,23279,23279,direct hit,1,1,1
20260930-004948,140.2,70 %,23279,23279,direct hit,1,1,1
20260930-010007,141.2,70 %,23279,23279,direct hit,1,1,1
20260930-011934,146.4,70 %,23279,23279,direct hit,1,1,1
20260930-012807,150.3,70 %,23279,23279,direct hit,1,1,1
20260930-014701,399.5,40 %,23279,23279,direct hit,1,1,1
20260930-015718,327.5,40 %,23279,23279,direct hit,1,1,1
20260930-130931,132.2,70 %,23279,23279,direct hit,1,1,1
20260930-131748,139.5,70 %,23279,23279,direct hit,1,1,1
20260930-133514,137.8,70 %,23279,23279,direct hit,1,1,1
20260930-140955,145.1,70 %,23279,23279,direct hit,1,1,1
20260930-142522,136.8,70 %,23279,23279,direct hit,1,1,1
20260930-143043,136.2,70 %,23279,23279,direct hit,1,1,1
20260930-144536,139.6,70 %,23279,23279,direct hit,1,1,1
20260930-145035,135.3,70 %,23279,23279,direct hit,1,1,1
20260930-170422,140,70 %,Painful Bond,77128,buff tick,25,25,42462
20260930-170422,140,70 %,Nightmare Weapon,79077,buff tick,5,5,7687
20260930-170422,140,70 %,Soul Shards,72975,buff tick,4,4,8376
20260930-170422,140,70 %,Nightmare Weapon,76923,buff tick,10,10,14905
20260930-170422,351,40 %,Nightmare Weapon,79077,buff tick,2,2,3054
20260930-170947,142.5,70 %,Painful Bond,77128,buff tick,25,25,44618
20260930-170947,142.5,70 %,Nightmare Weapon,79077,buff tick,1,1,1538
20260930-175523,146.7,70 %,Painful Bond,77128,buff tick,12,12,21328
20260930-175523,146.7,70 %,Nourishment,57244,buff tick,1,1,325
20260930-180129,138.9,70 %,Painful Bond,77128,buff tick,10,10,17868
20260930-180129,138.9,70 %,Nightmare Weapon,79077,buff tick,1,1,1538
20260930-180617,144.5,70 %,Painful Bond,77128,buff tick,7,7,12614
20260930-180617,144.5,70 %,23279,23279,direct hit,1,1,1
20260930-181021,147.5,70 %,Painful Bond,77128,buff tick,19,19,33782
20260930-181021,147.5,70 %,23279,23279,direct hit,1,1,1
20260930-181021,147.5,70 %,Nightmare Weapon,76923,buff tick,1,1,1548
20260930-181643,147.8,70 %,Painful Bond,77128,buff tick,3,3,5190
20260930-181643,147.8,70 %,23279,23279,direct hit,1,1,1
20260930-182315,157.2,70 %,Painful Bond,77128,buff tick,7,7,12398
20260930-182315,157.2,70 %,23279,23279,direct hit,1,1,1
20260930-182315,157.2,70 %,Nightmare Weapon,76923,buff tick,6,6,9062
20260930-182315,157.2,70 %,Nightmare Weapon,79077,buff tick,3,3,4644
20260930-183207,147,70 %,23279,23279,direct hit,1,1,1
20260930-183742,146.8,70 %,23279,23279,direct hit,1,1,1
20260930-184348,141.9,70 %,23279,23279,direct hit,1,1,1
20260930-191231,129.7,70 %,Binding Blade,9148,buff tick,2,2,2566
20260930-191231,129.7,70 %,23279,23279,direct hit,1,1,1
20260930-192340,129.2,70 %,Binding Blade,9148,buff tick,1,1,770
20260930-193130,282.8,40 %,Binding Blade,9148,buff tick,1,1,718
20260930-193906,124.8,70 %,Binding Blade,9148,buff tick,5,5,5417
20260930-193906,124.8,70 %,23279,23279,direct hit,1,1,1
20260930-193906,295.1,40 %,Binding Blade,9148,buff tick,2,2,1642
20260930-194816,129.3,70 %,23279,23279,direct hit,1,1,1
20260930-194816,286.3,40 %,23279,23279,direct hit,1,1,1
20260930-195751,128.7,70 %,Binding Blade,9148,buff tick,1,1,246
20260930-195751,278,40 %,Binding Blade,9148,buff tick,7,7,7991
20260930-200445,126.2,70 %,23279,23279,direct hit,1,1,1
20260930-201108,126.7,70 %,23279,23279,direct hit,1,1,1
20260930-203200,130.7,70 %,Binding Blade,9148,buff tick,1,1,1283
20260930-203200,297.1,40 %,23279,23279,direct hit,1,1,1
20260930-203200,297.1,40 %,Binding Blade,9148,buff tick,1,1,590
20260930-203600,130.3,70 %,Binding Blade,9148,buff tick,7,7,7693
20260930-203947,125.3,70 %,Binding Blade,9148,buff tick,2,2,1021
20260930-204517,128.6,70 %,Binding Blade,9148,buff tick,2,2,2309
20260930-205557,283.5,40 %,Binding Blade,9148,buff tick,5,5,4773
20260930-210018,130,70 %,Binding Blade,9148,buff tick,2,2,1376
20260930-210743,279.7,40 %,Binding Blade,9148,buff tick,11,11,12048
20260930-210743,279.7,40 %,23279,23279,direct hit,1,1,1
20260930-211921,130,70 %,23279,23279,direct hit,1,1,1
20260930-211921,284.9,40 %,Binding Blade,9148,buff tick,8,8,8750
20260930-211921,492.9,10 %,23279,23279,direct hit,2,2,2
20260930-211921,492.9,10 %,Binding Blade,9148,buff tick,18,18,19881
20260930-213637,126.2,70 %,23279,23279,direct hit,1,1,1
20260930-214712,130.4,70 %,Binding Blade,9148,buff tick,4,4,4465
20260930-214712,130.4,70 %,23279,23279,direct hit,1,1,1
20260930-214712,282.4,40 %,23279,23279,direct hit,1,1,1
20260930-214712,502.3,10 %,23279,23279,direct hit,2,2,2
20260930-214712,502.3,10 %,Binding Blade,9148,buff tick,22,22,23924
20260930-214712,502.3,10 %,Oppressive Collapse,44296,direct hit,5,1,876
20260930-215627,125.6,70 %,23279,23279,direct hit,1,1,1
20260930-220441,132.5,70 %,23279,23279,direct hit,1,1,1
20260930-220441,289.1,40 %,Binding Blade,9148,buff tick,1,1,639
20260930-221626,131.4,70 %,23279,23279,direct hit,1,1,1
20260930-221626,131.4,70 %,Binding Blade,9148,buff tick,1,1,245
20260930-225431,129.5,70 %,23279,23279,direct hit,1,1,1
20260930-225431,129.5,70 %,Binding Blade,9148,buff tick,2,2,2412
20260930-225431,277.1,40 %,23279,23279,direct hit,1,1,1
20260930-225431,277.1,40 %,Binding Blade,9148,buff tick,2,2,2309
20260930-230802,129.8,70 %,23279,23279,direct hit,1,1,1
20260930-230802,129.8,70 %,Binding Blade,9148,buff tick,1,1,737
20260930-230802,281.8,40 %,Binding Blade,9148,buff tick,7,7,8809
20260930-230802,471.3,10 %,23279,23279,direct hit,2,2,2
20260930-230802,471.3,10 %,Piercing Stance,77078,direct hit,3,1,7219
20260930-230802,471.3,10 %,Binding Blade,9148,buff tick,11,11,11371
20260930-231403,129.1,70 %,Binding Blade,9148,buff tick,3,3,2669
20260930-231723,132.5,70 %,Binding Blade,9148,buff tick,4,3,2717
20260930-231723,132.5,70 %,23279,23279,direct hit,1,1,1
20260930-232430,124.8,70 %,23279,23279,direct hit,1,1,1
20260930-233450,122.7,70 %,Binding Blade,9148,buff tick,12,12,13567
20260930-233450,122.7,70 %,23279,23279,direct hit,1,1,1
20260930-233450,290.2,40 %,23279,23279,direct hit,1,1,1
20260930-233450,501.7,10 %,Binding Blade,9148,buff tick,11,11,12769
20260930-233450,501.7,10 %,23279,23279,direct hit,2,2,2
20260930-234618,276,40 %,Binding Blade,9148,buff tick,11,11,12710
20260930-234618,454,10 %,Binding Blade,9148,buff tick,5,5,6101
20260930-234618,454,10 %,23279,23279,direct hit,2,2,2
20260930-234618,454,10 %,Manifest Sand Shade,46824,direct hit,9,1,672
20261001-195456,126.5,70 %,23279,23279,direct hit,1,1,1
20261001-195456,126.5,70 %,Binding Blade,9148,buff tick,4,3,3849
20261001-195456,474.6,10 %,Binding Blade,9148,buff tick,3,3,3055
20261001-195456,474.6,10 %,23279,23279,direct hit,1,1,1
20261001-200035,126,70 %,Binding Blade,9148,buff tick,2,2,911
20261001-200035,126,70 %,23279,23279,direct hit,1,1,1
20261001-201030,129.2,70 %,23279,23279,direct hit,1,1,1
20261001-201030,129.2,70 %,Binding Blade,9148,buff tick,11,10,12830
20261001-201030,275.9,40 %,Binding Blade,9148,buff tick,11,11,12799
20261001-201030,446,10 %,23279,23279,direct hit,2,2,2
20261001-201030,446,10 %,Binding Blade,9148,buff tick,12,12,13423
20261001-201030,446,10 %,Oppressive Collapse,44296,direct hit,8,1,1413
20261001-202431,124.2,70 %,Binding Blade,9148,buff tick,5,5,4564
20261001-202431,124.2,70 %,23279,23279,direct hit,1,1,1
20261001-202431,276.7,40 %,Binding Blade,9148,buff tick,1,1,1026
20261001-202923,129.2,70 %,23279,23279,direct hit,1,1,1
20261001-203309,123.3,70 %,Binding Blade,9148,buff tick,3,3,2851
20261001-203917,131.2,70 %,23279,23279,direct hit,1,1,1
20261001-203917,280.4,40 %,23279,23279,direct hit,1,1,1
20261001-204237,130.1,70 %,Binding Blade,9148,buff tick,1,1,344
20261001-205127,129.4,70 %,Binding Blade,9148,buff tick,3,3,3541
20261001-210120,125.4,70 %,23279,23279,direct hit,1,1,1
20261001-210120,125.4,70 %,Binding Blade,9148,buff tick,3,3,3541
20261001-210120,276.8,40 %,23279,23279,direct hit,1,1,1
20261001-210120,459.3,10 %,23279,23279,direct hit,2,2,2
20261001-210120,459.3,10 %,Symbol of Luminance,73132,direct hit,6,2,10636
20261001-210120,459.3,10 %,Binding Blade,9148,buff tick,7,7,8465
20261001-211048,120.3,70 %,23279,23279,direct hit,1,1,1
20261001-211048,274.3,40 %,Binding Blade,9148,buff tick,5,5,5050
20261001-212705,125.5,70 %,Binding Blade,9148,buff tick,4,4,3233
20261001-212705,125.5,70 %,23279,23279,direct hit,1,1,1
20261001-213007,123.6,70 %,Binding Blade,9148,buff tick,9,9,11136
20261001-213007,123.6,70 %,23279,23279,direct hit,1,1,1
20261001-213946,125.4,70 %,Binding Blade,9148,buff tick,4,4,4670
20261001-213946,277.4,40 %,Binding Blade,9148,buff tick,9,9,9979
20261001-213946,470.4,10 %,Binding Blade,9148,buff tick,11,11,12829
20261001-213946,470.4,10 %,Symbol of Luminance,73132,direct hit,6,2,12001
20261001-213946,470.4,10 %,23279,23279,direct hit,1,1,1
20261001-220542,118.4,70 %,Binding Blade,9148,buff tick,2,2,1796
20261001-220542,118.4,70 %,23279,23279,direct hit,1,1,1
20261001-220938,117.9,70 %,23279,23279,direct hit,1,1,1
20261001-220938,117.9,70 %,Binding Blade,9148,buff tick,1,1,154
20261001-221556,121.8,70 %,23279,23279,direct hit,1,1,1
20261001-221556,121.8,70 %,Binding Blade,9148,buff tick,1,1,391
20261001-222029,118.9,70 %,23279,23279,direct hit,1,1,1
20261001-222029,118.9,70 %,Binding Blade,9148,buff tick,11,11,12724
20261001-222522,122.7,70 %,Binding Blade,9148,buff tick,11,11,12830
20261001-222522,122.7,70 %,23279,23279,direct hit,1,1,1
20261001-223543,117.8,70 %,23279,23279,direct hit,1,1,1
20261001-223543,117.8,70 %,Binding Blade,9148,buff tick,3,3,2669
20261001-223543,273.5,40 %,Binding Blade,9148,buff tick,1,1,308
20261001-223543,453.7,10 %,Manifest Sand Shade,43485,direct hit,18,1,427
20261001-223543,453.7,10 %,Binding Blade,9148,buff tick,12,12,12892
20261001-223543,453.7,10 %,Desert Shroud,46726,direct hit,50,1,287
20261001-223543,453.7,10 %,23279,23279,direct hit,1,1,1
20261001-224122,120.4,70 %,Binding Blade,9148,buff tick,6,6,5640
20261001-224122,120.4,70 %,23279,23279,direct hit,1,1,1
20261001-224532,121.7,70 %,23279,23279,direct hit,1,1,1
20261001-225245,121.3,70 %,Binding Blade,9148,buff tick,4,4,4323
20261001-225245,270.3,40 %,Binding Blade,9148,buff tick,6,6,6823
20261002-151055,153.2,70 %,23279,23279,direct hit,1,1,1
20261002-151055,153.2,70 %,Nourishment,57356,buff tick,1,1,325
20261002-151558,155.9,70 %,23279,23279,direct hit,1,1,1
20261002-152053,143,70 %,23279,23279,direct hit,1,1,1
20261002-153333,155.2,70 %,23279,23279,direct hit,1,1,1
20261002-154127,139.1,70 %,23279,23279,direct hit,1,1,1
20261002-154530,141.2,70 %,23279,23279,direct hit,1,1,1
20261002-222650,286,40 %,Binding Blade,9148,buff tick,1,1,1180
20261002-224131,278.7,40 %,Binding Blade,9148,buff tick,1,1,886
20261002-225404,118.8,70 %,23279,23279,direct hit,1,1,1
20261002-225404,274.7,40 %,Binding Blade,9148,buff tick,4,4,4178
20261002-225404,437,10 %,Binding Blade,9148,buff tick,1,1,442
20261002-225404,437,10 %,23279,23279,direct hit,1,1,1
20261002-231326,123.2,70 %,Binding Blade,9148,buff tick,2,2,1456
20261002-231326,123.2,70 %,23279,23279,direct hit,1,1,1
20261002-231907,128.5,70 %,23279,23279,direct hit,1,1,1
20261002-232932,122.5,70 %,Binding Blade,9148,buff tick,1,1,393
20261002-232932,276.5,40 %,Binding Blade,9148,buff tick,3,3,3387
20261002-232932,524.5,10 %,23279,23279,direct hit,2,2,2
20261002-232932,524.5,10 %,Flamestrike,5508,direct hit,43,1,349
20261002-232932,524.5,10 %,Binding Blade,9148,buff tick,11,11,12608
20261002-234158,125.6,70 %,23279,23279,direct hit,1,1,1
20261002-234158,279.9,40 %,Binding Blade,9148,buff tick,12,12,13566
20261003-000447,114.2,70 %,23279,23279,direct hit,1,1,1
20261003-000447,114.2,70 %,Binding Blade,9148,buff tick,9,9,11073
20261003-001430,268.3,40 %,Binding Blade,9148,buff tick,11,11,12829
20261003-002223,122,70 %,23279,23279,direct hit,1,1,1
20261003-002223,122,70 %,Binding Blade,9148,buff tick,2,2,2412
20261003-002223,271.8,40 %,Binding Blade,9148,buff tick,1,1,393
20261003-002526,121.1,70 %,Binding Blade,9148,buff tick,7,7,7521