log,source,url,kill_time_s,stacks_at_kill,highest,at_70,at_40,at_10,at_last_phase_start
wingman_14de4-20261004-011214_noe_kill,EI,https://gw2wingman.nevermindcreations.de/log/14de4-20261004-011214_noe_kill,511,25,28,1,10,17,25
wingman_81daf-20261002-154733_noe_kill,EI,https://gw2wingman.nevermindcreations.de/log/81daf-20261002-154733_noe_kill,523,29,34,1,14,25,31
220703_Account-E5E7_dpsreport,EI,https://dps.report/qVZX-20260930-220703_boss,588,31,35,1,11,21,31
wingman_9fe05-20261002-155233_noe_kill,EI,https://gw2wingman.nevermindcreations.de/log/9fe05-20261002-155233_noe_kill,537,32,32,2,12,20,27
20261001-213946,raw,https://gw2wingman.nevermindcreations.de/log/6f88a-Clemyyy4217_20261001-213947_noe_kill,550,33,33,2,9,21,28
050224_dpsreport,EI,https://dps.report/oOYc-20260930-050224_boss,553,33,35,0,9,25,34
wingman_47d67-20261004-012811_noe_kill,EI,https://gw2wingman.nevermindcreations.de/log/47d67-20261004-012811_noe_kill,576,34,36,0,14,23,33
20261002-225404,raw,https://gw2wingman.nevermindcreations.de/log/85c0f-20261002-215404_noe_kill,529,35,39,1,10,24,38
20261002-010435_dpsreport,EI,https://b.dps.report/rKIr-20261002-010435_boss,581,35,38,0,12,26,35
wingman_f9dda-20261002-215908_noe_kill,EI,https://gw2wingman.nevermindcreations.de/log/f9dda-20261002-215908_noe_kill,538,37,39,2,11,31,37
wingman_704cb-20261003-193028_noe_kill,EI,https://gw2wingman.nevermindcreations.de/log/704cb-20261003-193028_noe_kill,566,38,44,1,12,28,41
014037-fixed_dpsreport,EI,https://dps.report/MsKX-20260930-014037-fixed_boss,548,40,43,1,12,21,33
20261003-211223,raw,https://gw2wingman.nevermindcreations.de/log/e961b-20261003-211028_noe_kill,544,41,41,0,10,20,29
wingman_202f1-20261002-212232_noe_kill,EI,https://gw2wingman.nevermindcreations.de/log/202f1-20261002-212232_noe_kill,577,42,44,0,11,28,41
wingman_081e5-Account-81AD_20261001-210656_noe_kill,EI,https://gw2wingman.nevermindcreations.de/log/081e5-Seel6214_20261001-210656_noe_kill,536,44,44,0,13,24,29
wingman_e1a59-20261002-214446_noe_kill,EI,https://gw2wingman.nevermindcreations.de/log/e1a59-20261002-214446_noe_kill,585,44,46,1,14,32,45
wingman_005f1-20261001-215126_noe_kill,EI,https://gw2wingman.nevermindcreations.de/log/005f1-20261001-215126_noe_kill,580,46,49,0,9,31,41
wingman_c8506-20261003-120005_noe_kill,EI,https://gw2wingman.nevermindcreations.de/log/c8506-20261003-120005_noe_kill,594,49,51,0,13,28,46
wingman_b139e-20261001-201501_noe_kill,EI,https://gw2wingman.nevermindcreations.de/log/b139e-20261001-201501_noe_kill,572,52,59,0,13,29,40
224233_dpsreport,EI,https://dps.report/oPU0-20260930-224233_boss,551,54,55,3,18,34,41
20261003-222355,raw,https://gw2wingman.nevermindcreations.de/log/90921-Sejter9746_20261003-222354_noe_kill,550,56,56,3,16,29,40
wingman_23f47-Account-013D_20261002-004636_noe_kill,EI,https://gw2wingman.nevermindcreations.de/log/23f47-Mimslade4271_20261002-004636_noe_kill,587,62,62,1,6,17,30
wingman_dc6a8-Account-81AD_20261002-011054_noe_kill,EI,https://gw2wingman.nevermindcreations.de/log/dc6a8-Seel6214_20261002-011054_noe_kill,596,68,68,0,14,30,42
wingman_d3053-20261001-213328_noe_kill,EI,https://gw2wingman.nevermindcreations.de/log/d3053-20261001-213328_noe_kill,564,73,73,0,12,29,40
wingman_5771f-Account-CDD2_20261003-011714_noe_kill,EI,https://gw2wingman.nevermindcreations.de/log/5771f-Caemlyn4801_20261003-011714_noe_kill,569,87,87,0,8,24,34