cast,fixated,vloxx_to_fixated,fixated_moved,dist_from_vloxx_mean,dist_from_vloxx_max,ahead_of_vloxx,beside_vloxx,toward_fixated,dist_from_fixated,in_melee,hits
20260930-002947#1,1,512,577,876,1034,-460,-745,715,544,0,0
20260930-002947#1,1,512,577,938,1076,149,-926,226,954,0,1
20260930-002947#1,1,512,577,1608,1757,-1579,-306,1573,1113,0,1
20260930-015718#1,1,1297,590,630,703,615,133,573,770,0,4
20260930-015718#1,1,1297,590,809,973,808,-16,793,528,0,5
20260930-015718#1,1,1297,590,851,1089,847,86,809,556,0,3
20260930-015718#1,1,1297,590,948,1523,934,162,878,552,0,2
20260930-015718#1,1,1297,590,901,1118,865,252,791,665,0,4
20260930-015718#1,1,1297,590,993,1244,985,123,936,490,0,6
20260930-015718#1,1,1297,590,638,739,616,167,566,789,0,1
20260930-020654#1,1,1120,709,992,1280,981,148,992,129,0,0
20260930-020654#1,1,1120,709,1073,1418,1062,151,1072,56,0,3
20260930-020654#1,1,1120,709,860,1040,856,82,858,269,0,0
20260930-020654#1,1,1120,709,1003,1295,993,137,1002,122,0,0
20260930-020654#1,1,1120,709,1133,1389,1120,171,1132,23,0,2
20260930-020654#1,1,1120,709,1254,1447,1191,392,1240,222,0,2
20260930-020654#1,1,1120,709,899,1095,869,233,896,239,0,0
20260930-020654#1,1,1120,709,803,900,768,234,796,339,0,0
20260930-020654#1,1,1120,709,1114,1270,1105,142,1113,47,0,1
20260930-020654#2,1,240,153,173,300,-173,7,19,280,1,3
20260930-020654#2,1,240,153,70,213,61,-35,-39,284,1,3
20260930-020654#2,1,240,153,468,627,-463,-66,-34,541,0,3
20260930-020654#2,1,240,153,105,346,52,-91,-95,337,1,2
20260930-020654#2,1,240,153,218,235,196,96,82,257,1,5
20260930-020654#2,1,240,153,481,536,-473,88,120,481,0,2
20260930-020654#2,1,240,153,311,354,-228,211,227,213,1,4
20260930-020654#2,1,240,153,279,348,-161,229,239,144,1,3
20260930-020654#3,0,,,339,498,329,-81,,,0,7
20260930-020654#3,0,,,270,471,261,-69,,,0,6
20260930-020654#3,0,,,170,327,38,-165,,,1,4
20260930-020654#3,0,,,405,516,394,-93,,,0,7
20260930-020654#3,0,,,336,499,324,-87,,,0,7
20260930-020654#3,0,,,220,263,-217,39,,,1,0
20260930-020654#3,0,,,454,541,446,-81,,,0,7
20260930-020654#3,0,,,290,315,-170,-235,,,1,1
20260930-020654#3,0,,,236,357,-115,-207,,,1,2
20260930-020654#3,0,,,244,267,-236,-64,,,1,1
20260930-020654#4,1,436,221,735,813,-260,-687,734,300,0,5
20260930-020654#4,1,436,221,252,436,-164,-192,241,209,1,6
20260930-020654#4,1,436,221,467,664,-315,-344,441,152,0,7
20260930-020654#4,1,436,221,419,581,-254,-333,407,105,0,7
20260930-020654#4,1,436,221,296,507,-200,-218,280,183,0,7
20260930-020654#4,1,436,221,796,873,-383,-697,792,364,0,5
20260930-020654#4,1,436,221,566,660,-246,-510,565,132,0,6
20260930-020654#4,1,436,221,749,859,-261,-702,748,315,0,5
20260930-020654#5,1,547,454,590,768,542,234,540,238,0,5
20260930-020654#5,1,547,454,312,686,311,-25,311,237,0,4
20260930-020654#5,1,547,454,243,315,-224,95,-224,777,1,0
20260930-020654#5,1,547,454,286,387,-267,103,-267,821,1,0
20260930-020654#5,1,547,454,208,216,-208,6,-208,755,1,0
20260930-020654#5,1,547,454,102,385,6,102,5,552,1,1
20260930-020654#5,1,547,454,289,303,-289,20,-289,836,1,0
20260930-020654#5,1,547,454,214,225,-202,73,-202,752,1,0
20260930-020654#6,0,,,690,764,-426,-543,,,0,0
20260930-020654#6,0,,,323,587,78,-314,,,0,9
20260930-020654#6,0,,,351,437,-75,-343,,,1,7
20260930-020654#6,0,,,299,569,207,-215,,,0,10
20260930-020654#6,0,,,270,476,-86,-256,,,0,8
20260930-020654#6,0,,,405,785,-152,-375,,,0,6
20260930-020654#6,0,,,377,517,209,-313,,,0,8
20260930-020654#6,0,,,217,330,73,-205,,,1,8
20260930-020654#6,0,,,267,377,102,-247,,,1,10
20260930-020654#6,0,,,571,648,-271,-502,,,0,0
20260930-020654#7,1,851,75,161,179,-115,-114,-83,944,1,0
20260930-020654#7,1,851,75,351,384,-349,-41,-328,1185,1,0
20260930-020654#7,1,851,75,345,398,-341,-54,-317,1176,1,0
20260930-020654#7,1,851,75,214,229,-214,-2,-207,1059,1,0
20260930-020654#7,1,851,75,276,289,-274,32,-273,1125,1,0
20260930-020654#7,1,851,75,254,259,-229,108,-249,1101,1,0
20260930-020654#7,1,851,75,371,393,-370,27,-366,1218,1,0
20260930-020654#7,1,851,75,262,297,-260,-34,-244,1099,1,0
20260930-020654#7,1,851,75,274,301,-269,-52,-248,1105,1,0
20260930-132907#1,1,806,94,362,495,-191,307,-348,1159,0,3
20260930-132907#1,1,806,94,423,600,379,189,152,764,0,5
20260930-132907#1,1,806,94,492,729,380,-312,491,316,0,6
20260930-132907#1,1,806,94,401,472,-390,91,-350,1172,0,0
20260930-132907#1,1,806,94,616,750,495,-368,613,203,0,6
20260930-132907#1,1,806,94,374,461,-212,309,-365,1174,0,2
20260930-132907#1,1,806,94,386,516,-353,156,-366,1178,0,1
20260930-132907#1,1,806,94,416,584,407,-89,361,492,0,9
20260930-132907#1,1,806,94,555,637,540,-128,485,420,0,7
20260930-132907#2,0,,,369,444,296,-220,,,1,6
20260930-132907#2,0,,,371,459,365,-65,,,0,9
20260930-132907#2,0,,,376,541,371,-60,,,0,8
20260930-132907#2,0,,,383,725,381,40,,,0,9
20260930-132907#2,0,,,218,323,216,35,,,1,11
20260930-132907#2,0,,,324,378,283,157,,,1,15
20260930-132907#3,1,525,334,339,360,-212,264,-180,762,1,0
20260930-132907#3,1,525,334,307,339,-202,231,-175,744,1,0
20260930-132907#3,1,525,334,302,316,-184,240,-155,728,1,0
20260930-132907#3,1,525,334,265,362,-129,231,-102,673,1,0
20260930-132907#3,1,525,334,308,455,-285,116,-270,809,0,0
20260930-132907#3,1,525,334,312,370,-251,186,-228,783,1,0
20260930-132907#3,1,525,334,254,436,-253,-17,-253,779,1,0
20260930-132907#3,1,525,334,177,290,21,176,41,514,1,3
20260930-132907#3,1,525,334,179,291,-67,166,-47,598,1,2
20260930-132907#4,1,978,59,368,388,-102,353,79,968,1,7
20260930-132907#4,1,978,59,254,399,-92,237,33,979,1,10
20260930-132907#4,1,978,59,280,307,-163,227,-34,1050,1,10
20260930-132907#4,1,978,59,120,276,-94,74,-47,1031,1,7
20260930-132907#4,1,978,59,191,289,-79,175,15,982,1,9
20260930-132907#4,1,978,59,286,316,-162,235,-30,1047,1,9
20260930-132907#5,1,930,774,774,902,-511,-582,-515,1556,0,0
20260930-132907#5,1,930,774,410,520,-45,-407,-49,1060,0,6
20260930-132907#5,1,930,774,658,757,651,-100,650,299,0,0
20260930-132907#5,1,930,774,475,591,-48,-473,-52,1089,0,5
20260930-132907#5,1,930,774,675,821,640,-212,639,363,0,1
20260930-132907#5,1,930,774,269,403,75,-258,73,895,1,8
20260930-132907#5,1,930,774,260,441,-198,169,-197,1139,1,2
20260930-132907#5,1,930,774,294,435,78,-283,75,901,1,7
20260930-132907#5,1,930,774,202,369,67,-190,65,885,1,7
20260930-132907#6,0,,,330,685,175,-280,,,0,2
20260930-132907#6,0,,,471,606,-267,-388,,,0,1
20260930-132907#6,0,,,320,501,-154,-280,,,0,3
20260930-135458#1,1,499,907,704,865,460,-533,-369,1056,0,0
20260930-135458#1,1,499,907,437,578,404,166,280,400,0,10
20260930-135458#1,1,499,907,710,809,335,-626,-495,1117,0,0
20260930-135458#1,1,499,907,670,876,664,91,288,641,0,9
20260930-135458#1,1,499,907,510,590,349,-372,-250,871,0,3
20260930-135458#1,1,499,907,546,648,214,502,543,68,0,0
20260930-135458#1,1,499,907,567,662,489,287,421,388,0,6
20260930-135458#1,1,499,907,453,550,423,162,282,416,0,7
20260930-135458#1,1,499,907,351,424,348,-40,67,553,1,9
20260930-135458#2,1,310,161,632,737,-529,346,72,672,0,6
20260930-135458#2,1,310,161,287,447,-89,273,204,228,1,2
20260930-135458#2,1,310,161,625,705,-589,210,-76,731,0,9
20260930-135458#2,1,310,161,555,573,-492,256,8,632,0,7
20260930-135458#2,1,310,161,671,698,-646,183,-126,790,0,10
20260930-135458#2,1,310,161,605,645,-539,276,5,677,0,9
20260930-135458#2,1,310,161,566,621,-530,199,-59,673,0,8
20260930-135458#3,1,235,144,546,664,473,-273,-544,780,0,4
20260930-135458#3,1,235,144,292,402,290,33,-248,507,1,7
20260930-135458#3,1,235,144,402,604,388,105,-306,600,0,6
20260930-135458#3,1,235,144,330,463,22,-329,-161,490,0,3
20260930-135458#3,1,235,144,425,592,144,-400,-301,615,0,3
20260930-135458#3,1,235,144,406,535,346,-213,-404,640,0,7
20260930-135458#3,1,235,144,729,912,705,-183,-716,961,0,5
20260930-135458#3,1,235,144,340,493,339,-29,-318,566,0,8
20260930-135458#3,1,235,144,292,545,259,-134,-291,526,0,4
20260930-135458#4,0,,,483,582,339,345,,,0,11
20260930-135458#4,0,,,268,375,163,213,,,1,12
20260930-135458#4,0,,,111,369,-107,28,,,1,1
20260930-135458#4,0,,,469,684,345,317,,,0,13
20260930-135458#4,0,,,528,640,184,495,,,0,6
20260930-135458#4,0,,,438,504,294,324,,,0,12
20260930-135458#4,0,,,485,547,210,437,,,0,8
20260930-135458#4,0,,,145,264,-143,-21,,,1,1
20260930-135458#4,0,,,391,456,247,302,,,0,13
20260930-135458#4,0,,,434,779,103,422,,,0,5
20260930-135458#5,1,567,362,344,368,-276,-205,-96,741,1,1
20260930-135458#5,1,567,362,229,312,74,216,-72,675,1,6
20260930-135458#5,1,567,362,489,601,462,-162,466,181,0,5
20260930-135458#5,1,567,362,287,342,-240,-157,-96,716,1,1
20260930-135458#5,1,567,362,267,298,167,208,7,620,1,7
20260930-135458#5,1,567,362,246,254,-28,244,-170,758,1,2
20260930-135458#5,1,567,362,302,348,-224,-203,-55,690,1,1
20260930-135458#5,1,567,362,434,490,340,-271,434,133,0,7
20260930-135458#5,1,567,362,202,239,-115,-166,9,593,1,0
20260930-135458#6,0,,,269,457,-198,-181,,,0,2
20260930-135458#6,0,,,515,554,514,-25,,,0,2
20260930-135458#6,0,,,286,290,-247,-144,,,1,2
20260930-135458#6,0,,,141,213,-108,-91,,,1,1
20260930-140955#1,1,141,276,299,348,264,141,86,291,1,5
20260930-140955#1,1,141,276,237,277,147,186,-29,290,1,5
20260930-140955#1,1,141,276,348,399,-61,342,-286,470,1,0
20260930-140955#1,1,141,276,361,376,229,-279,359,221,1,10
20260930-140955#1,1,141,276,167,300,74,150,-54,251,1,5
20260930-140955#1,1,141,276,445,520,-184,406,-417,579,0,1
20260930-140955#1,1,141,276,308,342,248,183,45,319,1,5
20260930-140955#1,1,141,276,176,321,138,-109,174,40,1,7
20260930-140955#1,1,141,276,251,314,-112,225,-239,387,1,1
20260930-140955#2,1,445,221,360,394,-351,-82,-350,800,1,0
20260930-140955#2,1,445,221,279,296,-245,-134,-279,724,1,0
20260930-140955#2,1,445,221,262,311,-254,-62,-255,703,1,0
20260930-140955#2,1,445,221,307,321,-307,-9,-278,735,1,0
20260930-140955#2,1,445,221,237,295,-188,-144,-233,679,1,0
20260930-140955#2,1,445,221,245,260,-168,-179,-231,681,1,0
20260930-140955#2,1,445,221,230,270,-125,-193,-199,654,1,0
20260930-140955#2,1,445,221,266,295,-266,5,-235,691,1,0
20260930-140955#2,1,445,221,336,386,-293,-163,-335,781,1,0
20260930-140955#3,1,215,291,282,282,-197,-201,-236,476,1,0
20260930-140955#3,1,215,291,222,274,-164,-150,-179,415,1,0
20260930-140955#3,1,215,291,320,418,-239,-213,-256,508,1,0
20260930-140955#3,1,215,291,165,309,-118,-115,-136,363,1,0
20260930-140955#3,1,215,291,236,333,-125,-201,-221,444,1,0
20260930-140955#3,1,215,291,323,336,-232,-225,-266,514,1,0
20260930-140955#3,1,215,291,173,240,-164,57,24,257,1,1
20260930-140955#3,1,215,291,252,269,-120,-222,-241,461,1,0
20260930-140955#3,1,215,291,201,256,-132,-152,-175,402,1,0
20260930-140955#4,1,172,180,384,521,-173,343,-366,551,0,3
20260930-140955#4,1,172,180,393,469,-263,291,-392,564,0,3
20260930-140955#4,1,172,180,218,318,211,-54,187,114,1,4
20260930-140955#4,1,172,180,154,205,-153,24,-124,310,1,1
20260930-140955#4,1,172,180,289,316,259,128,91,287,1,4
20260930-140955#4,1,172,180,216,243,-187,-108,-54,308,1,1
20260930-140955#4,1,172,180,247,319,-245,-34,-148,376,1,0
20260930-140955#4,1,172,180,485,543,51,483,-308,609,0,1
20260930-140955#4,1,172,180,163,279,-160,29,-133,319,1,1
20260930-140955#5,0,,,354,474,343,87,,,0,12
20260930-140955#5,0,,,361,428,309,188,,,1,13
20260930-140955#5,0,,,418,482,404,110,,,0,11
20260930-140955#5,0,,,384,496,352,152,,,0,14
20260930-140955#5,0,,,322,394,200,253,,,1,6
20260930-140955#5,0,,,263,392,238,111,,,1,11
20260930-140955#5,0,,,376,453,352,131,,,0,11
20260930-140955#5,0,,,662,1186,656,-94,,,0,7
20260930-140955#5,0,,,301,414,274,124,,,1,10
20260930-140955#5,0,,,132,306,115,-66,,,1,7
20260930-140955#6,0,,,369,492,266,255,,,0,4
20260930-140955#6,0,,,565,687,543,155,,,0,7
20260930-140955#6,0,,,612,834,539,291,,,0,6
20260930-140955#6,0,,,794,901,706,-364,,,0,3
20260930-140955#6,0,,,201,483,104,172,,,0,1
20260930-140955#7,0,,,96,408,-46,84,,,1,4
20260930-140955#7,0,,,91,238,90,-8,,,1,10
20260930-140955#7,0,,,256,476,253,38,,,0,9
20260930-140955#7,0,,,158,380,-14,157,,,1,7
20260930-140955#7,0,,,204,346,196,54,,,1,9
20260930-140955#7,0,,,81,129,-81,-4,,,1,6
20260930-140955#7,0,,,154,307,-153,17,,,1,5
20260930-140955#8,1,741,632,303,392,-98,-287,-162,939,1,1
20260930-140955#8,1,741,632,351,438,-149,-317,-219,998,1,1
20260930-140955#8,1,741,632,190,281,-101,-161,-135,886,1,1
20260930-140955#8,1,741,632,356,414,-85,-346,-164,958,1,2
20260930-140955#8,1,741,632,251,340,250,26,249,493,1,1
20260930-140955#8,1,741,632,169,175,162,48,169,572,1,2
20260930-140955#8,1,741,632,182,302,-26,-180,-67,825,1,0
20260930-140955#8,1,741,632,233,365,-101,-210,-147,906,1,1
20260930-140955#8,1,741,632,65,275,42,-49,29,714,1,1
20260930-140955#10,0,,,810,961,809,-48,,,0,4
20260930-140955#10,0,,,815,869,636,-510,,,0,3
20260930-140955#10,0,,,785,1030,669,-410,,,0,3
20260930-140955#10,0,,,924,1145,857,-345,,,0,2
20260930-144016#1,1,422,466,820,890,428,-700,-493,1126,0,0
20260930-144016#1,1,422,466,855,1059,315,-795,-391,1113,0,0
20260930-144016#1,1,422,466,602,711,221,-560,-274,878,0,2
20260930-144016#1,1,422,466,979,1238,396,-896,-481,1242,0,0
20260930-144016#1,1,422,466,940,1078,502,796,-423,1191,0,2
20260930-144016#1,1,422,466,632,811,413,478,-365,941,0,4
20260930-144016#1,1,422,466,877,1237,292,-827,-370,1122,0,1
20260930-144016#1,1,422,466,565,640,490,281,-460,941,0,8
20260930-144016#2,0,,,407,476,-213,-347,,,0,3
20260930-144016#2,0,,,364,390,-236,-277,,,1,3
20260930-144016#2,0,,,411,415,-194,-363,,,1,3
20260930-144016#2,0,,,421,450,-256,-334,,,0,3
20260930-144016#2,0,,,167,316,-77,-148,,,1,7
20260930-144016#2,0,,,435,462,-197,-388,,,0,3
20260930-144016#2,0,,,265,356,-129,-232,,,1,3
20260930-144016#2,0,,,263,293,-122,-233,,,1,3
20260930-144016#2,0,,,97,208,-88,41,,,1,4
20260930-144016#3,0,,,472,637,463,-92,,,0,5
20260930-144016#3,0,,,356,455,24,356,,,0,7
20260930-144016#3,0,,,202,303,-169,110,,,1,6
20260930-144016#3,0,,,148,277,-49,139,,,1,4
20260930-144016#3,0,,,309,368,-95,294,,,1,6
20260930-144016#3,0,,,446,740,-375,242,,,0,0
20260930-144016#3,0,,,338,547,-117,317,,,0,6
20260930-144016#3,0,,,110,231,-105,34,,,1,3
20260930-144016#3,0,,,223,272,-194,111,,,1,4
20260930-144016#3,0,,,144,263,-132,-56,,,1,1
20260930-144016#4,1,218,168,543,615,539,62,-501,748,0,4
20260930-144016#4,1,218,168,515,672,514,27,-487,724,0,4
20260930-144016#4,1,218,168,202,360,201,-14,-197,417,1,5
20260930-144016#4,1,218,168,407,450,404,-50,-402,623,1,2
20260930-144016#4,1,218,168,416,555,416,24,-393,626,0,2
20260930-144016#4,1,218,168,119,184,-90,78,108,121,1,2
20260930-144016#4,1,218,168,305,465,305,-5,-294,518,0,5
20260930-144016#4,1,218,168,517,685,491,160,-427,707,0,4
20260930-144016#4,1,218,168,351,469,350,-34,-345,567,0,2
20260930-144016#5,1,286,18,191,334,-153,116,-191,477,1,1
20260930-144016#5,1,286,18,226,268,-101,202,-202,498,1,3
20260930-144016#5,1,286,18,238,296,-190,-143,-66,419,1,2
20260930-144016#5,1,286,18,351,405,-246,-251,-45,480,1,3
20260930-144016#5,1,286,18,256,344,45,-252,188,200,1,6
20260930-144016#5,1,286,18,179,237,-84,-158,28,313,1,2
20260930-144016#5,1,286,18,74,127,-34,66,-67,354,1,3
20260930-144016#6,0,,,684,823,229,645,,,0,2
20260930-145735#1,1,209,303,842,891,798,267,-414,962,0,1
20260930-145735#1,1,209,303,655,808,598,268,-378,795,0,0
20260930-165517#1,1,661,529,488,602,351,-340,471,230,0,2
20260930-165517#1,1,661,529,432,690,-37,-430,175,626,0,0
20260930-165517#1,1,661,529,760,821,756,-76,700,299,0,3
20260930-165517#1,1,661,529,404,555,-144,378,-308,1003,0,5
20260930-165517#1,1,661,529,456,537,455,-27,412,316,0,6
20260930-165517#1,1,661,529,1055,1158,110,1049,-408,1445,0,0
20260930-165517#2,1,216,314,326,375,-213,-246,281,178,1,3
20260930-165517#2,1,216,314,332,442,4,-332,102,336,1,6
20260930-165517#2,1,216,314,141,314,-122,-70,138,83,1,3
20260930-165517#2,1,216,314,176,414,125,124,-158,382,1,4
20260930-165517#2,1,216,314,200,261,200,10,-193,412,1,6
20260930-165517#2,1,216,314,496,887,-495,21,463,304,0,0
20260930-192340#1,1,325,682,387,491,-137,362,297,250,0,3
20260930-192340#1,1,325,682,314,450,246,195,265,179,1,7
20260930-192340#1,1,325,682,568,766,464,328,462,358,0,7
20260930-192340#1,1,325,682,412,520,172,374,410,94,0,7
20260930-192340#1,1,325,682,467,566,246,396,455,166,0,9
20260930-192340#1,1,325,682,481,640,196,439,479,159,0,7
20260930-192340#1,1,325,682,261,392,-51,256,225,166,1,4
20260930-192340#1,1,325,682,255,366,-67,246,211,185,1,4
20260930-192340#1,1,325,682,579,718,442,373,497,342,0,8
20260930-192340#2,1,277,336,134,276,62,-119,-78,371,1,0
20260930-192340#2,1,277,336,136,290,-113,-75,102,197,1,2
20260930-192340#2,1,277,336,83,138,19,-81,-30,316,1,1
20260930-192340#2,1,277,336,116,275,-102,-55,94,195,1,2
20260930-192340#2,1,277,336,132,228,-99,-87,86,216,1,2
20260930-192340#2,1,277,336,307,375,-292,95,302,60,1,1
20260930-192340#2,1,277,336,104,193,-76,-70,66,226,1,2
20260930-192340#2,1,277,336,219,289,-201,87,211,88,1,1
20260930-192340#2,1,277,336,279,311,-262,-96,246,134,1,2
20260930-192340#3,1,284,188,212,326,-124,172,-108,433,1,2
20260930-192340#3,1,284,188,271,302,-270,-23,130,284,1,1
20260930-192340#3,1,284,188,151,227,-82,127,-83,389,1,1
20260930-192340#3,1,284,188,186,335,17,-185,163,151,1,4
20260930-192340#3,1,284,188,226,253,-195,-113,182,168,1,1
20260930-192340#3,1,284,188,239,305,-150,186,-110,448,1,4
20260930-192340#3,1,284,188,175,260,-133,-114,158,148,1,1
20260930-192340#3,1,284,188,226,251,-221,-49,134,236,1,1
20260930-192340#3,1,284,188,215,353,-121,177,-113,437,1,4
20260930-192340#4,0,,,532,707,168,-505,,,0,3
20260930-192340#4,0,,,195,242,-194,-18,,,1,9
20260930-192340#4,0,,,154,274,93,123,,,1,5
20260930-192340#4,0,,,135,268,89,101,,,1,3
20260930-192340#4,0,,,91,353,47,78,,,1,3
20260930-192340#4,0,,,234,413,-212,98,,,1,7
20260930-192340#4,0,,,216,301,-51,-210,,,1,6
20260930-192340#5,1,509,344,282,404,-181,216,-132,688,1,2
20260930-192340#5,1,509,344,470,696,438,172,464,89,0,9
20260930-192340#5,1,509,344,577,748,552,167,575,82,0,8
20260930-192340#5,1,509,344,170,233,-23,169,13,525,1,4
20260930-192340#5,1,509,344,190,295,-112,153,-78,612,1,1
20260930-192340#5,1,509,344,728,729,728,-2,711,254,0,6
20260930-192340#5,1,509,344,293,374,-41,290,21,569,1,6
20260930-192340#5,1,509,344,725,793,720,84,722,223,0,7
20260930-192340#6,1,291,305,396,437,-386,87,-308,649,1,1
20260930-192340#6,1,291,305,151,238,-150,15,-105,411,1,2
20260930-193130#1,1,156,208,187,283,84,166,172,75,1,5
20260930-193130#1,1,156,208,311,318,255,-178,81,310,1,5
20260930-193130#1,1,156,208,309,414,194,-241,-7,349,1,7
20260930-193130#1,1,156,208,315,349,-287,128,-138,408,1,1
20260930-193130#1,1,156,208,280,357,-271,68,-164,392,1,0
20260930-193130#1,1,156,208,211,291,160,138,211,55,1,6
20260930-193130#1,1,156,208,236,325,-184,147,-46,307,1,2
20260930-193130#1,1,156,208,275,359,164,-221,-16,324,1,7
20260930-193130#1,1,156,208,288,291,226,178,288,132,1,4
20260930-193130#2,1,273,241,292,358,-267,119,292,20,1,8
20260930-193130#2,1,273,241,97,170,-96,-15,81,200,1,6
20260930-193130#2,1,273,241,333,368,-231,240,312,123,1,10
20260930-193130#2,1,273,241,347,399,-316,142,347,74,1,8
20260930-193130#2,1,273,241,312,343,-311,22,290,115,1,6
20260930-193130#2,1,273,241,279,319,-152,234,238,151,1,8
20260930-193130#2,1,273,241,326,349,-302,124,326,56,1,9
20260930-193130#3,1,188,0,542,572,48,-540,48,557,0,2
20260930-193906#1,0,,,433,452,-408,-145,,,0,1
20260930-193906#1,0,,,406,497,-349,-206,,,0,0
20260930-193906#1,0,,,558,626,-554,-64,,,0,3
20260930-193906#1,0,,,316,396,-288,-131,,,1,1
20260930-193906#1,0,,,660,744,-659,-26,,,0,3
20260930-193906#1,0,,,433,520,-376,-215,,,0,1
20260930-193906#1,0,,,470,506,-446,-148,,,0,1
20260930-193906#1,0,,,445,479,-404,-187,,,0,1
20260930-193906#1,0,,,431,493,-418,-102,,,0,1
20260930-193906#1,0,,,506,552,-434,-259,,,0,1
20260930-193906#2,1,157,229,249,311,-193,-156,243,101,1,1
20260930-193906#2,1,157,229,272,333,-134,-236,227,165,1,1
20260930-193906#2,1,157,229,255,312,-123,-223,211,153,1,1
20260930-193906#2,1,157,229,227,251,-127,-188,199,118,1,2
20260930-193906#2,1,157,229,329,395,-163,-285,275,215,1,1
20260930-193906#2,1,157,229,194,220,-191,33,155,116,1,2
20260930-193906#2,1,157,229,183,220,-180,-30,174,58,1,3
20260930-193906#2,1,157,229,379,488,-373,-69,364,233,0,3
20260930-193906#3,0,,,216,378,-214,30,,,1,2
20260930-193906#3,0,,,93,263,66,65,,,1,5
20260930-193906#3,0,,,172,447,-16,171,,,1,5
20260930-193906#3,0,,,62,200,28,-56,,,1,6
20260930-193906#3,0,,,342,459,-159,303,,,0,2
20260930-193906#3,0,,,233,251,187,-138,,,1,5
20260930-193906#3,0,,,47,242,17,-43,,,1,6
20260930-193906#3,0,,,202,391,-190,69,,,1,2
20260930-193906#3,0,,,224,375,-84,207,,,1,5
20260930-193906#4,1,635,0,252,286,-241,73,-209,855,1,1
20260930-193906#4,1,635,0,158,188,-158,11,-148,785,1,1
20260930-193906#4,1,635,0,161,276,-160,16,-148,786,1,1
20260930-193906#4,1,635,0,227,326,214,-77,181,474,1,8
20260930-194816#1,0,,,202,387,-201,18,,,1,1
20260930-194816#1,0,,,230,398,-221,64,,,1,1
20260930-194816#1,0,,,179,376,-77,162,,,1,4
20260930-194816#1,0,,,106,281,-105,16,,,1,2
20260930-194816#1,0,,,300,431,-37,297,,,1,5
20260930-194816#1,0,,,268,362,-268,-2,,,1,0
20260930-194816#1,0,,,369,453,-104,354,,,0,4
20260930-194816#1,0,,,206,383,-123,166,,,1,3
20260930-194816#1,0,,,335,454,-325,81,,,0,0
20260930-194816#1,0,,,153,418,-110,107,,,1,3
20260930-194816#2,1,303,157,252,334,191,163,206,174,1,11
20260930-194816#2,1,303,157,92,346,26,88,34,282,1,7
20260930-194816#2,1,303,157,335,385,330,58,334,41,1,14
20260930-194816#2,1,303,157,93,224,50,79,57,257,1,10
20260930-194816#2,1,303,157,136,300,80,109,90,236,1,11
20260930-194816#2,1,303,157,342,479,333,77,339,58,0,14
20260930-194816#2,1,303,157,324,520,323,24,324,22,0,14
20260930-194816#2,1,303,157,379,389,361,115,371,105,1,15
20260930-194816#3,1,45,336,177,302,-85,156,145,143,1,4
20260930-194816#3,1,45,336,105,276,-81,66,56,90,1,6
20260930-194816#3,1,45,336,113,292,-102,48,35,107,1,4
20260930-194816#3,1,45,336,142,226,-134,47,31,139,1,3
20260930-194816#3,1,45,336,148,315,25,145,147,103,1,7
20260930-194816#3,1,45,336,115,349,114,10,23,114,1,10
20260930-194816#3,1,45,336,206,287,54,199,204,162,1,6
20260930-194816#3,1,45,336,221,410,-169,141,120,200,1,3
20260930-194816#3,1,45,336,132,388,34,128,131,88,1,5
20260930-194816#4,0,,,371,573,355,109,,,0,7
20260930-194816#4,0,,,336,431,294,163,,,1,9
20260930-194816#4,0,,,217,324,147,160,,,1,5
20260930-194816#4,0,,,204,220,204,2,,,1,7
20260930-194816#4,0,,,324,496,294,137,,,0,7
20260930-194816#4,0,,,233,335,208,104,,,1,9
20260930-194816#4,0,,,398,561,389,-83,,,0,8
20260930-194816#4,0,,,363,644,362,27,,,0,8
20260930-194816#4,0,,,383,647,374,-85,,,0,8
20260930-194816#4,0,,,423,451,421,36,,,0,11
20260930-194816#5,1,30,117,109,262,87,-66,109,79,1,15
20260930-194816#5,1,30,117,64,135,56,-31,63,34,1,16
20260930-194816#5,1,30,117,145,400,124,-75,144,115,1,15
20260930-194816#5,1,30,117,241,475,232,-65,223,214,0,9
20260930-194816#5,1,30,117,135,325,46,-127,115,111,1,13
20260930-194816#5,1,30,117,222,326,-49,-216,94,211,1,12
20260930-195751#1,0,,,192,354,-192,3,,,1,1
20260930-195751#1,0,,,213,389,-161,139,,,1,2
20260930-195751#1,0,,,109,338,-88,64,,,1,2
20260930-195751#1,0,,,184,277,-102,-153,,,1,1
20260930-195751#1,0,,,128,426,-110,65,,,1,3
20260930-195751#1,0,,,199,477,-86,180,,,0,2
20260930-195751#1,0,,,282,448,-132,249,,,1,3
20260930-195751#1,0,,,205,545,20,204,,,0,4
20260930-195751#1,0,,,115,373,-89,-72,,,1,1
20260930-195751#1,0,,,60,374,-55,24,,,1,3
20260930-195751#2,0,,,392,631,101,-379,,,0,6
20260930-195751#2,0,,,318,428,208,-241,,,1,9
20260930-195751#2,0,,,258,419,122,-228,,,1,8
20260930-195751#2,0,,,198,355,51,-191,,,1,9
20260930-195751#2,0,,,188,301,186,30,,,1,8
20260930-195751#2,0,,,166,168,2,166,,,1,8
20260930-195751#2,0,,,379,439,361,-115,,,1,6
20260930-195751#2,0,,,198,224,19,-197,,,1,4
20260930-195751#2,0,,,393,649,59,-389,,,0,6
20260930-195751#2,0,,,375,487,344,-149,,,0,8
20260930-195751#3,1,302,739,380,664,24,-379,173,362,0,1
20260930-195751#3,1,302,739,318,513,275,-158,316,38,0,6
20260930-195751#3,1,302,739,288,525,238,-161,283,57,0,5
20260930-195751#3,1,302,739,162,164,120,109,67,277,1,6
20260930-195751#3,1,302,739,525,679,251,-461,413,342,0,4
20260930-195751#3,1,302,739,204,210,156,132,90,279,1,6
20260930-195751#3,1,302,739,555,651,331,-445,481,330,0,6
20260930-195751#3,1,302,739,286,597,160,-237,241,165,0,3
20260930-195751#3,1,302,739,218,344,212,53,173,185,1,7
20260930-195751#4,1,357,409,366,513,-7,-366,338,141,0,4
20260930-195751#4,1,357,409,393,580,18,-393,353,173,0,3
20260930-195751#4,1,357,409,306,465,1,-306,280,145,0,4
20260930-195751#4,1,357,409,227,360,91,-208,154,263,1,4
20260930-195751#4,1,357,409,275,406,133,-241,168,289,1,5
20260930-195751#4,1,357,409,173,305,74,-156,114,276,1,4
20260930-195751#4,1,357,409,351,482,30,-350,309,174,0,4
20260930-195751#4,1,357,409,420,523,-32,-419,397,143,0,3
20260930-195751#4,1,357,409,319,423,196,-252,153,347,1,5
20260930-195751#5,0,,,552,583,423,-354,,,0,4
20260930-195751#5,0,,,435,524,272,-340,,,0,6
20260930-195751#5,0,,,394,455,364,-151,,,0,3
20260930-195751#5,0,,,176,182,92,150,,,1,9
20260930-195751#5,0,,,414,506,399,-110,,,0,3
20260930-195751#5,0,,,433,470,267,-341,,,0,4
20260930-195751#5,0,,,280,408,243,138,,,1,9
20260930-195751#5,0,,,263,409,262,11,,,1,9
20260930-195751#5,0,,,432,535,417,-110,,,0,3
20260930-195751#5,0,,,276,316,113,251,,,1,10
20260930-195751#6,0,,,137,316,-21,-135,,,1,5
20260930-195751#6,0,,,156,386,125,-93,,,1,1
20260930-195751#6,0,,,203,354,116,-166,,,1,3
20260930-195751#6,0,,,170,266,71,-154,,,1,4
20260930-195751#6,0,,,189,261,55,181,,,1,1
20260930-195751#6,0,,,229,292,15,-228,,,1,5
20260930-195751#6,0,,,230,313,-133,-188,,,1,5
20260930-195751#6,0,,,204,340,-64,-193,,,1,5
20260930-195751#6,0,,,154,285,3,-154,,,1,5
20260930-195751#6,0,,,266,327,81,-253,,,1,4
20260930-195751#7,1,804,322,342,540,227,255,285,553,0,5
20260930-195751#7,1,804,322,999,1049,739,672,887,467,0,1
20260930-195751#7,1,804,322,1019,1390,1015,87,1003,266,0,8
20260930-195751#7,1,804,322,663,942,661,-49,626,280,0,9
20260930-201108#1,0,,,345,479,-172,300,,,0,1
20260930-201108#1,0,,,374,553,-140,347,,,0,2
20260930-201108#1,0,,,766,820,541,-543,,,0,0
20260930-201108#1,0,,,183,361,-182,18,,,1,0
20260930-201108#1,0,,,907,959,907,-8,,,0,3
20260930-201108#1,0,,,414,585,-56,411,,,0,1
20260930-201108#1,0,,,726,894,467,-556,,,0,0
20260930-201108#1,0,,,318,451,-106,300,,,0,1
20260930-203200#1,1,175,310,255,421,-158,200,255,81,1,3
20260930-203200#1,1,175,310,266,423,-257,66,212,165,1,1
20260930-203200#1,1,175,310,216,388,84,199,103,203,1,8
20260930-203200#1,1,175,310,336,475,-81,326,305,191,0,3
20260930-203200#1,1,175,310,71,307,-61,36,66,111,1,2
20260930-203200#1,1,175,310,258,436,-49,253,229,131,1,3
20260930-203200#1,1,175,310,101,318,-101,-9,55,146,1,2
20260930-203200#1,1,175,310,196,356,-175,-89,39,235,1,1
20260930-203200#1,1,175,310,407,612,284,292,51,422,0,9
20260930-203200#2,0,,,208,295,-175,-112,,,1,1
20260930-203200#2,0,,,258,374,-138,-218,,,1,1
20260930-203200#2,0,,,148,317,-127,-76,,,1,2
20260930-203200#2,0,,,117,240,-59,-102,,,1,2
20260930-203200#2,0,,,131,272,-130,-9,,,1,4
20260930-203200#2,0,,,127,253,-92,-87,,,1,1
20260930-203200#2,0,,,238,311,97,-218,,,1,6
20260930-203200#2,0,,,161,309,-104,-123,,,1,1
20260930-203200#2,0,,,238,393,-133,-197,,,1,1
20260930-203200#2,0,,,213,358,46,-208,,,1,6
20260930-203200#3,1,226,573,254,281,-180,-179,211,142,1,5
20260930-203200#3,1,226,573,195,326,-178,-80,114,194,1,5
20260930-203200#3,1,226,573,272,338,-157,-222,249,112,1,6
20260930-203200#3,1,226,573,207,244,-155,-138,166,138,1,5
20260930-203200#3,1,226,573,228,293,-193,-123,159,178,1,6
20260930-203200#3,1,226,573,290,357,-245,-156,202,210,1,4
20260930-203200#3,1,226,573,261,338,-199,-169,206,162,1,5
20260930-203200#3,1,226,573,270,363,-195,-187,223,153,1,4
20260930-203200#3,1,226,573,181,377,-175,-48,82,216,1,7
20260930-203200#4,1,46,587,168,270,-119,-119,157,126,1,7
20260930-203200#4,1,46,587,130,275,-4,130,-116,172,1,5
20260930-203200#4,1,46,587,217,348,-173,-131,191,178,1,6
20260930-203200#4,1,46,587,103,120,-32,97,-75,140,1,4
20260930-203200#4,1,46,587,149,220,-111,100,-45,169,1,5
20260930-203200#4,1,46,587,271,298,-227,148,-42,282,1,5
20260930-203200#4,1,46,587,121,189,-51,109,-79,155,1,5
20260930-203200#4,1,46,587,123,295,-10,122,-107,164,1,4
20260930-203200#4,1,46,587,206,302,-77,-191,206,160,1,9
20260930-203200#5,1,432,60,213,224,-55,206,-73,543,1,2
20260930-203200#5,1,432,60,472,542,452,-136,462,101,0,5
20260930-203200#5,1,432,60,499,502,343,363,311,409,0,5
20260930-203200#5,1,432,60,290,304,-105,270,-128,618,1,2
20260930-203200#5,1,432,60,258,346,255,36,251,190,1,5
20260930-203200#5,1,432,60,441,521,310,314,282,371,0,6
20260930-203200#5,1,432,60,323,348,-90,310,-117,626,1,1
20260930-203200#6,0,,,146,342,40,140,,,1,7
20260930-203200#6,0,,,303,468,17,302,,,0,6
20260930-203200#6,0,,,212,431,1,212,,,1,6
20260930-203200#6,0,,,240,351,163,176,,,1,4
20260930-203200#6,0,,,165,296,64,152,,,1,5
20260930-203200#6,0,,,312,416,-85,300,,,1,4
20260930-205557#1,1,113,630,342,465,168,297,221,282,0,6
20260930-205557#1,1,113,630,307,414,190,241,160,266,1,6
20260930-205557#1,1,113,630,350,491,349,29,-93,396,0,7
20260930-205557#1,1,113,630,243,377,-212,119,185,173,1,2
20260930-205557#1,1,113,630,172,359,-109,133,162,74,1,3
20260930-205557#1,1,113,630,221,320,-198,-99,-24,260,1,0
20260930-205557#1,1,113,630,233,414,20,233,211,139,1,5
20260930-205557#1,1,113,630,151,340,-151,-9,44,161,1,2
20260930-205557#1,1,113,630,102,323,-86,55,81,70,1,3
20260930-205557#2,0,,,279,387,-202,-193,,,1,3
20260930-205557#2,0,,,209,234,-206,-35,,,1,4
20260930-205557#2,0,,,170,312,-102,136,,,1,6
20260930-205557#2,0,,,210,327,-204,-52,,,1,5
20260930-205557#2,0,,,259,338,-197,168,,,1,5
20260930-205557#2,0,,,205,346,-165,-121,,,1,6
20260930-205557#2,0,,,110,168,-109,10,,,1,6
20260930-205557#2,0,,,224,375,-224,-5,,,1,5
20260930-210743#1,1,139,639,203,384,-168,115,102,179,1,2
20260930-210743#1,1,139,639,210,440,-200,63,49,223,1,1
20260930-210743#1,1,139,639,129,406,-90,92,85,110,1,2
20260930-210743#1,1,139,639,242,509,1,242,241,103,0,3
20260930-210743#1,1,139,639,161,313,-151,-56,-67,253,1,1
20260930-210743#1,1,139,639,317,424,-215,233,217,244,1,1
20260930-210743#1,1,139,639,200,528,94,177,183,92,0,4
20260930-210743#1,1,139,639,264,587,-206,165,150,218,0,1
20260930-210743#1,1,139,639,294,471,23,293,294,155,0,4
20260930-210743#2,1,244,413,152,189,-5,-152,-151,395,1,1
20260930-210743#2,1,244,413,189,312,96,-162,-169,421,1,2
20260930-210743#2,1,244,413,158,245,73,140,135,137,1,3
20260930-210743#2,1,244,413,333,397,22,333,330,97,1,1
20260930-210743#2,1,244,413,200,321,57,192,187,90,1,1
20260930-210743#2,1,244,413,36,199,-4,36,36,208,1,3
20260930-210743#2,1,244,413,166,278,-40,161,163,86,1,2
20260930-210743#2,1,244,413,292,338,138,258,248,155,1,2
20260930-210743#2,1,244,413,351,418,66,345,339,130,1,2
20260930-210743#3,0,,,94,348,90,27,,,1,5
20260930-210743#3,0,,,151,399,-62,138,,,1,5
20260930-210743#3,0,,,146,186,-143,30,,,1,2
20260930-210743#3,0,,,185,375,78,168,,,1,4
20260930-210743#3,0,,,193,425,-163,103,,,1,2
20260930-210743#3,0,,,303,339,-265,147,,,1,2
20260930-210743#3,0,,,117,203,-89,76,,,1,3
20260930-210743#3,0,,,220,418,-218,-26,,,1,2
20260930-210743#3,0,,,277,297,-243,133,,,1,2
20260930-210743#4,1,202,596,291,301,-275,96,199,213,1,5
20260930-210743#4,1,202,596,273,307,-252,106,174,213,1,5
20260930-210743#4,1,202,596,202,278,-200,-30,191,67,1,6
20260930-210743#4,1,202,596,301,332,-295,61,233,194,1,4
20260930-210743#4,1,202,596,143,174,-139,36,106,136,1,6
20260930-210743#4,1,202,596,233,356,-157,-173,219,82,1,5
20260930-210743#5,0,,,327,357,299,-131,,,1,10
20260930-210743#5,0,,,362,408,312,-183,,,1,6
20260930-211921#1,0,,,226,417,-37,223,,,1,2
20260930-211921#1,0,,,278,478,-72,268,,,0,2
20260930-211921#1,0,,,522,797,359,379,,,0,1
20260930-211921#1,0,,,349,443,262,232,,,1,8
20260930-211921#1,0,,,348,550,-23,347,,,0,2
20260930-211921#1,0,,,205,287,-198,-54,,,1,0
20260930-211921#1,0,,,449,533,341,291,,,0,7
20260930-211921#1,0,,,153,372,-50,144,,,1,2
20260930-211921#1,0,,,121,356,-92,79,,,1,2
20260930-211921#1,0,,,230,338,-16,230,,,1,2
20260930-211921#2,1,126,268,239,266,-27,-238,198,153,1,1
20260930-211921#2,1,126,268,205,435,61,-196,202,85,1,0
20260930-211921#2,1,126,268,104,125,-67,-79,38,130,1,0
20260930-211921#2,1,126,268,179,267,-178,22,-102,271,1,1
20260930-211921#2,1,126,268,150,290,-127,80,-130,266,1,1
20260930-211921#2,1,126,268,158,257,-33,154,-152,281,1,2
20260930-211921#2,1,126,268,117,130,-40,-110,78,99,1,0
20260930-211921#2,1,126,268,86,175,-35,-79,53,99,1,0
20260930-211921#2,1,126,268,152,267,88,124,-69,237,1,2
20260930-211921#3,1,385,264,328,372,324,-53,328,58,1,7
20260930-211921#3,1,385,264,435,448,428,-77,434,51,1,7
20260930-211921#3,1,385,264,109,151,-17,107,-32,430,1,5
20260930-211921#3,1,385,264,126,167,43,119,26,380,1,4
20260930-211921#3,1,385,264,326,362,-46,-322,0,505,1,2
20260930-211921#3,1,385,264,200,251,19,199,-9,442,1,4
20260930-211921#3,1,385,264,273,293,60,-266,97,385,1,4
20260930-211921#3,1,385,264,235,320,-11,-235,22,433,1,4
20260930-211921#3,1,385,264,228,233,-129,188,-154,565,1,3
20260930-211921#4,1,207,300,376,437,-356,-122,369,178,1,6
20260930-211921#4,1,207,300,263,344,-237,-114,250,92,1,10
20260930-211921#4,1,207,300,170,227,-169,-22,170,37,1,8
20260930-211921#4,1,207,300,207,270,-199,-56,204,30,1,9
20260930-211921#4,1,207,300,148,264,-130,-71,138,87,1,8
20260930-211921#4,1,207,300,222,291,-220,-24,222,15,1,9
20260930-211921#4,1,207,300,203,233,-192,-67,199,42,1,9
20260930-211921#4,1,207,300,129,218,-126,-27,128,80,1,7
20260930-211921#4,1,207,300,243,320,-237,-51,242,39,1,10
20260930-211921#5,1,256,160,180,199,-72,166,-176,434,1,1
20260930-211921#5,1,256,160,262,316,112,-237,253,68,1,8
20260930-211921#5,1,256,160,311,387,31,-310,310,59,1,8
20260930-211921#5,1,256,160,95,103,-33,89,-93,350,1,1
20260930-211921#5,1,256,160,413,477,-384,-150,79,442,0,4
20260930-211921#5,1,256,160,410,460,-377,-162,91,432,0,7
20260930-211921#5,1,256,160,283,410,-128,253,-272,534,1,1
20260930-211921#5,1,256,160,325,346,-308,-102,45,385,1,6
20260930-211921#5,1,256,160,306,332,62,-300,306,50,1,9
20260930-211921#6,1,75,455,101,288,-89,-48,37,101,1,2
20260930-211921#6,1,75,455,92,294,-92,0,70,59,1,1
20260930-211921#6,1,75,455,71,292,-65,27,67,23,1,2
20260930-211921#6,1,75,455,82,160,-14,-80,-41,136,1,2
20260930-211921#6,1,75,455,80,383,43,68,11,102,1,4
20260930-211921#6,1,75,455,41,217,-5,41,30,53,1,2
20260930-211921#6,1,75,455,57,246,-36,-44,0,95,1,2
20260930-211921#7,1,467,779,331,455,-97,316,-327,795,0,2
20260930-211921#7,1,467,779,316,485,-118,-294,217,340,0,2
20260930-211921#7,1,467,779,214,338,-203,70,-149,635,1,1
20260930-211921#7,1,467,779,289,455,-36,287,-275,747,0,3
20260930-211921#7,1,467,779,765,871,-269,716,-763,1231,0,0
20260930-211921#7,1,467,779,327,398,133,-299,327,140,1,4
20260930-211921#7,1,467,779,132,399,-63,-116,79,402,1,4
20260930-211921#7,1,467,779,258,403,-256,30,-135,641,1,1
20260930-211921#7,1,467,779,321,468,-211,-242,131,446,0,0
20260930-214712#1,0,,,357,478,-342,-104,,,0,2
20260930-214712#1,0,,,309,416,-288,-111,,,1,2
20260930-214712#1,0,,,214,354,-185,-108,,,1,3
20260930-214712#1,0,,,235,302,-228,56,,,1,2
20260930-214712#1,0,,,344,488,-298,172,,,0,4
20260930-214712#1,0,,,282,362,-140,-245,,,1,0
20260930-214712#1,0,,,431,494,183,390,,,0,6
20260930-214712#1,0,,,278,361,-177,-214,,,1,0
20260930-214712#1,0,,,330,378,-232,-235,,,1,0
20260930-214712#1,0,,,268,351,-268,12,,,1,2
20260930-214712#2,1,230,241,141,297,-135,40,107,153,1,2
20260930-214712#2,1,230,241,239,290,-227,75,186,156,1,2
20260930-214712#2,1,230,241,242,320,-197,140,225,90,1,2
20260930-214712#2,1,230,241,144,240,-128,65,125,127,1,2
20260930-214712#2,1,230,241,227,237,-185,131,211,86,1,3
20260930-214712#2,1,230,241,112,157,-101,49,96,146,1,2
20260930-214712#2,1,230,241,873,1844,44,-872,-756,1078,0,1
20260930-214712#2,1,230,241,224,328,-178,136,211,78,1,1
20260930-214712#3,1,187,650,190,345,-102,160,98,185,1,5
20260930-214712#3,1,187,650,118,294,-111,39,-15,233,1,4
20260930-214712#3,1,187,650,140,212,-138,-23,-82,292,1,2
20260930-214712#3,1,187,650,79,191,-62,49,17,187,1,4
20260930-214712#3,1,187,650,216,321,-168,136,46,254,1,3
20260930-214712#3,1,187,650,271,304,-113,-247,-271,458,1,0
20260930-214712#3,1,187,650,58,317,-57,8,-18,212,1,4
20260930-214712#3,1,187,650,258,432,-257,23,-94,369,1,3
20260930-214712#3,1,187,650,316,331,-130,-288,-316,503,1,0
20260930-214712#4,1,151,265,242,400,-168,-174,242,91,1,2
20260930-214712#4,1,151,265,141,444,-73,-120,137,34,1,2
20260930-214712#4,1,151,265,114,270,-93,-65,111,45,1,3
20260930-214712#4,1,151,265,113,207,-108,-30,97,78,1,5
20260930-214712#4,1,151,265,115,360,99,-59,-26,210,1,6
20260930-214712#4,1,151,265,135,159,118,66,-130,283,1,7
20260930-214712#4,1,151,265,77,310,-29,-72,72,85,1,4
20260930-214712#4,1,151,265,116,284,21,-114,67,126,1,2
20260930-214712#4,1,151,265,285,374,-281,52,157,238,1,3
20260930-214712#5,0,,,414,420,-169,-378,,,1,1
20260930-214712#5,0,,,516,517,329,398,,,0,3
20260930-214712#5,0,,,514,562,488,-160,,,0,4
20260930-214712#5,0,,,529,548,470,-242,,,0,5
20260930-214712#5,0,,,439,478,-125,-421,,,0,2
20260930-214712#5,0,,,557,592,538,-145,,,0,4
20260930-214712#5,0,,,447,595,420,152,,,0,4
20260930-214712#6,1,71,796,332,398,-187,-275,-65,353,1,3
20260930-214712#6,1,71,796,218,298,-187,-113,-127,266,1,5
20260930-214712#6,1,71,796,229,276,-22,-228,69,219,1,7
20260930-214712#6,1,71,796,77,112,-68,-36,-49,133,1,5
20260930-214712#6,1,71,796,449,552,-158,-420,19,452,0,3
20260930-214712#6,1,71,796,222,324,-165,-148,-94,259,1,5
20260930-214712#6,1,71,796,270,439,-111,-246,-6,281,1,5
20260930-214712#6,1,71,796,104,337,-103,-13,-89,168,1,4
20260930-214712#6,1,71,796,227,330,-177,-141,-108,267,1,5
20260930-214712#7,1,267,42,641,698,543,-340,-502,866,0,3
20260930-214712#7,1,267,42,262,404,156,211,146,249,1,3
20260930-214712#7,1,267,42,973,1128,393,-890,-970,1240,0,0
20260930-214712#7,1,267,42,133,300,-133,11,55,245,1,1
20260930-214712#7,1,267,42,372,512,339,153,31,439,0,2
20260930-214712#7,1,267,42,397,426,330,-220,-318,631,1,4
20260930-214712#7,1,267,42,165,365,157,-52,-102,391,1,4
20260930-214712#7,1,267,42,292,441,-174,235,280,86,1,1
20260930-214712#7,1,267,42,263,385,262,-25,-110,446,1,4
20260930-220441#1,1,286,349,569,655,330,-464,446,388,0,4
20260930-220441#1,1,286,349,533,659,470,-251,227,486,0,6
20260930-220441#1,1,286,349,200,279,-180,87,-78,408,1,2
20260930-220441#1,1,286,349,250,351,-234,-89,101,295,1,1
20260930-220441#1,1,286,349,882,950,881,-49,5,926,0,0
20260930-220441#1,1,286,349,212,298,-91,-191,195,122,1,3
20260930-220441#1,1,286,349,233,289,-95,-212,217,109,1,3
20260930-221626#1,1,1225,1106,226,443,-30,224,-69,1313,1,7
20260930-221626#1,1,1225,1106,225,473,-128,186,-159,1393,0,3
20260930-221626#1,1,1225,1106,338,586,256,-221,291,950,0,5
20260930-221626#1,1,1225,1106,532,702,515,-134,531,696,0,4
20260930-221626#1,1,1225,1106,234,428,-40,-231,2,1246,1,2
20260930-221626#1,1,1225,1106,191,408,27,189,-7,1247,1,3
20260930-225431#1,0,,,556,744,446,332,,,0,4
20260930-225431#1,0,,,734,860,718,153,,,0,7
20260930-225431#1,0,,,232,396,13,232,,,1,0
20260930-225431#1,0,,,307,358,195,-237,,,1,0
20260930-225431#1,0,,,240,383,-51,235,,,1,0
20260930-225431#1,0,,,1806,1939,1797,183,,,0,3
20260930-225431#1,0,,,328,398,-86,317,,,1,0
20260930-225431#1,0,,,665,687,588,311,,,0,7
20260930-225431#1,0,,,843,1128,820,195,,,0,7
20260930-225431#2,0,,,200,274,-187,69,,,1,2
20260930-225431#2,0,,,239,314,-233,-51,,,1,1
20260930-225431#2,0,,,78,224,-72,32,,,1,1
20260930-225431#2,0,,,175,269,-169,45,,,1,1
20260930-225431#2,0,,,98,128,-96,-20,,,1,2
20260930-225431#2,0,,,88,174,-25,84,,,1,3
20260930-225431#2,0,,,202,241,-200,33,,,1,1
20260930-225431#2,0,,,178,222,-122,130,,,1,2
20260930-225431#2,0,,,181,534,25,179,,,0,5
20260930-225431#2,0,,,149,393,72,-130,,,1,3
20260930-225431#3,1,411,531,376,445,344,152,373,58,1,5
20260930-225431#3,1,411,531,303,501,296,67,289,154,0,6
20260930-225431#3,1,411,531,378,491,363,104,366,106,0,6
20260930-225431#3,1,411,531,194,245,45,-189,-57,503,1,4
20260930-225431#3,1,411,531,160,232,61,148,128,299,1,5
20260930-225431#3,1,411,531,268,315,-1,-268,-138,594,1,1
20260930-225431#3,1,411,531,274,278,-83,261,62,439,1,2
20260930-225431#3,1,411,531,231,263,-130,191,-14,483,1,2
20260930-225431#3,1,411,531,354,368,-28,-353,-204,679,1,2
20260930-225431#4,1,218,529,218,378,-134,-172,-207,431,1,2
20260930-225431#4,1,218,529,129,251,-8,-128,-78,313,1,2
20260930-225431#4,1,218,529,190,274,-133,-136,-186,406,1,4
20260930-225431#4,1,218,529,112,188,19,-111,-46,283,1,2
20260930-225431#4,1,218,529,93,157,-43,82,10,228,1,3
20260930-225431#4,1,218,529,194,298,-194,-3,-163,395,1,5
20260930-225431#4,1,218,529,257,285,-224,126,-116,405,1,2
20260930-225431#4,1,218,529,244,284,-116,-215,-216,449,1,4
20260930-225431#4,1,218,529,337,434,-335,-33,-297,539,1,4
20260930-230802#1,0,,,123,383,-86,89,,,1,3
20260930-230802#1,0,,,193,409,-174,84,,,1,2
20260930-230802#1,0,,,207,491,-198,-58,,,0,0
20260930-230802#1,0,,,181,483,-62,170,,,0,3
20260930-230802#1,0,,,76,324,16,74,,,1,0
20260930-230802#1,0,,,105,322,-92,-49,,,1,1
20260930-230802#1,0,,,69,273,-67,-14,,,1,2
20260930-230802#1,0,,,214,435,-214,0,,,1,0
20260930-230802#1,0,,,146,318,-124,77,,,1,3
20260930-230802#1,0,,,575,654,-8,575,,,0,1
20260930-230802#2,0,,,206,353,-121,-166,,,1,5
20260930-230802#2,0,,,175,374,103,142,,,1,3
20260930-230802#2,0,,,340,434,-189,283,,,1,1
20260930-230802#2,0,,,42,272,41,-12,,,1,7
20260930-230802#2,0,,,35,248,-9,33,,,1,6
20260930-230802#2,0,,,127,208,-76,102,,,1,5
20260930-230802#2,0,,,200,315,-160,-120,,,1,3
20260930-230802#2,0,,,300,358,-153,258,,,1,1
20260930-230802#2,0,,,183,256,-180,-35,,,1,3
20260930-230802#2,0,,,105,232,-82,-66,,,1,6
20260930-230802#3,1,300,532,466,572,447,132,456,184,0,6
20260930-230802#3,1,300,532,438,545,425,106,424,167,0,5
20260930-230802#3,1,300,532,216,225,-123,-178,-193,502,1,1
20260930-230802#3,1,300,532,154,203,-13,153,62,277,1,2
20260930-230802#3,1,300,532,88,127,-10,-87,-50,357,1,1
20260930-230802#3,1,300,532,322,342,-4,322,151,321,1,2
20260930-230802#3,1,300,532,282,284,-82,-270,-201,538,1,0
20260930-230802#3,1,300,532,254,287,-141,-211,-225,538,1,0
20260930-230802#3,1,300,532,394,431,-103,381,92,436,1,2
20260930-230802#4,1,54,80,36,200,-16,-32,-22,81,1,1
20260930-230802#4,1,54,80,53,56,-16,50,52,7,1,8
20260930-230802#4,1,54,80,80,125,-69,-40,-7,100,1,6
20260930-230802#4,1,54,80,118,174,-63,-99,-63,154,1,3
20260930-230802#4,1,54,80,43,67,-2,-43,-38,94,1,6
20260930-230802#4,1,54,80,59,185,-30,-51,-33,100,1,2
20260930-230802#4,1,54,80,85,166,-81,-26,11,95,1,7
20260930-230802#4,1,54,80,98,101,-73,65,90,52,1,8
20260930-230802#4,1,54,80,106,156,-66,82,103,55,1,5
20260930-230802#5,0,,,239,281,-85,-223,,,1,2
20260930-230802#5,0,,,373,401,370,47,,,1,4
20260930-230802#5,0,,,255,362,254,-18,,,1,4
20260930-230802#5,0,,,354,366,353,14,,,1,4
20260930-230802#5,0,,,172,191,-15,-172,,,1,0
20260930-230802#5,0,,,186,211,27,-184,,,1,0
20260930-230802#5,0,,,232,249,39,229,,,1,4
20260930-230802#5,0,,,236,267,56,229,,,1,5
20260930-230802#5,0,,,291,353,-36,289,,,1,3
20260930-230802#5,0,,,308,313,-186,-246,,,1,2
20260930-230802#6,1,343,241,213,284,-162,-138,82,327,1,2
20260930-230802#6,1,343,241,312,383,-152,-273,214,262,1,1
20260930-230802#6,1,343,241,186,262,-158,-98,45,348,1,2
20260930-230802#6,1,343,241,266,303,-145,-224,169,270,1,1
20260930-230802#6,1,343,241,186,223,-179,-50,-7,396,1,4
20260930-230802#6,1,343,241,201,237,-124,-158,112,285,1,1
20260930-230802#6,1,343,241,282,326,-237,-154,74,383,1,3
20260930-230802#6,1,343,241,298,317,-277,-111,21,438,1,6
20260930-230802#6,1,343,241,234,302,-228,-55,-17,430,1,5
20260930-232430#1,1,945,278,375,461,266,264,371,576,0,6
20260930-232430#1,1,945,278,404,501,397,-71,276,731,0,5
20260930-232430#1,1,945,278,338,661,333,-52,236,749,0,7
20260930-232430#1,1,945,278,489,619,485,65,427,570,0,12
20260930-232430#1,1,945,278,134,308,-37,129,48,906,1,2
20260930-232430#1,1,945,278,363,464,267,246,361,586,0,5
20260930-232430#1,1,945,278,697,986,598,-359,264,939,0,6
20260930-232430#2,0,,,132,276,-105,-80,,,1,2
20260930-232430#2,0,,,203,305,-116,-167,,,1,1
20260930-232430#2,0,,,76,236,-66,-38,,,1,1
20260930-232430#2,0,,,161,291,-161,-6,,,1,2
20260930-232430#2,0,,,69,179,-66,-23,,,1,3
20260930-232430#2,0,,,109,244,-76,-78,,,1,1
20260930-232430#2,0,,,171,280,-156,-71,,,1,2
20260930-232430#2,0,,,143,311,-138,34,,,1,3
20260930-232430#2,0,,,218,327,-190,107,,,1,1
20260930-232430#2,0,,,166,244,-88,140,,,1,4
20260930-232430#3,1,419,0,238,329,-65,-229,-65,536,1,2
20260930-232430#3,1,419,0,236,243,-21,-235,-21,499,1,4
20260930-232430#3,1,419,0,244,306,-187,157,-187,625,1,1
20260930-232430#3,1,419,0,291,361,-183,226,-183,643,1,0
20260930-232430#3,1,419,0,299,324,-75,-290,-75,572,1,5
20260930-233450#1,0,,,366,504,282,-233,,,0,5
20260930-233450#1,0,,,337,471,311,132,,,0,4
20260930-233450#1,0,,,267,397,258,-69,,,1,6
20260930-233450#1,0,,,296,540,203,-216,,,0,5
20260930-233450#1,0,,,202,317,194,-55,,,1,5
20260930-233450#1,0,,,468,523,5,-468,,,0,4
20260930-233450#1,0,,,509,569,-162,-482,,,0,2
20260930-233450#1,0,,,328,386,205,-256,,,1,6
20260930-233450#1,0,,,562,606,11,-562,,,0,5
20260930-233450#1,0,,,334,475,177,-283,,,0,6
20260930-233450#2,0,,,232,281,-232,-2,,,1,6
20260930-233450#2,0,,,206,326,-60,-197,,,1,1
20260930-233450#2,0,,,66,214,-55,-37,,,1,1
20260930-233450#2,0,,,206,330,-158,-133,,,1,2
20260930-233450#2,0,,,176,193,-163,65,,,1,7
20260930-233450#2,0,,,57,88,-30,48,,,1,5
20260930-233450#2,0,,,234,295,-143,-185,,,1,1
20260930-233450#2,0,,,214,279,-165,-137,,,1,4
20260930-233450#2,0,,,269,289,-213,165,,,1,6
20260930-233450#2,0,,,292,341,-240,168,,,1,6
20260930-233450#3,1,165,484,219,416,-50,-213,-211,380,1,1
20260930-233450#3,1,165,484,90,248,44,78,76,100,1,5
20260930-233450#3,1,165,484,63,110,19,-60,-61,226,1,4
20260930-233450#3,1,165,484,230,317,-6,-230,-230,395,1,3
20260930-233450#3,1,165,484,188,264,-57,-179,-176,347,1,2
20260930-233450#3,1,165,484,130,280,-57,116,118,70,1,4
20260930-233450#3,1,165,484,274,309,202,-185,-193,407,1,6
20260930-233450#3,1,165,484,257,362,-212,-146,-138,372,1,1
20260930-233450#3,1,165,484,322,368,308,-92,-105,406,1,8
20260930-233450#4,1,660,705,93,121,-85,36,-93,753,1,0
20260930-233450#4,1,660,705,128,194,-89,-91,-41,712,1,1
20260930-233450#4,1,660,705,97,145,-71,67,-93,754,1,0
20260930-233450#4,1,660,705,165,211,-109,123,-152,814,1,0
20260930-233450#4,1,660,705,118,137,-71,95,-105,767,1,0
20260930-233450#4,1,660,705,565,1013,309,473,76,809,0,2
20260930-233450#4,1,660,705,280,295,-78,269,-186,872,1,0
20260930-233450#4,1,660,705,190,221,-141,128,-182,844,1,0
20260930-233450#4,1,660,705,140,240,-131,49,-139,800,1,0
20260930-233450#5,1,329,47,326,342,-9,326,-42,493,1,3
20260930-233450#5,1,329,47,280,320,277,-37,280,51,1,7
20260930-233450#5,1,329,47,361,555,360,-33,361,32,0,7
20260930-233450#5,1,329,47,195,216,-182,-69,-174,511,1,1
20260930-233450#5,1,329,47,165,167,-84,-142,-69,426,1,0
20260930-233450#5,1,329,47,215,243,97,192,77,323,1,3
20260930-233450#5,1,329,47,230,259,-145,-178,-126,495,1,0
20260930-233450#5,1,329,47,298,328,93,283,64,394,1,3
20260930-233450#5,1,329,47,202,286,-199,33,-201,531,1,2
20260930-233450#6,1,241,148,366,715,366,7,192,316,0,5
20260930-233450#6,1,241,148,536,710,358,-399,529,300,0,6
20260930-233450#6,1,241,148,578,625,-178,-550,365,465,0,0
20260930-233450#6,1,241,148,292,523,231,-178,275,103,0,8
20260930-233450#6,1,241,148,254,316,-225,-119,-22,366,1,3
20260930-233450#6,1,241,148,545,639,-117,-532,383,412,0,2
20260930-233450#6,1,241,148,610,748,502,-347,564,398,0,5
20260930-233450#7,1,254,420,436,598,87,427,418,205,0,2
20260930-233450#7,1,254,420,720,868,205,691,670,493,0,0
20260930-233450#7,1,254,420,269,476,-3,269,268,25,0,4
20260930-233450#7,1,254,420,231,502,-172,-154,-138,434,0,3
20260930-233450#7,1,254,420,238,392,127,202,190,157,1,4
20260930-233450#7,1,254,420,478,696,299,373,346,343,0,5
20260930-233450#7,1,254,420,411,510,369,181,148,398,0,9
20260930-233450#7,1,254,420,527,665,468,243,201,490,0,9
20260930-234618#1,1,398,448,250,464,-249,-13,-170,597,0,4
20260930-234618#1,1,398,448,271,451,-270,20,-208,631,0,3
20260930-234618#1,1,398,448,328,496,-327,-16,-224,667,0,2
20260930-234618#1,1,398,448,167,434,-122,114,-167,565,1,5
20260930-234618#1,1,398,448,69,248,-61,-30,-23,426,1,4
20260930-234618#1,1,398,448,328,414,-29,327,-248,681,1,8
20260930-234618#1,1,398,448,223,444,-207,82,-206,611,1,5
20260930-234618#1,1,398,448,367,426,-71,360,-301,731,1,6
20260930-234618#1,1,398,448,345,403,218,267,-29,548,1,12
20260930-234618#2,1,263,134,292,312,-127,-262,-67,435,1,2
20260930-234618#2,1,263,134,305,326,-200,-231,-144,488,1,2
20260930-234618#2,1,263,134,110,169,-96,-54,-82,352,1,1
20260930-234618#2,1,263,134,228,264,-220,-61,-201,476,1,2
20260930-234618#2,1,263,134,124,187,-119,-33,-109,377,1,1
20260930-234618#2,1,263,134,143,188,-134,-49,-120,390,1,2
20260930-234618#2,1,263,134,274,282,-236,-139,-200,500,1,2
20260930-234618#2,1,263,134,270,282,-261,71,-270,533,1,1
20260930-234618#2,1,263,134,252,274,-190,166,-222,499,1,2
20260930-234618#3,1,354,209,335,347,-86,-324,-143,582,1,3
20260930-234618#3,1,354,209,283,350,126,-254,78,387,1,8
20260930-234618#3,1,354,209,430,437,425,63,430,78,1,11
20260930-234618#3,1,354,209,377,426,376,29,374,45,1,10
20260930-234618#3,1,354,209,150,154,-149,18,-143,499,1,1
20260930-234618#3,1,354,209,274,282,133,-239,88,372,1,8
20260930-234618#3,1,354,209,247,248,-225,-102,-240,596,1,1
20260930-234618#3,1,354,209,330,344,113,-310,55,441,1,8
20260930-234618#3,1,354,209,267,267,-266,13,-260,616,1,1
20260930-234618#4,1,160,389,198,316,-109,-166,-115,319,1,1
20260930-234618#4,1,160,389,201,269,-189,-68,-192,356,1,3
20260930-234618#4,1,160,389,48,95,-36,31,-35,197,1,10
20260930-234618#4,1,160,389,202,282,-191,-66,-193,358,1,4
20260930-234618#4,1,160,389,173,212,-135,-108,-140,316,1,4
20260930-234618#4,1,160,389,111,187,-110,16,-109,270,1,10
20260930-234618#4,1,160,389,166,251,-113,-121,-118,301,1,3
20260930-234618#4,1,160,389,233,319,-79,-219,-88,329,1,5
20260930-234618#4,1,160,389,214,251,-200,74,-197,366,1,5
20260930-234618#5,1,278,98,276,288,-193,-197,-191,509,1,1
20260930-234618#5,1,278,98,265,287,-45,261,-47,417,1,4
20260930-234618#5,1,278,98,234,239,-88,217,-90,426,1,4
20260930-234618#5,1,278,98,233,260,-141,185,-143,459,1,2
20260930-234618#5,1,278,98,161,213,-78,-141,-76,381,1,2
20260930-234618#5,1,278,98,191,259,188,-33,188,94,1,6
20260930-234618#5,1,278,98,288,293,-206,-202,-204,523,1,1
20260930-234618#5,1,278,98,336,341,334,41,333,71,1,7
20260930-234618#5,1,278,98,369,370,368,10,368,92,1,7
20260930-234618#6,1,448,22,357,432,83,-347,-12,582,1,7
20260930-234618#6,1,448,22,272,339,-55,-267,-124,622,1,7
20260930-234618#6,1,448,22,70,279,-70,-7,-69,517,1,2
20260930-234618#6,1,448,22,379,432,84,-370,-17,600,1,8
20260930-234618#6,1,448,22,287,346,90,-272,14,520,1,5
20260930-234618#6,1,448,22,126,174,100,-76,76,385,1,7
20260930-234618#6,1,448,22,341,393,50,-338,-42,596,1,8
20260930-234618#6,1,448,22,59,306,43,-39,31,420,1,4
20260930-234618#6,1,448,22,364,430,-213,295,-127,669,1,1
20261001-195456#1,1,130,530,288,447,-239,160,284,161,1,1
20261001-195456#1,1,130,530,414,545,394,127,-305,517,0,12
20261001-195456#1,1,130,530,254,396,47,249,60,256,1,6
20261001-195456#1,1,130,530,49,278,-18,45,35,101,1,4
20261001-195456#1,1,130,530,213,302,-98,190,167,137,1,3
20261001-195456#1,1,130,530,179,395,-117,136,163,81,1,2
20261001-195456#1,1,130,530,250,357,-134,211,210,158,1,3
20261001-195456#1,1,130,530,157,361,-148,53,157,29,1,2
20261001-195456#1,1,130,530,224,434,149,166,-67,291,1,12
20261001-195456#2,1,170,68,165,229,-114,-120,4,234,1,1
20261001-195456#2,1,170,68,206,244,-190,81,195,72,1,1
20261001-195456#2,1,170,68,211,234,-127,-169,-19,283,1,1
20261001-195456#2,1,170,68,193,217,-184,57,174,82,1,2
20261001-195456#2,1,170,68,74,113,28,-68,-67,239,1,1
20261001-195456#2,1,170,68,98,130,-20,96,80,107,1,0
20261001-195456#2,1,170,68,205,241,-189,79,193,72,1,1
20261001-195456#2,1,170,68,198,219,-118,159,194,45,1,0
20261001-195456#2,1,170,68,119,214,-96,-70,24,187,1,0
20261001-195456#3,1,384,17,358,392,278,226,357,40,1,8
20261001-195456#3,1,384,17,238,239,-143,191,-10,461,1,4
20261001-195456#3,1,384,17,384,509,349,159,378,66,0,9
20261001-195456#3,1,384,17,224,224,-66,214,66,383,1,6
20261001-195456#3,1,384,17,193,227,-98,166,13,418,1,6
20261001-195456#3,1,384,17,208,346,168,-123,70,371,1,9
20261001-195456#3,1,384,17,451,462,370,257,451,67,0,6
20261001-195456#3,1,384,17,154,221,153,17,136,258,1,8
20261001-195456#3,1,384,17,288,290,225,-181,83,408,1,7
20261001-195456#4,1,247,313,48,235,39,27,-23,273,1,8
20261001-195456#4,1,247,313,168,370,-24,-166,163,93,1,5
20261001-195456#4,1,247,313,180,265,-166,-70,54,259,1,6
20261001-195456#4,1,247,313,21,194,14,16,-15,262,1,8
20261001-195456#4,1,247,313,78,246,62,46,-40,295,1,7
20261001-195456#4,1,247,313,166,221,-149,71,-86,362,1,4
20261001-195456#4,1,247,313,293,489,126,-264,275,104,0,10
20261001-195456#4,1,247,313,144,234,38,-139,142,107,1,12
20261001-195456#4,1,247,313,250,297,-93,-232,222,118,1,10
20261001-195456#5,1,374,341,247,259,-212,126,-220,604,1,0
20261001-195456#5,1,374,341,302,379,300,37,297,96,1,8
20261001-195456#5,1,374,341,321,323,321,-13,321,54,1,10
20261001-195456#5,1,374,341,119,171,-116,26,-117,492,1,1
20261001-195456#5,1,374,341,249,250,-241,63,-245,621,1,0
20261001-195456#5,1,374,341,415,436,414,-24,415,41,1,10
20261001-195456#5,1,374,341,323,354,43,-320,64,443,1,6
20261001-195456#5,1,374,341,351,560,165,-310,186,353,0,5
20261001-195456#5,1,374,341,256,257,99,-236,115,346,1,5
20261001-195456#6,1,396,159,341,465,305,-153,261,257,0,12
20261001-195456#6,1,396,159,316,391,306,-76,281,185,1,10
20261001-195456#6,1,396,159,417,610,409,-80,380,174,0,10
20261001-195456#6,1,396,159,328,382,312,-102,279,207,1,10
20261001-195456#6,1,396,159,295,546,229,-185,180,317,0,8
20261001-195456#6,1,396,159,341,383,325,103,340,61,1,8
20261001-195456#6,1,396,159,311,392,311,9,305,111,1,9
20261001-195456#6,1,396,159,275,310,256,101,272,130,1,7
20261001-201030#1,0,,,302,380,-3,-302,,,1,2
20261001-201030#1,0,,,432,539,102,-420,,,0,5
20261001-201030#1,0,,,422,500,35,-421,,,0,4
20261001-201030#1,0,,,389,494,-18,-389,,,0,1
20261001-201030#1,0,,,231,291,-9,-231,,,1,2
20261001-201030#1,0,,,375,414,30,-374,,,1,3
20261001-201030#1,0,,,363,484,42,-361,,,0,3
20261001-201030#1,0,,,303,343,12,-303,,,1,1
20261001-201030#1,0,,,392,484,-67,-387,,,0,2
20261001-201030#1,0,,,247,487,-235,-74,,,0,2
20261001-201030#2,1,240,72,246,262,-242,42,246,11,1,4
20261001-201030#2,1,240,72,308,381,-306,-34,292,110,1,4
20261001-201030#2,1,240,72,231,263,-230,23,229,28,1,4
20261001-201030#2,1,240,72,118,177,-110,43,116,125,1,2
20261001-201030#2,1,240,72,245,281,-244,-20,234,70,1,3
20261001-201030#2,1,240,72,177,297,-158,-79,138,150,1,2
20261001-201030#2,1,240,72,242,269,-232,69,242,19,1,4
20261001-201030#2,1,240,72,147,206,-147,12,146,96,1,2
20261001-201030#2,1,240,72,182,221,-88,160,119,183,1,4
20261001-201030#3,1,280,496,162,222,-154,-53,-161,442,1,4
20261001-201030#3,1,280,496,238,288,-46,234,58,320,1,8
20261001-201030#3,1,280,496,217,244,33,214,121,240,1,9
20261001-201030#3,1,280,496,101,169,-101,6,-88,372,1,5
20261001-201030#3,1,280,496,252,255,-170,-185,-233,522,1,3
20261001-201030#3,1,280,496,220,301,68,209,150,206,1,6
20261001-201030#3,1,280,496,361,391,359,35,340,135,1,9
20261001-201030#3,1,280,496,107,144,-47,-96,-84,370,1,5
20261001-201030#3,1,280,496,318,344,318,7,291,129,1,9
20261001-201030#4,1,180,159,23,32,-17,-15,22,158,1,11
20261001-201030#4,1,180,159,228,287,-195,-117,205,102,1,8
20261001-201030#4,1,180,159,141,184,-122,-70,125,84,1,11
20261001-201030#4,1,180,159,51,60,-23,-46,51,129,1,11
20261001-201030#4,1,180,159,161,244,-148,-64,135,100,1,10
20261001-201030#4,1,180,159,30,46,30,-2,-15,196,1,10
20261001-201030#4,1,180,159,58,104,-52,-25,50,134,1,10
20261001-201030#4,1,180,159,159,186,-159,0,87,162,1,7
20261001-201030#4,1,180,159,87,144,-79,-36,73,116,1,10
20261001-201030#5,1,192,16,266,318,154,-217,177,199,1,7
20261001-201030#5,1,192,16,258,265,-232,-114,-218,432,1,3
20261001-201030#5,1,192,16,306,316,-68,298,-100,411,1,4
20261001-201030#5,1,192,16,184,211,-162,-87,-152,359,1,3
20261001-201030#5,1,192,16,325,357,-288,-152,-269,496,1,2
20261001-201030#5,1,192,16,317,364,-90,304,-123,429,1,2
20261001-201030#5,1,192,16,323,329,-74,315,-108,427,1,3
20261001-201030#5,1,192,16,180,327,173,52,166,76,1,5
20261001-201030#5,1,192,16,185,226,181,39,176,61,1,5
20261001-201030#6,1,153,207,205,357,-149,-140,197,72,1,7
20261001-201030#6,1,153,207,219,270,-156,-153,211,81,1,6
20261001-201030#6,1,153,207,219,350,-105,193,-112,325,1,5
20261001-201030#6,1,153,207,159,212,-85,-134,159,8,1,11
20261001-201030#6,1,153,207,341,591,-283,190,-19,381,0,3
20261001-201030#6,1,153,207,369,406,-303,-209,335,239,1,3
20261001-201030#6,1,153,207,224,339,-185,-126,203,108,1,8
20261001-201030#6,1,153,207,300,400,146,262,-300,453,1,6
20261001-202431#1,0,,,294,376,278,-96,,,1,10
20261001-202431#1,0,,,277,351,211,-179,,,1,10
20261001-202431#1,0,,,363,507,359,54,,,0,6
20261001-202431#1,0,,,355,428,355,-2,,,1,9
20261001-202431#1,0,,,217,307,-184,116,,,1,2
20261001-202431#1,0,,,278,376,278,0,,,1,11
20261001-202431#1,0,,,342,488,330,90,,,0,9
20261001-202431#1,0,,,251,311,-244,57,,,1,2
20261001-202431#1,0,,,274,319,225,157,,,1,5
20261001-202431#1,0,,,312,372,-301,-84,,,1,4
20261001-202431#2,1,270,387,389,469,257,-292,389,119,0,3
20261001-202431#2,1,270,387,263,399,95,-245,249,88,1,3
20261001-202431#2,1,270,387,260,343,180,-188,260,20,1,3
20261001-202431#2,1,270,387,339,380,167,-295,333,88,1,7
20261001-202431#2,1,270,387,368,410,246,-274,368,98,1,4
20261001-202431#2,1,270,387,239,323,171,-166,237,41,1,3
20261001-202431#2,1,270,387,298,369,236,-182,291,67,1,4
20261001-202431#2,1,270,387,266,337,116,-240,258,67,1,3
20261001-202431#2,1,270,387,303,352,147,-265,298,64,1,3
20261001-202431#3,1,189,17,402,549,332,227,300,290,0,5
20261001-202431#3,1,189,17,265,267,254,-75,261,83,1,7
20261001-202431#3,1,189,17,345,414,83,-335,125,328,1,4
20261001-202431#3,1,189,17,461,512,4,-461,64,474,0,5
20261001-202431#3,1,189,17,279,307,275,-52,279,91,1,7
20261001-202431#3,1,189,17,528,665,-94,-519,-26,569,0,4
20261001-202431#3,1,189,17,322,404,73,-313,113,311,1,3
20261001-202431#3,1,189,17,259,408,225,128,207,157,1,5
20261001-202431#3,1,189,17,439,454,297,324,252,365,0,6
20261001-202431#4,1,51,22,120,157,-7,-120,120,69,1,10
20261001-202431#4,1,51,22,52,55,-32,-41,41,33,1,10
20261001-202431#4,1,51,22,143,283,0,-143,143,92,1,9
20261001-202431#4,1,51,22,193,227,41,-189,188,144,1,8
20261001-202431#4,1,51,22,30,65,23,-20,20,39,1,10
20261001-202431#4,1,51,22,57,69,-18,-54,54,17,1,10
20261001-202431#4,1,51,22,152,250,-12,-151,151,101,1,8
20261001-202431#4,1,51,22,133,144,-132,-13,15,137,1,7
20261001-202431#5,1,457,59,489,558,482,79,473,124,0,4
20261001-202431#5,1,457,59,309,359,258,-171,167,390,1,6
20261001-202431#5,1,457,59,540,559,305,445,459,284,0,9
20261001-202431#5,1,457,59,672,673,213,638,452,498,0,7
20261001-202431#5,1,457,59,267,431,253,-85,197,316,1,5
20261001-202431#5,1,457,59,366,458,300,-211,189,412,0,6
20261001-202431#5,1,457,59,595,621,206,558,413,429,0,10
20261001-202431#5,1,457,59,502,560,474,166,501,59,0,4
20261001-202431#5,1,457,59,389,533,377,-97,305,285,0,5
20261001-202431#6,1,118,237,289,320,269,-106,264,187,1,10
20261001-202431#6,1,118,237,331,356,318,-90,287,236,1,9
20261001-202431#6,1,118,237,239,317,210,-114,229,131,1,9
20261001-202431#6,1,118,237,150,313,85,-123,147,39,1,7
20261001-210120#1,1,251,609,280,376,-278,34,143,264,1,0
20261001-210120#1,1,251,609,277,408,-263,85,184,217,1,1
20261001-210120#1,1,251,609,259,360,-109,235,259,10,1,4
20261001-210120#1,1,251,609,188,325,-178,58,125,189,1,1
20261001-210120#1,1,251,609,283,382,-166,-230,-144,464,1,0
20261001-210120#1,1,251,609,255,307,-200,-159,-65,401,1,0
20261001-210120#1,1,251,609,145,271,-127,70,115,163,1,3
20261001-210120#1,1,251,609,175,329,-159,73,130,168,1,3
20261001-210120#1,1,251,609,316,404,-4,316,291,130,1,7
20261001-210120#2,1,330,263,283,359,-169,-227,50,395,1,2
20261001-210120#2,1,330,263,254,311,171,-188,254,76,1,7
20261001-210120#2,1,330,263,150,251,-74,-131,45,319,1,5
20261001-210120#2,1,330,263,191,367,-123,147,-191,521,1,2
20261001-210120#2,1,330,263,163,370,40,-158,142,204,1,7
20261001-210120#2,1,330,263,73,193,-71,-15,-38,373,1,4
20261001-210120#2,1,330,263,234,383,-125,198,-230,562,1,2
20261001-210120#2,1,330,263,179,418,-16,-178,119,250,1,2
20261001-210120#2,1,330,263,93,207,-47,-81,26,316,1,5
20261001-210120#3,0,,,271,323,-226,150,,,1,0
20261001-210120#3,0,,,322,343,-1,322,,,1,2
20261001-210120#3,0,,,205,313,128,161,,,1,7
20261001-210120#3,0,,,360,388,360,-3,,,1,9
20261001-210120#3,0,,,176,276,-68,162,,,1,3
20261001-210120#3,0,,,181,316,166,72,,,1,7
20261001-210120#3,0,,,165,311,162,31,,,1,7
20261001-210120#3,0,,,257,272,-234,105,,,1,0
20261001-210120#3,0,,,138,210,-75,116,,,1,1
20261001-210120#3,0,,,215,268,1,215,,,1,4
20261001-210120#4,1,164,254,214,241,-90,-193,133,170,1,5
20261001-210120#4,1,164,254,241,336,-153,-186,99,229,1,5
20261001-210120#4,1,164,254,237,313,20,-236,220,104,1,2
20261001-210120#4,1,164,254,77,147,3,-77,71,98,1,5
20261001-210120#4,1,164,254,221,259,-122,-184,110,198,1,5
20261001-210120#4,1,164,254,167,203,10,-167,154,66,1,2
20261001-210120#4,1,164,254,229,314,-38,-226,185,136,1,4
20261001-210120#4,1,164,254,125,176,-60,-109,71,138,1,5
20261001-210120#4,1,164,254,136,151,-68,-118,75,144,1,5
20261001-210120#5,1,232,163,284,333,-134,250,-241,496,1,4
20261001-210120#5,1,232,163,222,260,212,-66,217,51,1,10
20261001-210120#5,1,232,163,331,345,-324,-67,-248,528,1,2
20261001-210120#5,1,232,163,16,261,-12,-10,-6,238,1,9
20261001-210120#5,1,232,163,261,264,250,-74,254,64,1,10
20261001-210120#5,1,232,163,398,412,-398,-12,-340,608,1,2
20261001-210120#5,1,232,163,238,283,-25,237,-139,419,1,4
20261001-210120#5,1,232,163,219,296,-219,-14,-183,432,1,0
20261001-210120#5,1,232,163,207,222,-132,159,-194,432,1,3
20261001-210120#6,1,171,317,257,311,-43,-254,221,141,1,6
20261001-210120#6,1,171,317,244,300,-144,-196,243,74,1,8
20261001-210120#6,1,171,317,266,332,-139,-227,263,100,1,8
20261001-210120#6,1,171,317,132,298,-14,-131,109,97,1,5
20261001-210120#6,1,171,317,190,284,-118,-149,190,19,1,8
20261001-210120#6,1,171,317,153,258,-111,-106,152,25,1,7
20261001-210120#6,1,171,317,197,305,-85,-178,191,55,1,6
20261001-210120#6,1,171,317,189,266,-90,-166,185,42,1,8
20261001-210120#6,1,171,317,113,164,-109,29,49,159,1,7
20261001-211048#1,0,,,210,322,-186,97,,,1,3
20261001-211048#1,0,,,254,364,-213,137,,,1,3
20261001-211048#1,0,,,368,458,-248,272,,,0,5
20261001-211048#1,0,,,406,486,-110,390,,,0,8
20261001-211048#1,0,,,210,292,-195,-76,,,1,0
20261001-211048#1,0,,,272,405,-271,-24,,,1,1
20261001-211048#1,0,,,256,373,-252,-43,,,1,1
20261001-211048#1,0,,,322,432,133,293,,,1,10
20261001-211048#1,0,,,286,389,-230,170,,,1,2
20261001-211048#1,0,,,460,602,264,377,,,0,6
20261001-211048#2,1,233,457,196,222,-185,65,60,256,1,0
20261001-211048#2,1,233,457,340,382,-319,119,96,354,1,1
20261001-211048#2,1,233,457,233,279,-210,-102,207,110,1,1
20261001-211048#2,1,233,457,86,194,-69,-50,82,154,1,0
20261001-211048#2,1,233,457,128,237,-117,-52,112,137,1,1
20261001-211048#2,1,233,457,60,188,-44,-40,59,175,1,0
20261001-211048#2,1,233,457,242,254,-193,146,-1,337,1,0
20261001-211048#2,1,233,457,183,233,-182,-14,120,178,1,1
20261001-211048#2,1,233,457,287,311,-259,123,57,332,1,2
20261001-211048#3,1,309,14,224,289,116,192,107,282,1,4
20261001-211048#3,1,309,14,164,256,-28,-161,-21,368,1,2
20261001-211048#3,1,309,14,328,352,328,-12,328,19,1,7
20261001-211048#3,1,309,14,128,150,40,-122,46,290,1,3
20261001-211048#3,1,309,14,221,246,-62,-213,-52,421,1,1
20261001-211048#3,1,309,14,279,355,275,-48,277,49,1,7
20261001-211048#3,1,309,14,212,293,119,175,111,268,1,9
20261001-211048#3,1,309,14,177,292,115,135,109,244,1,7
20261001-211048#3,1,309,14,209,362,165,129,159,203,1,11
20261001-211048#4,1,137,120,133,240,-115,-66,132,8,1,2
20261001-211048#4,1,137,120,330,410,-267,193,150,294,1,1
20261001-211048#4,1,137,120,187,344,-187,6,163,94,1,2
20261001-211048#4,1,137,120,35,167,-27,-23,34,103,1,2
20261001-211048#4,1,137,120,222,292,-200,98,133,178,1,4
20261001-211048#4,1,137,120,126,261,-109,63,68,126,1,3
20261001-211048#4,1,137,120,191,292,-153,-114,188,60,1,2
20261001-211048#4,1,137,120,110,219,-108,-18,105,46,1,2
20261001-211048#4,1,137,120,172,205,-172,2,152,81,1,2
20261001-211048#5,1,413,69,287,355,-156,240,-162,622,1,0
20261001-211048#5,1,413,69,349,350,339,85,337,121,1,7
20261001-211048#5,1,413,69,358,438,352,61,351,94,1,6
20261001-211048#5,1,413,69,62,253,-23,58,-24,441,1,6
20261001-211048#5,1,413,69,326,333,-85,314,-93,594,1,1
20261001-211048#5,1,413,69,303,373,-151,263,-157,627,1,0
20261001-211048#5,1,413,69,57,116,49,-30,49,365,1,8
20261001-211048#5,1,413,69,264,270,-174,199,-179,623,1,1
20261001-213946#1,1,196,588,301,396,-203,223,-107,414,1,4
20261001-213946#1,1,196,588,239,366,226,75,-169,402,1,11
20261001-213946#1,1,196,588,313,415,-280,-140,251,195,1,0
20261001-213946#1,1,196,588,191,281,-95,165,-105,341,1,5
20261001-213946#1,1,196,588,164,365,-136,-91,143,97,1,0
20261001-213946#1,1,196,588,206,306,-142,-149,197,59,1,0
20261001-213946#1,1,196,588,102,369,-66,78,-40,254,1,7
20261001-213946#1,1,196,588,242,283,144,194,-238,436,1,15
20261001-213946#1,1,196,588,320,477,-151,282,-184,461,0,3
20261001-213946#2,1,147,493,464,653,125,-447,433,331,0,4
20261001-213946#2,1,147,493,528,559,343,-401,367,438,0,9
20261001-213946#2,1,147,493,322,505,101,-306,295,196,0,6
20261001-213946#2,1,147,493,413,531,207,-358,337,306,0,9
20261001-213946#2,1,147,493,240,445,42,-236,231,105,1,5
20261001-213946#2,1,147,493,292,401,2,-292,291,146,1,7
20261001-213946#2,1,147,493,300,448,-35,-298,299,152,1,6
20261001-213946#2,1,147,493,251,397,-13,-251,251,104,1,6
20261001-213946#2,1,147,493,330,465,121,-307,294,210,0,7
20261001-213946#3,1,108,351,450,606,-450,-23,446,344,0,4
20261001-213946#3,1,108,351,211,278,211,12,-210,318,1,3
20261001-213946#3,1,108,351,202,326,-122,-161,149,142,1,4
20261001-213946#3,1,108,351,214,247,211,-35,-201,317,1,3
20261001-213946#3,1,108,351,172,217,-143,-95,158,84,1,3
20261001-213946#3,1,108,351,326,606,-324,-37,326,219,0,3
20261001-213946#3,1,108,351,255,558,-255,12,248,152,0,2
20261001-213946#3,1,108,351,427,504,-425,41,410,324,0,2
20261001-213946#3,1,108,351,244,294,-225,-93,238,140,1,3
20261001-213946#4,1,183,19,184,277,-181,-35,154,105,1,7
20261001-213946#4,1,183,19,5,22,2,5,0,183,1,9
20261001-213946#4,1,183,19,40,49,-37,-16,28,158,1,9
20261001-213946#4,1,183,19,149,233,-149,-2,137,75,1,8
20261001-213946#4,1,183,19,36,40,10,-35,-22,208,1,9
20261001-213946#4,1,183,19,103,112,-84,-60,55,155,1,10
20261001-213946#4,1,183,19,119,210,-100,-66,67,152,1,10
20261001-213946#4,1,183,19,106,147,-106,0,98,94,1,10
20261001-213946#4,1,183,19,66,78,-64,17,66,118,1,10
20261001-213946#5,1,314,247,333,345,327,-64,330,47,1,7
20261001-213946#5,1,314,247,304,469,298,-58,301,43,0,7
20261001-213946#5,1,314,247,271,395,222,-155,260,93,1,6
20261001-213946#5,1,314,247,296,313,-56,-291,40,401,1,5
20261001-213946#5,1,314,247,299,315,-19,-299,78,373,1,5
20261001-213946#5,1,314,247,348,381,176,301,70,419,1,9
20261001-213946#5,1,314,247,196,299,183,71,150,206,1,9
20261001-213946#5,1,314,247,281,334,140,243,54,378,1,11
20261001-213946#5,1,314,247,306,315,-14,-305,85,372,1,5
20261001-213946#6,1,205,471,281,355,257,114,91,290,1,4
20261001-213946#6,1,205,471,44,205,-41,-15,-17,226,1,5
20261001-213946#6,1,205,471,232,329,196,124,41,281,1,2
20261001-213946#6,1,205,471,155,237,-8,155,-119,339,1,2
20261001-213946#6,1,205,471,52,213,-48,20,-47,254,1,4
20261001-213946#6,1,205,471,362,387,185,311,-103,464,1,3
20261001-213946#6,1,205,471,146,218,114,91,11,243,1,5
20261001-213946#6,1,205,471,145,223,73,126,-43,285,1,4
20261001-213946#6,1,205,471,254,367,254,-12,181,181,1,4
20261001-221556#1,1,533,549,284,433,-112,262,283,251,1,2
20261001-221556#1,1,533,549,273,378,-165,217,257,291,1,2
20261001-221556#1,1,533,549,164,293,-100,130,155,383,1,2
20261001-221556#1,1,533,549,309,409,-49,305,305,232,1,3
20261001-221556#1,1,533,549,242,351,-118,212,238,300,1,2
20261001-221556#1,1,533,549,739,796,-24,739,711,269,0,3
20261001-221556#1,1,533,549,322,460,-133,294,320,216,0,3
20261001-221556#1,1,533,549,249,370,-232,89,156,425,1,0
20261001-221556#2,1,570,0,440,691,440,-8,438,141,0,11
20261001-221556#2,1,570,0,475,511,469,-73,461,158,0,9
20261001-221556#2,1,570,0,439,484,439,18,439,133,0,13
20261001-221556#2,1,570,0,264,314,-214,-155,-227,808,1,0
20261001-223543#1,1,227,345,153,279,-143,53,-145,375,1,2
20261001-223543#1,1,227,345,143,212,-83,117,-86,333,1,3
20261001-223543#1,1,227,345,361,385,359,-37,360,137,1,7
20261001-223543#1,1,227,345,167,296,-73,-150,-70,333,1,1
20261001-223543#1,1,227,345,227,348,-135,-182,-131,403,1,1
20261001-223543#1,1,227,345,268,316,-146,225,-151,438,1,3
20261001-223543#1,1,227,345,213,302,-67,-202,-62,354,1,2
20261001-223543#1,1,227,345,380,402,380,10,379,154,1,7
20261001-223543#1,1,227,345,256,326,-183,180,-187,449,1,2
20261001-223543#2,1,158,259,323,474,-291,138,65,330,0,0
20261001-223543#2,1,158,259,313,442,-128,-286,306,163,1,3
20261001-223543#2,1,158,259,173,263,0,173,-138,314,1,5
20261001-223543#2,1,158,259,73,343,-70,20,26,148,1,2
20261001-223543#2,1,158,259,218,328,-95,-197,214,71,1,5
20261001-223543#2,1,158,259,112,238,24,-110,73,120,1,5
20261001-223543#2,1,158,259,222,370,-48,-217,202,102,1,5
20261001-223543#2,1,158,259,221,353,140,-170,52,239,1,8
20261001-223543#2,1,158,259,107,290,103,-29,-39,221,1,8
20261001-223543#3,1,413,169,480,550,478,41,466,126,0,10
20261001-223543#3,1,413,169,62,349,-35,51,-17,434,1,6
20261001-223543#3,1,413,169,133,435,62,118,96,330,1,6
20261001-223543#3,1,413,169,95,194,-94,-19,-95,508,1,2
20261001-223543#3,1,413,169,110,288,-79,76,-50,474,1,5
20261001-223543#3,1,413,169,177,268,81,-157,27,424,1,7
20261001-223543#3,1,413,169,224,377,56,217,123,346,1,8
20261001-223543#3,1,413,169,219,320,218,-16,202,228,1,12
20261001-223543#3,1,413,169,190,346,106,-157,50,406,1,7
20261001-223543#4,1,289,149,347,464,311,-153,301,172,0,5
20261001-223543#4,1,289,149,8,240,-2,-8,-3,292,1,3
20261001-223543#4,1,289,149,232,343,19,231,33,344,1,5
20261001-223543#4,1,289,149,118,168,67,-98,61,250,1,3
20261001-223543#4,1,289,149,196,276,-23,-195,-35,377,1,3
20261001-223543#4,1,289,149,165,182,-82,-143,-90,404,1,1
20261001-223543#4,1,289,149,185,249,-20,184,-9,351,1,5
20261001-223543#4,1,289,149,141,277,-7,141,1,321,1,5
20261001-223543#4,1,289,149,299,342,-86,286,-69,462,1,6
20261001-223543#5,1,331,109,168,332,133,103,159,181,1,12
20261001-223543#5,1,331,109,289,532,254,138,284,69,0,12
20261001-223543#5,1,331,109,162,202,92,133,130,224,1,7
20261001-223543#5,1,331,109,128,227,-97,84,-66,412,1,3
20261001-223543#5,1,331,109,391,553,377,103,390,63,0,12
20261001-223543#5,1,331,109,135,279,-55,123,-14,370,1,5
20261001-223543#5,1,331,109,107,344,46,97,74,269,1,7
20261001-223543#5,1,331,109,272,329,247,115,271,68,1,14
20261001-223543#5,1,331,109,449,583,444,-62,401,212,0,9
20261001-223543#6,1,139,411,139,393,-133,40,-75,244,1,1
20261001-223543#6,1,139,411,89,295,-17,-87,-70,216,1,0
20261001-223543#6,1,139,411,149,268,-80,-126,-143,285,1,0
20261001-223543#6,1,139,411,105,112,-100,-32,-97,240,1,0
20261001-223543#6,1,139,411,181,280,171,-59,93,163,1,4
20261001-223543#6,1,139,411,338,549,336,-37,232,263,0,4
20261001-223543#6,1,139,411,735,961,169,-715,-335,808,0,1
20261001-223543#6,1,139,411,156,344,-149,-48,-144,290,1,0
20261001-223543#6,1,139,411,31,366,4,-31,-17,159,1,3
20261001-223543#7,1,212,288,304,380,-30,-303,135,283,1,7
20261001-223543#7,1,212,288,151,274,-61,-138,105,152,1,8
20261001-223543#7,1,212,288,207,284,-173,-114,202,46,1,6
20261001-223543#7,1,212,288,100,278,-77,-64,94,122,1,5
20261001-223543#7,1,212,288,265,300,-113,-240,190,186,1,5
20261001-223543#7,1,212,288,285,330,-223,-177,271,105,1,5
20261001-223543#7,1,212,288,72,205,-4,-72,30,194,1,10
20261001-223543#7,1,212,288,282,334,7,-282,93,292,1,8
20261001-223543#7,1,212,288,371,556,-60,-366,186,322,0,4
20261001-223543#8,1,213,262,103,232,-94,42,11,226,1,3
20261001-223543#8,1,213,262,170,312,-41,-165,163,69,1,5
20261001-223543#8,1,213,262,53,175,-32,42,-20,239,1,1
20261001-223543#8,1,213,262,359,401,57,-355,277,237,1,7
20261001-223543#8,1,213,262,186,262,-56,178,-125,365,1,1
20261001-223543#8,1,213,262,133,257,-130,29,41,214,1,2
20261001-223543#8,1,213,262,116,194,-79,85,-33,270,1,2
20261001-223543#8,1,213,262,313,497,213,-229,89,324,0,6
20261001-223543#8,1,213,262,674,766,453,-499,201,644,0,3
20261001-225245#1,0,,,113,385,-112,-15,,,1,2
20261001-225245#1,0,,,104,432,-24,102,,,1,8
20261001-225245#1,0,,,180,418,71,166,,,1,7
20261001-225245#1,0,,,104,244,19,-102,,,1,1
20261001-225245#1,0,,,472,587,461,-102,,,0,1
20261001-225245#1,0,,,214,482,-131,-169,,,0,0
20261001-225245#1,0,,,201,355,-193,-59,,,1,0
20261001-225245#1,0,,,83,371,23,80,,,1,7
20261001-225245#1,0,,,211,480,-174,121,,,0,4
20261001-225245#1,0,,,132,347,-123,50,,,1,2
20261001-225245#2,1,181,217,288,382,220,-186,103,280,1,10
20261001-225245#2,1,181,217,275,333,194,-194,119,255,1,10
20261001-225245#2,1,181,217,296,305,296,-5,-93,392,1,8
20261001-225245#2,1,181,217,239,405,239,-14,-66,337,1,9
20261001-225245#2,1,181,217,417,508,396,131,-255,546,0,5
20261001-225245#2,1,181,217,299,358,92,-285,238,190,1,9
20261001-225245#2,1,181,217,190,329,172,-80,19,249,1,10
20261001-225245#2,1,181,217,341,421,332,-76,-39,404,1,9
20261001-225245#2,1,181,217,293,429,289,-49,-50,370,1,9
20261001-225245#3,1,405,24,306,332,-76,296,-35,534,1,1
20261001-225245#3,1,405,24,130,158,-78,104,-62,481,1,2
20261001-225245#3,1,405,24,282,373,-49,278,-10,501,1,3
20261001-225245#3,1,405,24,257,289,-245,77,-232,647,1,4
20261001-225245#3,1,405,24,318,363,-280,151,-257,688,1,3
20261001-225245#3,1,405,24,405,436,218,341,263,339,1,6
20261001-225245#3,1,405,24,434,437,419,110,431,57,1,4
20261001-225245#3,1,405,24,223,234,-219,40,-212,621,1,4
20261002-222650#1,0,,,97,416,-9,97,,,1,4
20261002-222650#1,0,,,189,320,-187,31,,,1,1
20261002-222650#1,0,,,988,1353,987,47,,,0,1
20261002-222650#1,0,,,184,286,-177,50,,,1,1
20261002-222650#1,0,,,498,643,256,427,,,0,3
20261002-222650#1,0,,,290,601,217,192,,,0,10
20261002-222650#1,0,,,275,384,205,-184,,,1,5
20261002-222650#1,0,,,680,777,347,584,,,0,0
20261002-222650#1,0,,,197,334,-30,195,,,1,5
20261002-222650#1,0,,,859,893,853,104,,,0,2
20261002-222650#2,0,,,112,291,-93,-62,,,1,2
20261002-222650#2,0,,,157,409,79,135,,,1,7
20261002-222650#2,0,,,114,134,-23,112,,,1,8
20261002-222650#2,0,,,389,476,56,385,,,0,5
20261002-222650#2,0,,,245,310,170,176,,,1,9
20261002-222650#2,0,,,383,525,55,379,,,0,10
20261002-222650#2,0,,,449,590,113,434,,,0,5
20261002-222650#2,0,,,272,482,-33,270,,,0,6
20261002-224131#1,1,491,554,141,460,16,140,-73,577,0,6
20261002-224131#1,1,491,554,374,648,373,-18,307,282,0,8
20261002-224131#1,1,491,554,205,300,-83,-188,49,485,1,0
20261002-224131#1,1,491,554,203,341,188,-76,196,301,1,7
20261002-224131#1,1,491,554,820,946,419,706,-99,1006,0,2
20261002-224131#1,1,491,554,178,400,-76,161,-159,655,1,5
20261002-224131#1,1,491,554,528,666,424,-314,528,38,0,4
20261002-224131#1,1,491,554,141,417,-137,31,-127,621,1,3
20261002-224131#1,1,491,554,388,523,-152,-357,97,544,0,1
20261002-224131#2,1,271,17,250,267,-211,134,-81,425,1,2
20261002-224131#2,1,271,17,90,119,-65,62,-12,297,1,4
20261002-224131#2,1,271,17,122,154,-41,-115,-104,381,1,5
20261002-224131#2,1,271,17,39,61,35,17,38,233,1,5
20261002-224131#2,1,271,17,108,231,-108,5,-81,360,1,3
20261002-224131#2,1,271,17,147,324,-118,-87,-147,418,1,3
20261002-224131#2,1,271,17,207,234,28,205,150,187,1,3
20261002-224131#2,1,271,17,69,261,57,-39,20,260,1,6
20261002-224131#2,1,271,17,228,258,-169,154,-36,381,1,2
20261002-224131#3,0,,,87,292,-77,39,,,1,4
20261002-224131#3,0,,,297,339,297,-2,,,1,10
20261002-224131#3,0,,,159,204,-158,-17,,,1,0
20261002-224131#3,0,,,229,249,28,-227,,,1,4
20261002-224131#3,0,,,326,339,326,-21,,,1,10
20261002-224131#3,0,,,265,335,230,-132,,,1,6
20261002-224131#3,0,,,233,242,30,-231,,,1,4
20261002-224131#3,0,,,285,329,28,-284,,,1,3
20261002-224131#3,0,,,250,255,-242,62,,,1,0
20261002-224131#3,0,,,201,213,-200,-20,,,1,0
20261002-224131#4,1,146,61,241,425,102,-218,187,158,1,6
20261002-224131#4,1,146,61,92,158,-58,71,-55,214,1,1
20261002-224131#4,1,146,61,64,144,-62,-13,28,132,1,4
20261002-224131#4,1,146,61,199,300,-73,-185,197,57,1,7
20261002-224131#4,1,146,61,224,316,-223,12,43,243,1,4
20261002-224131#4,1,146,61,266,330,-141,-226,253,135,1,6
20261002-224131#4,1,146,61,297,315,-78,-286,297,151,1,10
20261002-224131#4,1,146,61,209,277,-81,-193,206,68,1,6
20261002-224131#4,1,146,61,211,365,-116,-176,199,88,1,5
20261002-224131#5,1,311,476,429,565,421,-81,375,219,0,6
20261002-224131#5,1,311,476,174,201,-43,169,12,346,1,4
20261002-224131#5,1,311,476,174,314,154,83,172,142,1,9
20261002-224131#5,1,311,476,213,250,-91,193,-26,397,1,2
20261002-224131#5,1,311,476,227,328,-75,214,-4,388,1,3
20261002-224131#5,1,311,476,360,418,291,211,343,114,1,12
20261002-224131#5,1,311,476,419,533,418,-29,388,176,0,6
20261002-224131#5,1,311,476,432,470,303,308,384,211,0,11
20261002-224131#5,1,311,476,410,526,386,-138,323,253,0,8
20261002-224131#6,0,,,110,247,-105,-35,,,1,4
20261002-224131#6,0,,,91,201,-86,-28,,,1,4
20261002-224131#6,0,,,56,147,17,-53,,,1,5
20261002-224131#6,0,,,215,427,-104,189,,,1,1
20261002-224131#6,0,,,191,226,-190,14,,,1,5
20261002-224131#6,0,,,154,299,-126,-88,,,1,4
20261002-224131#6,0,,,171,317,-6,-171,,,1,5
20261002-224131#6,0,,,172,183,-169,-36,,,1,5
20261002-224131#6,0,,,231,322,-221,69,,,1,4
20261002-224131#6,0,,,206,266,-120,-167,,,1,5
20261002-224131#7,1,1854,310,301,374,265,142,250,1613,1,0
20261002-224131#7,1,1854,310,1488,1644,1427,-422,1462,478,0,0
20261002-225404#1,1,320,187,281,333,-271,-76,183,253,1,3
20261002-225404#1,1,320,187,154,299,-91,-125,7,349,1,1
20261002-225404#1,1,320,187,178,256,74,-162,-152,481,1,0
20261002-225404#1,1,320,187,219,331,-201,-88,118,273,1,3
20261002-225404#1,1,320,187,321,419,-320,-21,254,206,1,3
20261002-225404#1,1,320,187,396,477,95,385,134,417,0,5
20261002-225404#1,1,320,187,393,429,-281,275,386,99,1,3
20261002-225404#1,1,320,187,200,302,-175,-96,92,288,1,4
20261002-225404#1,1,320,187,238,378,-228,68,227,116,1,4
20261002-225404#2,1,313,82,273,329,243,123,247,133,1,8
20261002-225404#2,1,313,82,208,249,208,16,208,106,1,11
20261002-225404#2,1,313,82,71,193,-54,-47,-55,371,1,9
20261002-225404#2,1,313,82,253,299,243,69,245,92,1,11
20261002-225404#2,1,313,82,419,582,419,-11,418,108,0,11
20261002-225404#2,1,313,82,389,421,369,-122,365,143,1,10
20261002-225404#2,1,313,82,377,416,372,65,373,81,1,9
20261002-225404#2,1,313,82,251,257,231,98,234,121,1,9
20261002-225404#2,1,313,82,323,365,322,-31,321,41,1,11
20261002-225404#3,1,77,157,220,407,-215,45,-104,265,1,4
20261002-225404#3,1,77,157,204,234,-204,-8,-51,235,1,6
20261002-225404#3,1,77,157,167,271,-107,128,-153,239,1,3
20261002-225404#3,1,77,157,269,344,-256,-81,4,278,1,5
20261002-225404#3,1,77,157,219,235,-161,-149,97,197,1,6
20261002-225404#3,1,77,157,330,408,-52,325,-327,406,1,2
20261002-225404#3,1,77,157,324,429,-211,245,-295,395,1,3
20261002-225404#3,1,77,157,185,236,183,27,26,190,1,6
20261002-225404#3,1,77,157,253,287,58,246,-219,322,1,4
20261002-225404#4,1,109,90,202,282,-134,-152,181,116,1,1
20261002-225404#4,1,109,90,92,176,-88,28,-4,146,1,2
20261002-225404#4,1,109,90,98,156,-94,-26,49,103,1,2
20261002-225404#4,1,109,90,202,280,-144,142,-100,272,1,3
20261002-225404#4,1,109,90,241,282,-180,161,-109,306,1,3
20261002-225404#4,1,109,90,313,331,-49,309,-286,414,1,3
20261002-225404#4,1,109,90,231,301,-215,85,-27,267,1,1
20261002-225404#4,1,109,90,179,241,-114,138,-104,258,1,4
20261002-225404#4,1,109,90,230,295,-224,52,7,251,1,1
20261002-225404#5,0,,,284,339,279,56,,,1,7
20261002-225404#5,0,,,169,182,-56,-160,,,1,5
20261002-225404#5,0,,,66,179,64,-16,,,1,5
20261002-225404#5,0,,,120,244,-91,79,,,1,2
20261002-225404#5,0,,,218,231,-77,-204,,,1,5
20261002-225404#5,0,,,261,278,-33,-259,,,1,4
20261002-225404#5,0,,,276,299,-155,229,,,1,1
20261002-225404#5,0,,,231,248,-165,162,,,1,2
20261002-225404#5,0,,,183,220,149,107,,,1,7
20261002-225404#5,0,,,226,282,204,98,,,1,7
20261002-225404#6,1,153,81,231,292,-148,-177,-167,357,1,3
20261002-225404#6,1,153,81,147,218,-14,-147,-30,233,1,6
20261002-225404#6,1,153,81,81,137,-71,-38,-75,229,1,5
20261002-225404#6,1,153,81,64,181,-13,-63,-20,183,1,5
20261002-225404#6,1,153,81,249,286,-69,-240,-95,338,1,4
20261002-225404#6,1,153,81,160,212,-108,-117,-121,293,1,4
20261002-225404#6,1,153,81,236,254,-51,-230,-77,320,1,5
20261002-225404#6,1,153,81,154,184,-151,-28,-153,306,1,5
20261002-225404#6,1,153,81,211,287,-210,17,-207,361,1,3
20261002-231326#1,1,1556,422,1503,1786,1491,-191,1497,149,0,9
20261002-231326#1,1,1556,422,1527,1631,1479,-379,1526,58,0,8
20261002-231326#1,1,1556,422,581,1720,504,-289,555,1016,0,3
20261002-231326#1,1,1556,422,1763,1851,1644,-638,1743,326,0,3
20261002-231326#1,1,1556,422,1549,1696,1487,-436,1546,104,0,8
20261002-231326#1,1,1556,422,755,1461,720,-224,752,807,0,4
20261002-231326#1,1,1556,422,1095,1250,1086,-135,1090,478,0,2
20261002-231326#1,1,1556,422,1430,1528,1430,8,1394,356,0,10
20261002-231326#1,1,1556,422,1347,1483,1339,-147,1339,262,0,8
20261002-231326#2,1,1388,723,1224,1511,1153,409,1219,201,0,5
20261002-231326#2,1,1388,723,1261,1478,1228,286,1261,130,0,8
20261002-231326#2,1,1388,723,1387,1676,1320,427,1385,85,0,8
20261002-231326#2,1,1388,723,1333,1607,1234,503,1320,192,0,6
20261002-231326#2,1,1388,723,1384,1564,1347,319,1384,27,0,9
20261002-231326#2,1,1388,723,1183,1372,1136,330,1183,208,0,3
20261002-231326#2,1,1388,723,1212,1279,1122,458,1201,249,0,1
20261002-231326#2,1,1388,723,1216,1487,1131,446,1207,236,0,2
20261002-231326#2,1,1388,723,1588,1642,1524,446,1587,206,0,9
20261002-231326#3,1,1064,66,1068,1094,1064,89,1061,120,0,11
20261002-231326#3,1,1064,66,1031,1040,1025,-113,1028,90,0,9
20261002-231326#3,1,1064,66,951,1155,927,210,921,276,0,10
20261002-231326#3,1,1064,66,1108,1236,1102,-116,1105,93,0,10
20261002-231326#3,1,1064,66,804,821,769,234,762,396,0,10
20261002-231326#3,1,1064,66,831,1064,770,313,760,452,0,9
20261002-231326#3,1,1064,66,878,1044,826,298,817,405,0,10
20261002-232932#1,1,1653,295,1707,1892,1706,56,1698,181,0,8
20261002-232932#1,1,1653,295,1556,1686,1548,161,1555,109,0,8
20261002-232932#1,1,1653,295,1904,2033,1884,279,1904,252,0,6
20261002-232932#1,1,1653,295,1470,1675,1464,133,1468,195,0,9
20261002-232932#1,1,1653,295,1696,1830,1696,23,1684,209,0,10
20261002-232932#1,1,1653,295,1669,1756,1663,148,1668,79,0,12
20261002-232932#1,1,1653,295,1618,1756,1617,49,1609,176,0,9
20261002-232932#1,1,1653,295,1587,1762,1565,268,1586,86,0,7
20261002-232932#1,1,1653,295,1413,1626,1412,53,1406,282,0,7
20261002-232932#2,0,,,847,1074,835,-146,,,0,8
20261002-232932#2,0,,,1133,1510,1117,-189,,,0,7
20261002-232932#2,0,,,828,968,808,-179,,,0,7
20261002-232932#2,0,,,1230,1406,1175,-364,,,0,8
20261002-232932#2,0,,,781,918,780,-23,,,0,6
20261002-232932#2,0,,,1309,1394,1292,-212,,,0,7
20261002-232932#2,0,,,887,1009,875,-144,,,0,9
20261002-232932#2,0,,,1031,1143,988,-294,,,0,10
20261002-232932#2,0,,,1154,1326,1150,-94,,,0,9
20261002-232932#2,0,,,780,1016,727,-285,,,0,6
20261002-232932#3,1,346,284,268,280,35,266,27,416,1,7
20261002-232932#3,1,346,284,363,368,363,16,362,32,1,10
20261002-232932#3,1,346,284,167,239,101,133,97,284,1,5
20261002-232932#3,1,346,284,114,130,-49,-104,-45,405,1,1
20261002-232932#3,1,346,284,194,277,-35,-191,-29,421,1,1
20261002-232932#3,1,346,284,342,368,340,-35,341,24,1,10
20261002-232932#3,1,346,284,245,256,-111,-219,-104,501,1,0
20261002-232932#3,1,346,284,202,241,-158,-126,-154,516,1,0
20261002-232932#3,1,346,284,231,282,-6,231,-14,427,1,4
20261002-232932#4,1,219,140,172,275,-164,-52,121,157,1,3
20261002-232932#4,1,219,140,113,321,-101,49,113,106,1,3
20261002-232932#4,1,219,140,81,138,-70,41,81,137,1,6
20261002-232932#4,1,219,140,84,173,-47,-70,9,226,1,4
20261002-232932#4,1,219,140,231,303,-157,169,218,76,1,5
20261002-232932#4,1,219,140,166,225,-166,-4,144,111,1,3
20261002-232932#4,1,219,140,241,276,-236,-47,186,156,1,2
20261002-232932#4,1,219,140,177,243,-171,-46,130,150,1,2
20261002-232932#4,1,219,140,242,296,167,175,-65,367,1,5
20261002-232932#5,1,320,45,192,279,-192,12,-192,512,1,3
20261002-232932#5,1,320,45,321,339,320,28,312,76,1,6
20261002-232932#5,1,320,45,193,295,192,15,188,139,1,6
20261002-232932#5,1,320,45,153,177,41,148,18,338,1,5
20261002-232932#5,1,320,45,295,392,-261,-136,-238,584,1,2
20261002-232932#5,1,320,45,151,197,-118,-94,-102,437,1,2
20261002-232932#5,1,320,45,312,312,-229,-212,-194,569,1,2
20261002-232932#5,1,320,45,258,261,-112,233,-145,512,1,3
20261002-232932#5,1,320,45,334,382,333,31,324,81,1,4
20261002-232932#6,0,,,59,113,9,58,,,1,8
20261002-232932#6,0,,,316,588,230,217,,,0,8
20261002-232932#6,0,,,99,269,96,25,,,1,8
20261002-232932#6,0,,,272,288,269,37,,,1,7
20261002-232932#6,0,,,246,333,173,175,,,1,5
20261002-232932#6,0,,,89,121,3,-89,,,1,7
20261002-232932#6,0,,,23,134,-22,5,,,1,6
20261002-232932#6,0,,,185,262,121,-141,,,1,6
20261002-232932#6,0,,,281,293,215,181,,,1,6
20261002-232932#7,1,437,591,559,666,175,-531,401,391,0,0
20261002-232932#7,1,437,591,354,482,288,-205,351,99,0,1
20261002-232932#7,1,437,591,903,1118,668,608,311,857,0,4
20261002-232932#7,1,437,591,237,388,-125,-201,-18,513,1,1
20261002-232932#7,1,437,591,601,674,323,-507,520,311,0,0
20261002-232932#7,1,437,591,516,637,325,-400,473,207,0,1
20261002-232932#7,1,437,591,827,950,554,-615,775,445,0,0
20261002-232932#7,1,437,591,451,606,448,-53,422,161,0,1
20261002-232932#7,1,437,591,816,891,752,315,521,633,0,5
20261002-232932#8,1,277,80,424,538,419,60,423,148,0,8
20261002-232932#8,1,277,80,551,724,537,121,545,279,0,3
20261002-232932#8,1,277,80,75,156,75,5,75,202,1,8
20261002-232932#8,1,277,80,419,478,402,-117,392,187,0,9
20261002-232932#8,1,277,80,283,348,283,-3,282,25,1,11
20261002-232932#8,1,277,80,412,632,410,39,412,135,0,7
20261002-232932#8,1,277,80,581,662,517,265,535,342,0,1
20261002-232932#8,1,277,80,360,541,354,61,358,87,0,6
20261002-232932#9,0,,,353,402,-210,-284,,,1,0
20261002-232932#9,0,,,321,331,317,52,,,1,4
20261002-232932#9,0,,,146,158,19,145,,,1,6
20261002-232932#9,0,,,298,304,4,298,,,1,6
20261002-232932#9,0,,,193,204,-116,-154,,,1,0
20261002-232932#9,0,,,347,386,331,-103,,,1,4
20261002-232932#9,0,,,293,295,291,31,,,1,4
20261002-232932#9,0,,,300,322,-165,-250,,,1,0
20261002-232932#9,0,,,266,267,-67,257,,,1,3
20261002-232932#9,0,,,319,322,-89,306,,,1,4
20261002-234158#1,0,,,250,325,-152,-198,,,1,1
20261002-234158#1,0,,,633,715,633,-6,,,0,10
20261002-234158#1,0,,,237,406,235,32,,,1,2
20261002-234158#1,0,,,945,1139,781,-532,,,0,1
20261002-234158#1,0,,,43,229,-36,24,,,1,2
20261002-234158#1,0,,,690,1009,595,349,,,0,4
20261002-234158#1,0,,,659,847,659,13,,,0,5
20261002-234158#1,0,,,670,770,670,-19,,,0,8
20261002-234158#1,0,,,869,956,860,125,,,0,8
20261002-234158#1,0,,,487,634,451,-184,,,0,5
20261003-000447#1,0,,,1434,1596,1430,107,,,0,5
20261003-000447#1,0,,,1472,1527,1472,15,,,0,10
20261003-000447#1,0,,,1520,1579,1519,66,,,0,10
20261003-000447#1,0,,,1926,2357,1819,633,,,0,0
20261003-000447#1,0,,,1455,1566,1455,38,,,0,7
20261003-000447#1,0,,,1505,1686,1505,2,,,0,9
20261003-000447#1,0,,,1309,1357,1309,-29,,,0,9
20261003-000447#1,0,,,1565,1698,1544,251,,,0,4
20261003-000447#1,0,,,1565,1671,1560,113,,,0,7
20261003-000447#1,0,,,1608,1723,1601,154,,,0,8
20261003-000447#2,1,51,524,151,291,-134,69,102,122,1,0
20261003-000447#2,1,51,524,210,463,-175,116,124,184,0,0
20261003-000447#2,1,51,524,79,328,-76,19,65,47,1,0
20261003-000447#2,1,51,524,388,976,90,377,-215,418,0,3
20261003-000447#2,1,51,524,116,563,-76,88,41,109,0,0
20261003-000447#2,1,51,524,74,321,45,59,-63,121,1,0
20261003-000447#2,1,51,524,499,1123,268,421,-397,540,0,2
20261003-000447#2,1,51,524,154,484,-64,141,11,159,0,0
20261003-000447#2,1,51,524,155,456,-84,131,33,153,0,0
20261003-000447#3,1,164,165,277,302,-117,251,-137,386,1,1
20261003-000447#3,1,164,165,247,299,-67,-237,-47,321,1,2
20261003-000447#3,1,164,165,40,165,39,8,38,127,1,2
20261003-000447#3,1,164,165,343,357,-129,-318,-101,422,1,2
20261003-000447#3,1,164,165,329,331,-82,-319,-55,391,1,2
20261003-000447#3,1,164,165,287,293,-92,-272,-69,363,1,1
20261003-000447#3,1,164,165,308,321,-257,169,-271,459,1,3
20261003-000447#3,1,164,165,278,284,278,17,275,118,1,4
20261003-000447#3,1,164,165,226,264,-107,-199,-90,328,1,1
20261003-001430#1,0,,,1362,1497,1361,-43,,,0,8
20261003-001430#1,0,,,1114,1336,1113,53,,,0,7
20261003-001430#1,0,,,1425,1581,1423,75,,,0,9
20261003-001430#1,0,,,1574,1725,1532,-362,,,0,0
20261003-001430#1,0,,,988,1193,987,52,,,0,2
20261003-001430#1,0,,,1336,1411,1326,-159,,,0,7
20261003-001430#1,0,,,1065,1172,1064,-39,,,0,6
20261003-001430#1,0,,,1405,1623,1381,257,,,0,9
20261003-001430#1,0,,,1193,1366,1158,288,,,0,6
20261003-001430#1,0,,,941,1233,914,-224,,,0,2
20261003-001430#2,1,635,158,234,407,-110,207,-203,846,1,0
20261003-001430#2,1,635,158,257,684,-82,243,-198,849,0,1
20261003-001430#2,1,635,158,97,517,1,97,-50,690,0,2
20261003-001430#2,1,635,158,295,785,-74,286,-214,873,0,1
20261003-001430#2,1,635,158,160,443,146,66,89,562,1,4
20261003-001430#2,1,635,158,189,663,-15,189,-112,762,0,2
20261003-001430#2,1,635,158,14,323,11,8,5,630,1,0
20261003-001430#2,1,635,158,146,445,-70,128,-127,765,1,0
20261003-001430#2,1,635,158,168,560,27,166,-65,717,0,2
20261003-001430#3,1,344,45,326,432,326,0,326,20,1,13
20261003-001430#3,1,344,45,288,364,-66,-281,-60,493,1,7
20261003-001430#3,1,344,45,139,256,138,-17,138,206,1,9
20261003-001430#3,1,344,45,295,451,290,-55,291,73,0,12
20261003-001430#3,1,344,45,135,196,-118,67,-119,468,1,2
20261003-001430#3,1,344,45,344,417,-159,-305,-153,585,1,4
20261003-001430#3,1,344,45,357,537,-217,-283,-211,625,0,6
20261003-001430#3,1,344,45,216,255,-146,160,-150,518,1,1
20261003-001430#3,1,344,45,302,314,-212,214,-217,599,1,0
20261003-001430#4,1,181,66,206,275,-60,-197,194,70,1,7
20261003-001430#4,1,181,66,227,303,-130,-186,227,47,1,7
20261003-001430#4,1,181,66,115,179,-19,-113,102,94,1,7
20261003-001430#4,1,181,66,120,198,-7,-119,100,104,1,5
20261003-001430#4,1,181,66,221,316,-44,-217,200,95,1,4
20261003-001430#4,1,181,66,39,66,-22,32,-13,197,1,6
20261003-001430#4,1,181,66,308,326,-70,-300,282,159,1,5
20261003-001430#4,1,181,66,222,269,-74,-210,212,73,1,5
20261003-001430#4,1,181,66,191,292,-18,-190,163,100,1,6
20261003-001430#5,1,163,423,393,409,-264,291,-300,528,1,1
20261003-001430#5,1,163,423,331,408,-321,79,-329,493,1,2
20261003-001430#5,1,163,423,358,404,358,5,354,198,1,7
20261003-001430#5,1,163,423,115,173,-44,-106,-30,222,1,4
20261003-001430#5,1,163,423,343,372,-291,182,-313,496,1,2
20261003-001430#5,1,163,423,329,344,-323,61,-328,491,1,2
20261003-001430#5,1,163,423,301,305,-59,-296,-19,351,1,3
20261003-001430#5,1,163,423,289,313,50,-285,87,286,1,5
20261003-001430#5,1,163,423,337,396,334,47,325,186,1,7
20261003-001430#6,0,,,311,422,68,-304,,,1,10
20261003-001430#6,0,,,748,902,603,-443,,,0,0
20261003-001430#6,0,,,144,294,-45,-136,,,1,6
20261003-001430#6,0,,,250,369,-46,-246,,,1,7
20261003-001430#6,0,,,335,526,-7,-335,,,0,9
20261003-001430#6,0,,,240,308,16,-239,,,1,8