log,cast,t_cast,flower,sword_alive,vloxx_to_fixated,centre_x,centre_y,dir_vs_facing_deg,inward_slashes,centre_free,centre_to_target,target_is_fixated,target_rank_from_vloxx,players_up,target_to_vloxx
20260930-002947,1,470.6,1,1,512,11130,17003,-57,4,0,,,,,
20260930-002947,1,470.6,2,1,512,11750,15548,173,0,1,,,,,
20260930-002947,1,470.6,3,1,512,11123,16770,147,1,0,,,,,
20260930-002947,1,470.6,4,1,512,11695,17073,-112,2,0,,,,,
20260930-015718,1,379.7,1,1,1297,12135,13670,-34,4,0,,,,,
20260930-015718,1,379.7,2,1,1297,11398,13820,53,4,0,,,,,
20260930-015718,1,379.7,3,1,1297,11950,14513,5,4,0,,,,,
20260930-015718,1,379.7,4,1,1297,11865,14305,9,4,0,,,,,
20260930-020654,1,367.5,1,1,1120,12518,14905,-9,4,0,,,,,
20260930-020654,1,367.5,2,1,1120,12548,14728,-13,4,0,,,,,
20260930-020654,1,367.5,3,1,1120,12010,14060,-20,4,0,,,,,
20260930-020654,1,367.5,4,1,1120,12105,14698,-1,4,0,,,,,
20260930-020654,2,387.5,1,1,240,11443,13700,105,0,1,,,,,
20260930-020654,2,387.5,2,1,240,11463,13743,111,0,1,,,,,
20260930-020654,2,387.5,3,1,240,11130,14320,-172,0,1,,,,,
20260930-020654,2,387.5,4,1,240,11250,13625,81,4,0,,,,,
20260930-020654,3,403.8,1,1,,11390,13413,-63,4,0,,,,,
20260930-020654,3,403.8,2,1,,11590,13863,5,4,0,,,,,
20260930-020654,3,403.8,3,1,,10950,13498,-158,0,1,,,,,
20260930-020654,3,403.8,4,1,,11640,13700,-15,4,0,,,,,
20260930-020654,5,451.1,1,0,547,11335,13835,143,0,1,,,,,
20260930-020654,5,451.1,2,0,547,12073,13813,4,4,0,,,,,
20260930-020654,5,451.1,3,0,547,11265,13815,164,0,1,,,,,
20260930-020654,5,451.1,4,0,547,11208,13783,178,0,1,,,,,
20260930-020654,6,472.0,1,,,11578,13193,10,4,0,,,,,
20260930-020654,6,472.0,2,,,11508,13178,4,4,0,,,,,
20260930-020654,6,472.0,3,,,11595,13375,-14,4,0,,,,,
20260930-020654,6,472.0,4,,,11518,13470,-42,4,0,,,,,
20260930-020654,7,490.9,1,1,851,12180,14180,173,0,1,,,,,
20260930-020654,7,490.9,2,1,851,12195,14105,155,0,1,,,,,
20260930-020654,7,490.9,3,1,851,12185,14240,-179,0,1,,,,,
20260930-020654,7,490.9,4,1,851,12113,14180,-178,0,1,,,,,
20260930-020654,8,513.9,1,1,,11430,13810,7,4,0,,,,,
20260930-020654,8,513.9,2,1,,11338,13720,17,4,0,,,,,
20260930-020654,8,513.9,3,1,,11305,13833,19,4,0,,,,,
20260930-020654,8,513.9,4,1,,11340,13958,14,4,0,,,,,
20260930-132907,1,399.1,1,1,806,10685,15575,7,4,0,,,,,
20260930-132907,1,399.1,2,1,806,10500,16025,76,4,0,,,,,
20260930-132907,1,399.1,3,1,806,10475,15175,-45,4,0,,,,,
20260930-132907,1,399.1,4,1,806,10773,15245,-19,4,0,,,,,
20260930-132907,2,419.7,1,1,,10623,15920,35,4,0,,,,,
20260930-132907,2,419.7,2,1,,10473,15915,48,4,0,,,,,
20260930-132907,2,419.7,3,1,,10630,15730,9,4,0,,,,,
20260930-132907,2,419.7,4,1,,10513,15720,9,4,0,,,,,
20260930-132907,3,436.6,1,0,525,10590,16005,175,0,1,,,,,
20260930-132907,3,436.6,2,0,525,10593,15968,171,0,1,,,,,
20260930-132907,3,436.6,3,0,525,10618,15613,119,0,1,,,,,
20260930-132907,3,436.6,4,0,525,10548,15598,114,0,1,,,,,
20260930-132907,5,474.2,1,1,930,11713,16538,-82,4,0,,,,,
20260930-132907,5,474.2,2,1,930,11698,16380,-66,4,0,,,,,
20260930-132907,5,474.2,3,1,930,11835,16523,-97,0,1,,,,,
20260930-132907,5,474.2,4,1,930,11600,16408,-59,4,0,,,,,
20260930-132907,6,492.4,1,1,,12100,16425,-111,0,1,,,,,
20260930-132907,6,492.4,2,1,,11480,16173,8,4,0,,,,,
20260930-132907,6,492.4,3,1,,11905,16295,-68,4,0,,,,,
20260930-132907,6,492.4,4,1,,11955,15910,105,1,0,,,,,
20260930-135458,1,358.0,1,1,499,13485,16345,10,4,0,,,,,
20260930-135458,1,358.0,2,1,499,13335,16305,-2,4,0,,,,,
20260930-135458,1,358.0,3,1,499,13265,16075,5,3,0,,,,,
20260930-135458,1,358.0,4,1,499,13605,16050,33,4,0,,,,,
20260930-135458,2,378.1,1,1,310,13293,16523,148,1,0,,,,,
20260930-135458,2,378.1,2,1,310,13290,16335,163,2,0,,,,,
20260930-135458,2,378.1,3,1,310,13343,16423,157,3,0,,,,,
20260930-135458,2,378.1,4,1,310,13345,16385,162,4,0,,,,,
20260930-135458,3,397.7,1,1,235,13705,16355,19,4,0,,,,,
20260930-135458,3,397.7,2,1,235,13718,16935,-92,0,1,,,,,
20260930-135458,3,397.7,3,1,235,13785,16358,31,1,0,,,,,
20260930-135458,3,397.7,4,1,235,13790,17040,-110,0,1,,,,,
20260930-135458,4,417.0,1,0,,13550,16480,24,4,0,,,,,
20260930-135458,4,417.0,2,0,,13593,16388,38,4,0,,,,,
20260930-135458,4,417.0,3,0,,13755,16470,49,4,0,,,,,
20260930-135458,4,417.0,4,0,,13470,16450,23,4,0,,,,,
20260930-135458,5,444.8,1,1,567,12055,16160,-129,0,1,,,,,
20260930-135458,5,444.8,2,1,567,11598,15650,54,4,0,,,,,
20260930-135458,5,444.8,3,1,567,11475,16230,-40,4,0,,,,,
20260930-135458,5,444.8,4,1,567,11810,15643,94,0,1,,,,,
20260930-135458,6,466.6,1,1,,12158,16228,-81,4,0,,,,,
20260930-135458,6,466.6,2,1,,11800,15398,178,1,0,,,,,
20260930-135458,6,466.6,3,1,,11613,15513,142,3,0,,,,,
20260930-135458,6,466.6,4,1,,11285,16120,-1,0,1,,,,,
20260930-140955,1,365.0,1,1,141,12165,15770,71,3,0,,,,,
20260930-140955,1,365.0,2,1,141,12613,15250,-39,4,0,,,,,
20260930-140955,1,365.0,3,1,141,11948,15550,114,0,1,,,,,
20260930-140955,1,365.0,4,1,141,12560,15158,-54,4,0,,,,,
20260930-140955,3,403.7,1,1,215,13790,15780,-116,0,1,,,,,
20260930-140955,3,403.7,2,1,215,13728,15838,-133,0,1,,,,,
20260930-140955,3,403.7,3,1,215,13758,15845,-131,0,1,,,,,
20260930-140955,3,403.7,4,1,215,13668,15888,-148,0,1,,,,,
20260930-140955,4,421.2,1,0,172,13430,16190,102,0,1,,,,,
20260930-140955,4,421.2,2,0,172,13905,15758,-158,0,1,,,,,
20260930-140955,4,421.2,3,0,172,13950,15690,-147,0,1,,,,,
20260930-140955,4,421.2,4,0,172,13490,16000,122,0,1,,,,,
20260930-140955,5,442.7,1,0,,13935,15665,26,4,0,,,,,
20260930-140955,5,442.7,2,0,,13808,16060,-10,4,0,,,,,
20260930-140955,5,442.7,3,0,,14045,15743,6,4,0,,,,,
20260930-140955,5,442.7,4,0,,13903,15810,7,4,0,,,,,
20260930-140955,6,459.3,1,1,,12840,15850,7,4,0,,,,,
20260930-140955,6,459.3,2,1,,12918,16213,32,4,0,,,,,
20260930-140955,6,459.3,3,1,,12983,15680,11,4,0,,,,,
20260930-140955,6,459.3,4,1,,12735,15663,-4,4,0,,,,,
20260930-140955,7,477.2,1,1,,12345,16410,-9,4,0,,,,,
20260930-140955,7,477.2,2,1,,12298,16575,-54,2,0,,,,,
20260930-140955,7,477.2,3,1,,12125,16495,-39,4,0,,,,,
20260930-140955,7,477.2,4,1,,12403,16390,6,4,0,,,,,
20260930-140955,8,493.6,1,1,741,12588,16478,-148,0,1,,,,,
20260930-140955,8,493.6,2,1,741,12750,16350,-146,0,1,,,,,
20260930-140955,8,493.6,3,1,741,12323,17345,-3,4,0,,,,,
20260930-140955,8,493.6,4,1,741,12660,16568,-96,0,1,,,,,
20260930-140955,10,532.5,1,1,,12425,17125,-66,4,0,,,,,
20260930-140955,10,532.5,2,1,,13040,16740,0,4,0,,,,,
20260930-140955,10,532.5,3,1,,13255,17285,55,4,0,,,,,
20260930-140955,10,532.5,4,1,,12438,16885,-50,4,0,,,,,
20260930-144016,1,420.9,1,1,422,11718,16838,-9,4,0,,,,,
20260930-144016,1,420.9,2,1,422,11633,16818,-20,4,0,,,,,
20260930-144016,1,420.9,3,1,422,11995,17035,32,3,0,,,,,
20260930-144016,1,420.9,4,1,422,12110,17115,43,2,0,,,,,
20260930-144016,2,440.9,1,1,,11505,17210,40,4,0,,,,,
20260930-144016,2,440.9,2,1,,11540,17210,35,4,0,,,,,
20260930-144016,2,440.9,3,1,,11300,16765,-121,1,0,,,,,
20260930-144016,2,440.9,4,1,,11220,16650,-128,2,0,,,,,
20260930-144016,3,457.3,1,,,11433,16733,64,4,0,,,,,
20260930-144016,3,457.3,2,,,11428,16648,46,2,0,,,,,
20260930-144016,3,457.3,3,,,11468,16508,36,1,0,,,,,
20260930-144016,3,457.3,4,,,11400,17050,149,4,0,,,,,
20260930-144016,4,476.3,1,0,218,11030,16670,-58,4,0,,,,,
20260930-144016,4,476.3,2,0,218,10953,16378,-38,3,0,,,,,
20260930-144016,4,476.3,3,0,218,11145,16435,-20,1,0,,,,,
20260930-144016,4,476.3,4,0,218,11003,16325,-32,0,1,,,,,
20260930-144016,5,504.8,1,1,286,13700,16450,-44,4,0,,,,,
20260930-144016,5,504.8,2,1,286,13515,16495,-19,4,0,,,,,
20260930-144016,5,504.8,3,1,286,13435,16060,-136,0,1,,,,,
20260930-144016,5,504.8,4,1,286,13108,16263,111,0,1,,,,,
20260930-144016,6,526.2,1,1,,13430,15840,7,4,0,,,,,
20260930-144016,6,526.2,2,1,,13600,15450,17,4,0,,,,,
20260930-144016,6,526.2,3,1,,13790,15680,38,4,0,,,,,
20260930-144016,6,526.2,4,1,,13565,15813,24,4,0,,,,,
20260930-145735,1,356.4,1,1,209,10833,15588,-21,4,0,,,,,
20260930-145735,1,356.4,2,1,209,10875,15745,-8,4,0,,,,,
20260930-145735,1,356.4,3,1,209,10860,15448,-31,4,0,,,,,
20260930-145735,1,356.4,4,1,209,10950,15460,23,4,0,,,,,
20260930-165517,1,459.5,1,1,661,12070,13563,30,4,0,,,,,
20260930-165517,1,459.5,2,1,661,11803,13110,84,4,0,,,,,
20260930-165517,1,459.5,3,1,661,11973,13388,55,4,0,,,,,
20260930-165517,1,459.5,4,1,661,12170,13793,6,4,0,,,,,
20260930-165517,2,480.1,1,1,216,12375,13685,-61,4,0,,,,,
20260930-165517,2,480.1,2,1,216,12120,13173,39,4,0,,,,,
20260930-165517,2,480.1,3,1,216,12255,13890,-52,4,0,,,,,
20260930-165517,2,480.1,4,1,216,12625,13453,-112,2,0,,,,,
20260930-191231,1,397.2,1,,,11370,17650,141,0,1,,,,,
20260930-191231,1,397.2,2,,,11685,16905,42,4,0,,,,,
20260930-191231,1,397.2,3,,,11468,16640,-1,3,0,,,,,
20260930-191231,1,397.2,4,,,11280,17140,126,2,0,,,,,
20260930-192340,1,331.2,1,,325,13728,14945,44,4,0,,,,,
20260930-192340,1,331.2,2,,325,14085,15265,-27,4,0,,,,,
20260930-192340,1,331.2,3,,325,13968,15238,-9,3,0,,,,,
20260930-192340,1,331.2,4,,325,13755,14770,67,4,0,,,,,
20260930-192340,2,352.1,1,0,277,13678,14940,158,0,1,,,,,
20260930-192340,2,352.1,2,0,277,13843,15005,125,0,1,,,,,
20260930-192340,2,352.1,3,0,277,13578,14928,-174,0,1,,,,,
20260930-192340,2,352.1,4,0,277,13460,14850,-140,1,0,,,,,
20260930-192340,3,369.0,1,,284,13615,15003,-151,0,1,,,,,
20260930-192340,3,369.0,2,,284,13890,14680,86,3,0,,,,,
20260930-192340,3,369.0,3,,284,13965,14665,89,1,0,,,,,
20260930-192340,3,369.0,4,,284,13405,14560,-43,0,1,,,,,
20260930-192340,4,387.8,1,1,,13943,14853,151,1,0,,,,,
20260930-192340,4,387.8,2,1,,13910,14810,145,2,0,,,,,
20260930-192340,4,387.8,3,1,,13805,15030,-164,3,0,,,,,
20260930-192340,4,387.8,4,1,,13705,14928,-148,4,0,,,,,
20260930-192340,5,416.3,1,1,509,12670,15520,3,4,0,,,,,
20260930-192340,5,416.3,2,1,509,12335,15805,28,4,0,,,,,
20260930-192340,5,416.3,3,1,509,12400,15875,36,4,0,,,,,
20260930-192340,5,416.3,4,1,509,12118,16098,89,4,0,,,,,
20260930-192340,6,437.7,1,1,291,11618,16010,-93,1,0,,,,,
20260930-192340,6,437.7,2,1,291,11853,15588,-1,4,0,,,,,
20260930-192340,6,437.7,3,1,291,12165,16035,176,0,1,,,,,
20260930-192340,6,437.7,4,1,291,11655,15690,-45,4,0,,,,,
20260930-193130,1,323.1,1,1,156,12148,14900,-58,4,0,,,,,
20260930-193130,1,323.1,2,1,156,12068,15630,160,0,1,,,,,
20260930-193130,1,323.1,3,1,156,12510,15330,43,1,0,,,,,
20260930-193130,1,323.1,4,1,156,12538,15333,43,0,1,,,,,
20260930-193130,2,345.6,1,0,273,11605,13515,124,1,0,,,,,
20260930-193130,2,345.6,2,0,273,11450,13580,138,2,0,,,,,
20260930-193130,2,345.6,3,0,273,11418,13593,139,3,0,,,,,
20260930-193130,2,345.6,4,0,273,11415,13490,156,4,0,,,,,
20260930-193130,3,362.4,1,0,188,11828,13475,1,4,0,,,,,
20260930-193130,3,362.4,2,0,188,11865,13500,0,3,0,,,,,
20260930-193130,3,362.4,3,0,188,11130,13320,152,3,0,,,,,
20260930-193130,3,362.4,4,0,188,11893,13658,21,0,1,,,,,
20260930-193906,1,345.9,1,0,,11090,14200,-137,0,1,,,,,
20260930-193906,1,345.9,2,0,,11580,14198,170,0,1,,,,,
20260930-193906,1,345.9,3,0,,11583,14218,172,1,0,,,,,
20260930-193906,1,345.9,4,0,,11345,13910,160,2,0,,,,,
20260930-193906,2,365.9,1,0,157,11398,13828,120,0,1,,,,,
20260930-193906,2,365.9,2,0,157,11148,14070,-164,0,1,,,,,
20260930-193906,2,365.9,3,0,157,11130,14173,-162,1,0,,,,,
20260930-193906,2,365.9,4,0,157,11205,13965,179,2,0,,,,,
20260930-193906,3,382.3,1,1,,10905,13650,-9,3,0,,,,,
20260930-193906,3,382.3,2,1,,11288,13348,72,2,0,,,,,
20260930-193906,3,382.3,3,1,,10910,13573,5,1,0,,,,,
20260930-193906,3,382.3,4,1,,11443,13528,105,4,0,,,,,
20260930-193906,4,401.0,1,1,635,11460,13900,-78,4,0,,,,,
20260930-193906,4,401.0,2,1,635,11410,13975,-63,4,0,,,,,
20260930-193906,4,401.0,3,1,635,11023,14028,16,4,0,,,,,
20260930-193906,4,401.0,4,1,635,11300,13615,-146,0,1,,,,,
20260930-194816,1,333.9,1,0,,13235,14015,32,4,0,,,,,
20260930-194816,1,333.9,2,0,,13305,14128,14,4,0,,,,,
20260930-194816,1,333.9,3,0,,13378,14088,14,3,0,,,,,
20260930-194816,1,333.9,4,0,,13243,13798,61,2,0,,,,,
20260930-194816,2,355.1,1,0,303,13493,14413,21,4,0,,,,,
20260930-194816,2,355.1,2,0,303,13300,14450,8,4,0,,,,,
20260930-194816,2,355.1,3,0,303,13403,14440,11,4,0,,,,,
20260930-194816,2,355.1,4,0,303,13355,14393,18,4,0,,,,,
20260930-194816,3,380.6,1,1,45,13455,14258,-34,4,0,,,,,
20260930-194816,3,380.6,2,1,45,13405,14380,-60,4,0,,,,,
20260930-194816,3,380.6,3,1,45,13750,14303,40,4,0,,,,,
20260930-194816,3,380.6,4,1,45,13493,14275,-31,3,0,,,,,
20260930-194816,4,397.1,1,1,,13663,14140,62,4,0,,,,,
20260930-194816,4,397.1,2,1,,13158,14195,2,4,0,,,,,
20260930-194816,4,397.1,3,1,,13273,14325,-7,4,0,,,,,
20260930-194816,4,397.1,4,1,,13160,14210,1,4,0,,,,,
20260930-195751,1,325.3,1,1,,10668,14373,17,4,0,,,,,
20260930-195751,1,325.3,2,1,,10735,14515,25,4,0,,,,,
20260930-195751,1,325.3,3,1,,10513,14545,54,4,0,,,,,
20260930-195751,1,325.3,4,1,,10448,14588,63,3,0,,,,,
20260930-195751,2,345.7,1,1,,10235,13980,53,4,0,,,,,
20260930-195751,2,345.7,2,1,,10575,14050,-36,4,0,,,,,
20260930-195751,2,345.7,3,1,,10530,13820,-113,0,1,,,,,
20260930-195751,2,345.7,4,1,,10458,14288,-6,4,0,,,,,
20260930-195751,3,362.5,1,1,302,10215,13880,46,4,0,,,,,
20260930-195751,3,362.5,2,1,302,10225,14300,-9,4,0,,,,,
20260930-195751,3,362.5,3,1,302,10605,14498,-49,4,0,,,,,
20260930-195751,3,362.5,4,1,302,10635,14485,-52,4,0,,,,,
20260930-195751,5,410.9,1,0,,12448,15275,48,4,0,,,,,
20260930-195751,5,410.9,2,0,,12025,15090,-70,4,0,,,,,
20260930-195751,5,410.9,3,0,,12460,15380,71,4,0,,,,,
20260930-195751,5,410.9,4,0,,12478,14910,2,4,0,,,,,
20260930-195751,7,467.8,1,1,804,11578,13955,16,4,0,,,,,
20260930-195751,7,467.8,2,1,804,11815,13998,-1,4,0,,,,,
20260930-195751,7,467.8,3,1,804,11443,14040,21,4,0,,,,,
20260930-195751,7,467.8,4,1,804,11670,13920,12,4,0,,,,,
20260930-201108,1,331.4,1,1,,12338,16658,-1,4,0,,,,,
20260930-201108,1,331.4,2,1,,12748,17100,60,4,0,,,,,
20260930-201108,1,331.4,3,1,,12888,17093,65,3,0,,,,,
20260930-201108,1,331.4,4,1,,12810,17320,88,2,0,,,,,
20260930-201108,2,352.5,1,1,,12243,16648,172,0,1,,,,,
20260930-201108,2,352.5,2,1,,12110,16685,130,0,1,,,,,
20260930-201108,2,352.5,3,1,,12075,16805,92,1,0,,,,,
20260930-201108,2,352.5,4,1,,12125,16895,56,4,0,,,,,
20260930-203200,1,345.4,1,0,175,11838,17075,2,4,0,,,,,
20260930-203200,1,345.4,2,0,175,12145,17015,47,4,0,,,,,
20260930-203200,1,345.4,3,0,175,12070,16968,36,3,0,,,,,
20260930-203200,1,345.4,4,0,175,12038,16978,32,2,0,,,,,
20260930-203200,2,365.4,1,0,,11980,17595,21,4,0,,,,,
20260930-203200,2,365.4,2,0,,11905,17515,28,3,0,,,,,
20260930-203200,2,365.4,3,0,,11700,17430,88,1,0,,,,,
20260930-203200,2,365.4,4,0,,11643,17185,170,4,0,,,,,
20260930-203200,4,404.1,1,1,46,11755,16950,-92,1,0,,,,,
20260930-203200,4,404.1,2,1,46,12085,16688,-57,4,0,,,,,
20260930-203200,4,404.1,3,1,46,11790,17198,-98,3,0,,,,,
20260930-203200,4,404.1,4,1,46,11630,17238,-156,4,0,,,,,
20260930-203200,5,432.4,1,1,432,12540,15455,99,0,1,,,,,
20260930-203200,5,432.4,2,1,432,12428,15533,122,0,1,,,,,
20260930-203200,5,432.4,3,1,432,12665,15125,54,4,0,,,,,
20260930-203200,5,432.4,4,1,432,12208,14788,-12,4,0,,,,,
20260930-203200,6,453.8,1,1,,12545,15075,108,0,1,,,,,
20260930-203200,6,453.8,2,1,,12955,15530,-80,3,0,,,,,
20260930-203200,6,453.8,3,1,,12510,14950,114,3,0,,,,,
20260930-203200,6,453.8,4,1,,12580,15490,5,4,0,,,,,
20260930-205557,1,325.9,1,1,113,13935,16125,-52,4,0,,,,,
20260930-205557,1,325.9,2,1,113,14145,15675,54,4,0,,,,,
20260930-205557,1,325.9,3,1,113,13805,15930,-19,4,0,,,,,
20260930-205557,1,325.9,4,1,113,14045,15600,43,3,0,,,,,
20260930-205557,2,346.2,1,1,,14143,16118,-50,4,0,,,,,
20260930-205557,2,346.2,2,1,,13835,15995,96,0,1,,,,,
20260930-205557,2,346.2,3,1,,14330,16055,-82,4,0,,,,,
20260930-205557,2,346.2,4,1,,14263,15935,-108,2,0,,,,,
20260930-210743,1,326.7,1,1,139,13378,16523,32,4,0,,,,,
20260930-210743,1,326.7,2,1,139,13170,16308,24,4,0,,,,,
20260930-210743,1,326.7,3,1,139,13150,16330,22,4,0,,,,,
20260930-210743,1,326.7,4,1,139,13828,16510,101,1,0,,,,,
20260930-210743,2,346.6,1,1,244,13528,16620,152,0,1,,,,,
20260930-210743,2,346.6,2,1,244,13390,16538,129,1,0,,,,,
20260930-210743,2,346.6,3,1,244,13620,16768,-155,0,1,,,,,
20260930-210743,2,346.6,4,1,244,13638,16778,-145,0,1,,,,,
20260930-210743,3,366.1,1,0,,13428,16570,138,1,0,,,,,
20260930-210743,3,366.1,2,0,,13330,17195,10,2,0,,,,,
20260930-210743,3,366.1,3,0,,13285,17045,30,1,0,,,,,
20260930-210743,3,366.1,4,0,,13223,17048,35,0,1,,,,,
20260930-210743,4,385.1,1,0,202,13975,16230,-29,3,0,,,,,
20260930-210743,4,385.1,2,0,202,13575,16585,-56,2,0,,,,,
20260930-210743,4,385.1,3,0,202,13445,17095,135,3,0,,,,,
20260930-210743,4,385.1,4,0,202,13430,16853,-164,4,0,,,,,
20260930-210743,5,413.9,1,1,,12368,15225,25,4,0,,,,,
20260930-210743,5,413.9,2,1,,12580,15488,82,3,0,,,,,
20260930-210743,5,413.9,3,1,,12420,15173,20,4,0,,,,,
20260930-210743,5,413.9,4,1,,12365,14945,-10,4,0,,,,,
20260930-211921,1,330.3,1,1,,11790,14013,5,4,0,,,,,
20260930-211921,1,330.3,2,1,,11795,13855,3,4,0,,,,,
20260930-211921,1,330.3,3,1,,11775,13945,5,4,0,,,,,
20260930-211921,1,330.3,4,1,,11585,13658,37,3,0,,,,,
20260930-211921,2,350.3,1,1,126,11945,13350,-110,0,1,,,,,
20260930-211921,2,350.3,2,1,126,12068,13128,-148,0,1,,,,,
20260930-211921,2,350.3,3,1,126,11908,13093,178,0,1,,,,,
20260930-211921,2,350.3,4,1,126,12080,13230,-130,0,1,,,,,
20260930-211921,4,386.0,1,0,207,11730,13495,-169,1,0,,,,,
20260930-211921,4,386.0,2,0,207,11570,13420,-141,2,0,,,,,
20260930-211921,4,386.0,3,0,207,11748,13463,-165,3,0,,,,,
20260930-211921,4,386.0,4,0,207,11760,13500,-175,4,0,,,,,
20260930-211921,5,414.3,1,1,256,13783,14328,-154,1,0,,,,,
20260930-211921,5,414.3,2,1,256,13573,13955,-93,2,0,,,,,
20260930-211921,5,414.3,3,1,256,13500,13970,-90,4,0,,,,,
20260930-211921,5,414.3,4,1,256,13760,14305,-151,4,0,,,,,
20260930-211921,6,435.7,1,1,75,13815,14035,65,4,0,,,,,
20260930-211921,6,435.7,2,1,75,13925,14360,48,4,0,,,,,
20260930-211921,6,435.7,3,1,75,13680,14200,82,4,0,,,,,
20260930-211921,6,435.7,4,1,75,13635,14038,105,4,0,,,,,
20260930-211921,7,471.2,1,0,467,12930,15085,12,4,0,,,,,
20260930-211921,7,471.2,2,0,467,12955,15115,15,4,0,,,,,
20260930-211921,7,471.2,3,0,467,12495,14690,-52,4,0,,,,,
20260930-211921,7,471.2,4,0,467,12400,15968,110,0,1,,,,,
20260930-214712,2,348.6,1,0,230,10695,14348,-128,0,1,,,,,
20260930-214712,2,348.6,2,0,230,10370,14530,2,2,0,,,,,
20260930-214712,2,348.6,3,0,230,10248,14325,74,4,0,,,,,
20260930-214712,2,348.6,4,0,230,12030,15355,-88,0,1,,,,,
20260930-214712,3,368.2,1,0,187,10660,14700,4,4,0,,,,,
20260930-214712,3,368.2,2,0,187,10640,14135,-108,0,1,,,,,
20260930-214712,3,368.2,3,0,187,10685,14805,8,4,0,,,,,
20260930-214712,3,368.2,4,0,187,10155,14465,109,4,0,,,,,
20260930-214712,4,387.3,1,1,151,10318,14278,60,4,0,,,,,
20260930-214712,4,387.3,2,1,151,10210,14345,34,3,0,,,,,
20260930-214712,4,387.3,3,1,151,10500,14205,127,3,0,,,,,
20260930-214712,4,387.3,4,1,151,10363,14378,26,0,1,,,,,
20260930-214712,5,415.2,1,1,,12198,14785,-24,4,0,,,,,
20260930-214712,5,415.2,2,1,,11800,15370,-118,0,1,,,,,
20260930-214712,5,415.2,3,1,,11973,15158,-78,4,0,,,,,
20260930-214712,5,415.2,4,1,,11840,15310,-109,0,1,,,,,
20260930-214712,6,436.0,1,1,71,12150,15070,-57,4,0,,,,,
20260930-214712,6,436.0,2,1,71,12203,14803,10,4,0,,,,,
20260930-214712,6,436.0,3,1,71,12445,15110,-133,0,1,,,,,
20260930-214712,6,436.0,4,1,71,12260,15095,-80,4,0,,,,,
20260930-214712,7,472.1,1,0,267,11043,16048,-77,4,0,,,,,
20260930-214712,7,472.1,2,0,267,11060,16060,-75,3,0,,,,,
20260930-214712,7,472.1,3,0,267,10630,16030,-75,1,0,,,,,
20260930-214712,7,472.1,4,0,267,11250,15963,-84,0,1,,,,,
20260930-220441,1,337.7,1,1,286,12345,17580,-145,0,1,,,,,
20260930-220441,1,337.7,2,1,286,12855,17265,67,4,0,,,,,
20260930-220441,1,337.7,3,1,286,12608,17043,-13,4,0,,,,,
20260930-220441,1,337.7,4,1,286,12430,16905,-36,4,0,,,,,
20260930-221626,1,342.6,1,1,1225,10690,16210,-9,4,0,,,,,
20260930-221626,1,342.6,2,1,1225,11000,16170,7,4,0,,,,,
20260930-221626,1,342.6,3,1,1225,10885,16420,37,4,0,,,,,
20260930-221626,1,342.6,4,1,1225,11773,15478,-8,4,0,,,,,
20260930-225431,1,323.7,1,0,,11140,16040,-1,4,0,,,,,
20260930-225431,1,323.7,2,0,,11195,16293,20,4,0,,,,,
20260930-225431,1,323.7,3,0,,11825,15703,-6,4,0,,,,,
20260930-225431,1,323.7,4,0,,11445,16145,20,4,0,,,,,
20260930-225431,2,344.1,1,0,,10513,16710,135,0,1,,,,,
20260930-225431,2,344.1,2,0,,11168,16090,2,4,0,,,,,
20260930-225431,2,344.1,3,0,,10748,16628,74,4,0,,,,,
20260930-225431,2,344.1,4,0,,10510,16700,137,1,0,,,,,
20260930-225431,3,361.4,1,1,411,10690,16740,-77,3,0,,,,,
20260930-225431,3,361.4,2,1,411,10825,16045,98,2,0,,,,,
20260930-225431,3,361.4,3,1,411,10280,16283,4,4,0,,,,,
20260930-225431,3,361.4,4,1,411,10298,16313,1,4,0,,,,,
20260930-225431,4,380.8,1,1,218,10758,16398,90,4,0,,,,,
20260930-225431,4,380.8,2,1,218,10480,16350,153,0,1,,,,,
20260930-225431,4,380.8,3,1,218,10485,16368,149,0,1,,,,,
20260930-225431,4,380.8,4,1,218,10490,16250,172,0,1,,,,,
20260930-225431,5,408.4,1,1,,10548,15860,-39,4,0,,,,,
20260930-225431,5,408.4,2,1,,10143,16380,25,4,0,,,,,
20260930-225431,5,408.4,3,1,,10683,16388,-4,4,0,,,,,
20260930-225431,5,408.4,4,1,,10130,16500,32,4,0,,,,,
20260930-230802,1,321.7,1,1,,11810,13575,43,4,0,,,,,
20260930-230802,1,321.7,2,1,,12028,13718,20,4,0,,,,,
20260930-230802,1,321.7,3,1,,11615,13535,81,4,0,,,,,
20260930-230802,1,321.7,4,1,,11568,13523,89,3,0,,,,,
20260930-230802,2,342.4,1,0,,11525,13150,-109,0,1,,,,,
20260930-230802,2,342.4,2,0,,11820,13085,-31,4,0,,,,,
20260930-230802,2,342.4,3,0,,11583,13088,-92,0,1,,,,,
20260930-230802,2,342.4,4,0,,11828,13093,-29,2,0,,,,,
20260930-230802,3,359.4,1,0,300,11558,13128,-126,0,1,,,,,
20260930-230802,3,359.4,2,0,300,11825,13550,99,0,1,,,,,
20260930-230802,3,359.4,3,0,300,12298,13200,11,4,0,,,,,
20260930-230802,3,359.4,4,0,300,11630,13043,-102,0,1,,,,,
20260930-230802,4,378.5,1,,54,11648,13765,46,3,0,,,,,
20260930-230802,4,378.5,2,,54,11650,13463,64,4,0,,,,,
20260930-230802,4,378.5,3,,54,11665,13290,115,3,0,,,,,
20260930-230802,4,378.5,4,,54,11683,13155,176,4,0,,,,,
20260930-230802,6,428.2,1,1,343,11880,15300,22,3,0,,,,,
20260930-230802,6,428.2,2,1,343,12415,15145,-166,0,1,,,,,
20260930-230802,6,428.2,3,1,343,12480,15170,-157,3,0,,,,,
20260930-230802,6,428.2,4,1,343,12490,15140,-163,0,1,,,,,
20260930-232430,1,336.2,1,0,945,13410,15650,2,4,0,,,,,
20260930-232430,1,336.2,2,0,945,13380,15718,-4,4,0,,,,,
20260930-232430,1,336.2,3,0,945,13708,15793,-3,4,0,,,,,
20260930-232430,1,336.2,4,0,945,13920,15748,17,4,0,,,,,
20260930-232430,2,356.1,1,,,14110,15530,100,0,1,,,,,
20260930-232430,2,356.1,2,,,13998,15748,61,3,0,,,,,
20260930-232430,2,356.1,3,,,14115,15560,100,0,1,,,,,
20260930-232430,2,356.1,4,,,14215,15745,132,0,1,,,,,
20260930-232430,3,375.8,1,1,419,13810,15985,-104,0,1,,,,,
20260930-232430,3,375.8,2,1,419,14140,15513,1,4,0,,,,,
20260930-232430,3,375.8,3,1,419,13810,15880,-86,4,0,,,,,
20260930-232430,3,375.8,4,1,419,14350,16013,120,0,1,,,,,
20260930-233450,1,331.9,1,1,,10833,17035,-106,0,1,,,,,
20260930-233450,1,331.9,2,1,,10515,16810,-60,4,0,,,,,
20260930-233450,1,331.9,3,1,,10685,16865,-93,0,1,,,,,
20260930-233450,1,331.9,4,1,,10755,16815,-107,1,0,,,,,
20260930-233450,2,351.8,1,,,10480,16315,-169,0,1,,,,,
20260930-233450,2,351.8,2,,,10400,16615,121,0,1,,,,,
20260930-233450,2,351.8,3,,,10475,16475,159,3,0,,,,,
20260930-233450,2,351.8,4,,,10540,16425,-176,4,0,,,,,
20260930-233450,3,371.3,1,0,165,10420,16630,106,1,0,,,,,
20260930-233450,3,371.3,2,0,165,10858,16803,0,4,0,,,,,
20260930-233450,3,371.3,3,0,165,10725,16380,-117,0,1,,,,,
20260930-233450,3,371.3,4,0,165,10925,16765,-12,0,1,,,,,
20260930-233450,4,390.4,1,,660,10878,16500,107,0,1,,,,,
20260930-233450,4,390.4,2,,660,10970,15328,42,4,0,,,,,
20260930-233450,4,390.4,3,,660,10693,16580,162,0,1,,,,,
20260930-233450,4,390.4,4,,660,10805,16565,126,0,1,,,,,
20260930-233450,5,418.6,1,1,329,12443,16443,-1,4,0,,,,,
20260930-233450,5,418.6,2,1,329,12593,16975,-136,0,1,,,,,
20260930-233450,5,418.6,3,1,329,12970,16593,97,0,1,,,,,
20260930-233450,5,418.6,4,1,329,12615,17020,-143,0,1,,,,,
20260930-233450,6,440.2,1,1,241,12838,16625,-24,4,0,,,,,
20260930-233450,6,440.2,2,1,241,12485,16485,-9,4,0,,,,,
20260930-233450,6,440.2,3,1,241,12750,16430,-47,4,0,,,,,
20260930-233450,6,440.2,4,1,241,12998,16818,-15,4,0,,,,,
20260930-233450,7,476.6,1,0,254,12410,17150,29,4,0,,,,,
20260930-233450,7,476.6,2,0,254,12410,17048,18,4,0,,,,,
20260930-233450,7,476.6,3,0,254,12605,17215,42,4,0,,,,,
20260930-233450,7,476.6,4,0,254,12640,17245,45,4,0,,,,,
20260930-234618,1,320.7,1,,398,12215,17163,59,4,0,,,,,
20260930-234618,1,320.7,2,,398,12083,17215,52,4,0,,,,,
20260930-234618,1,320.7,3,,398,12290,17170,66,4,0,,,,,
20260930-234618,1,320.7,4,,398,11850,16868,-15,4,0,,,,,
20260930-234618,2,341.0,1,0,263,11853,17585,130,0,1,,,,,
20260930-234618,2,341.0,2,0,263,12250,17430,42,4,0,,,,,
20260930-234618,2,341.0,3,0,263,11980,17450,98,0,1,,,,,
20260930-234618,2,341.0,4,0,263,11750,17310,-160,0,1,,,,,
20260930-234618,3,357.2,1,,354,12230,17588,10,4,0,,,,,
20260930-234618,3,357.2,2,,354,11808,17108,-161,0,1,,,,,
20260930-234618,3,357.2,3,,354,12268,17593,6,4,0,,,,,
20260930-234618,3,357.2,4,,354,12158,17163,-70,4,0,,,,,
20260930-234618,4,376.0,1,1,160,11958,17190,80,4,0,,,,,
20260930-234618,4,376.0,2,1,160,11940,17225,70,4,0,,,,,
20260930-234618,4,376.0,3,1,160,12080,17148,115,0,1,,,,,
20260930-234618,4,376.0,4,1,160,11958,17188,80,4,0,,,,,
20260930-234618,5,404.0,1,1,278,12110,15070,-132,0,1,,,,,
20260930-234618,5,404.0,2,1,278,11970,15510,123,0,1,,,,,
20260930-234618,5,404.0,3,1,278,12150,15050,-124,0,1,,,,,
20260930-234618,5,404.0,4,1,278,12518,15458,3,4,0,,,,,
20260930-234618,6,425.3,1,1,448,12065,15545,-89,4,0,,,,,
20260930-234618,6,425.3,2,1,448,11995,15810,-106,1,0,,,,,
20260930-234618,6,425.3,3,1,448,11890,15770,-90,3,0,,,,,
20260930-234618,6,425.3,4,1,448,11885,15103,21,4,0,,,,,
20261001-195456,1,337.8,1,1,130,11433,17130,2,4,0,,,,,
20261001-195456,1,337.8,2,1,130,11425,17215,15,4,0,,,,,
20261001-195456,1,337.8,3,1,130,11228,17355,54,3,0,,,,,
20261001-195456,1,337.8,4,1,130,11233,17370,54,2,0,,,,,
20261001-195456,2,358.4,1,1,170,11145,17238,137,0,1,,,,,
20261001-195456,2,358.4,2,1,170,11070,17205,163,0,1,,,,,
20261001-195456,2,358.4,3,1,170,11090,17428,171,1,0,,,,,
20261001-195456,2,358.4,4,1,170,10940,17185,-161,1,0,,,,,
20261001-195456,3,374.7,1,0,384,11118,16713,33,4,0,,,,,
20261001-195456,3,374.7,2,0,384,10900,16930,-17,4,0,,,,,
20261001-195456,3,374.7,3,0,384,11240,17113,117,3,0,,,,,
20261001-195456,3,374.7,4,0,384,11295,17145,124,0,1,,,,,
20261001-195456,4,393.3,1,0,247,11303,16853,-77,4,0,,,,,
20261001-195456,4,393.3,2,0,247,11305,17058,-40,4,0,,,,,
20261001-195456,4,393.3,3,0,247,10945,16908,-150,3,0,,,,,
20261001-195456,4,393.3,4,0,247,11175,16943,-84,4,0,,,,,
20261001-195456,5,421.5,1,1,374,12055,15270,136,0,1,,,,,
20261001-195456,5,421.5,2,1,374,12130,15183,161,0,1,,,,,
20261001-195456,5,421.5,3,1,374,12105,15848,-7,4,0,,,,,
20261001-195456,5,421.5,4,1,374,12075,15745,1,4,0,,,,,
20261001-195456,6,442.4,1,1,396,11895,15625,-56,4,0,,,,,
20261001-195456,6,442.4,2,1,396,11898,15358,-2,4,0,,,,,
20261001-195456,6,442.4,3,1,396,12093,15570,-85,4,0,,,,,
20261001-195456,6,442.4,4,1,396,11805,15295,3,4,0,,,,,
20261001-201030,1,320.2,1,1,,14175,16208,51,4,0,,,,,
20261001-201030,1,320.2,2,1,,14223,15608,-109,0,1,,,,,
20261001-201030,1,320.2,3,1,,14345,15585,-89,4,0,,,,,
20261001-201030,1,320.2,4,1,,13798,15960,129,0,1,,,,,
20261001-201030,2,340.5,1,0,240,14015,15940,174,0,1,,,,,
20261001-201030,2,340.5,2,0,240,14348,15900,38,4,0,,,,,
20261001-201030,2,340.5,3,0,240,14110,16018,129,1,0,,,,,
20261001-201030,2,340.5,4,0,240,13920,15980,177,2,0,,,,,
20261001-201030,3,357.1,1,0,280,13935,15775,86,4,0,,,,,
20261001-201030,3,357.1,2,0,280,14363,15788,-133,0,1,,,,,
20261001-201030,3,357.1,3,0,280,14095,16030,-7,4,0,,,,,
20261001-201030,3,357.1,4,0,280,14025,16183,-4,4,0,,,,,
20261001-201030,4,376.2,1,1,180,13955,15695,-31,3,0,,,,,
20261001-201030,4,376.2,2,1,180,14088,15930,-120,2,0,,,,,
20261001-201030,4,376.2,3,1,180,14030,16020,-124,3,0,,,,,
20261001-201030,4,376.2,4,1,180,14145,15865,-133,4,0,,,,,
20261001-201030,5,404.3,1,1,192,12443,14670,-36,4,0,,,,,
20261001-201030,5,404.3,2,1,192,12595,15118,79,2,0,,,,,
20261001-201030,5,404.3,3,1,192,12125,15015,-158,0,1,,,,,
20261001-201030,5,404.3,4,1,192,12490,15300,111,0,1,,,,,
20261001-201030,6,425.4,1,1,153,12453,14963,-6,4,0,,,,,
20261001-201030,6,425.4,2,1,153,12435,15058,15,3,0,,,,,
20261001-201030,6,425.4,3,1,153,12115,14830,-124,3,0,,,,,
20261001-201030,6,425.4,4,1,153,12215,14850,-83,4,0,,,,,
20261001-202431,1,323.6,1,0,,13365,13625,-34,4,0,,,,,
20261001-202431,1,323.6,2,0,,13355,13685,-43,4,0,,,,,
20261001-202431,1,323.6,3,0,,13235,13590,-43,3,0,,,,,
20261001-202431,1,323.6,4,0,,13703,14053,158,2,0,,,,,
20261001-202431,2,344.5,1,0,270,13450,13535,-111,0,1,,,,,
20261001-202431,2,344.5,2,0,270,13488,13613,-91,2,0,,,,,
20261001-202431,2,344.5,3,0,270,13530,13633,-86,4,0,,,,,
20261001-202431,2,344.5,4,0,270,13685,13785,-70,4,0,,,,,
20261001-202431,3,360.8,1,,189,13613,13595,-97,0,1,,,,,
20261001-202431,3,360.8,2,,189,13280,13870,-14,4,0,,,,,
20261001-202431,3,360.8,3,,189,13610,13618,-94,2,0,,,,,
20261001-202431,3,360.8,4,,189,12875,13968,41,4,0,,,,,
20261001-202431,4,379.7,1,1,51,13305,13658,-137,0,1,,,,,
20261001-202431,4,379.7,2,1,51,13230,13678,-73,4,0,,,,,
20261001-202431,4,379.7,3,1,51,13295,13680,-121,3,0,,,,,
20261001-202431,4,379.7,4,1,51,13300,13828,-99,4,0,,,,,
20261001-202431,5,408.4,1,1,457,13670,14470,55,4,0,,,,,
20261001-202431,5,408.4,2,1,457,13720,14615,40,4,0,,,,,
20261001-202431,5,408.4,3,1,457,14308,14388,-46,4,0,,,,,
20261001-202431,5,408.4,4,1,457,13428,14380,75,4,0,,,,,
20261001-202431,6,429.8,1,1,118,13375,14600,8,4,0,,,,,
20261001-202431,6,429.8,2,1,118,13385,14530,22,4,0,,,,,
20261001-202431,6,429.8,3,1,118,13493,14608,1,4,0,,,,,
20261001-202431,6,429.8,4,1,118,13683,14773,-80,0,1,,,,,
20261001-210120,1,319.9,1,1,251,10400,15353,29,4,0,,,,,
20261001-210120,1,319.9,2,1,251,10360,15398,38,4,0,,,,,
20261001-210120,1,319.9,3,1,251,10250,15448,59,3,0,,,,,
20261001-210120,1,319.9,4,1,251,10275,15395,54,2,0,,,,,
20261001-210120,2,340.0,1,1,330,10460,15255,30,4,0,,,,,
20261001-210120,2,340.0,2,1,330,10315,14913,-71,4,0,,,,,
20261001-210120,2,340.0,3,1,330,10705,15028,-13,3,0,,,,,
20261001-210120,2,340.0,4,1,330,10205,15250,98,0,1,,,,,
20261001-210120,3,356.3,1,1,,10378,14823,-11,4,0,,,,,
20261001-210120,3,356.3,2,1,,10213,15375,148,0,1,,,,,
20261001-210120,3,356.3,3,1,,10130,15318,168,0,1,,,,,
20261001-210120,3,356.3,4,1,,10285,14850,-26,4,0,,,,,
20261001-210120,4,375.6,1,1,164,10400,14968,-108,0,1,,,,,
20261001-210120,4,375.6,2,1,164,10290,14878,-145,1,0,,,,,
20261001-210120,4,375.6,3,1,164,10208,14993,-172,3,0,,,,,
20261001-210120,4,375.6,4,1,164,10430,14858,-120,4,0,,,,,
20261001-210120,5,404.2,1,0,232,11968,14935,-19,4,0,,,,,
20261001-210120,5,404.2,2,0,232,12023,14938,-19,4,0,,,,,
20261001-210120,5,404.2,3,0,232,12365,14798,112,0,1,,,,,
20261001-210120,5,404.2,4,0,232,12425,14680,105,0,1,,,,,
20261001-210120,6,425.4,1,1,171,12233,15145,67,4,0,,,,,
20261001-210120,6,425.4,2,1,171,12178,14818,-132,1,0,,,,,
20261001-210120,6,425.4,3,1,171,12175,14830,-136,3,0,,,,,
20261001-210120,6,425.4,4,1,171,12160,14690,-125,4,0,,,,,
20261001-211048,1,321.3,1,1,,11768,13658,84,4,0,,,,,
20261001-211048,1,321.3,2,1,,11835,13643,78,4,0,,,,,
20261001-211048,1,321.3,3,1,,11858,13883,60,4,0,,,,,
20261001-211048,1,321.3,4,1,,11830,13520,89,3,0,,,,,
20261001-211048,2,342.1,1,1,233,12050,13610,111,0,1,,,,,
20261001-211048,2,342.1,2,1,233,11890,13340,-165,0,1,,,,,
20261001-211048,2,342.1,3,1,233,11945,13550,136,0,1,,,,,
20261001-211048,2,342.1,4,1,233,11920,13590,136,0,1,,,,,
20261001-211048,3,358.7,1,0,309,11688,13510,56,4,0,,,,,
20261001-211048,3,358.7,2,0,309,11715,13455,61,4,0,,,,,
20261001-211048,3,358.7,3,0,309,12025,13725,-4,4,0,,,,,
20261001-211048,3,358.7,4,0,309,12308,13318,-102,0,1,,,,,
20261001-211048,4,377.8,1,0,137,11900,13363,-153,1,0,,,,,
20261001-211048,4,377.8,2,0,137,12230,13565,92,0,1,,,,,
20261001-211048,4,377.8,3,0,137,12035,13530,136,0,1,,,,,
20261001-211048,4,377.8,4,0,137,11990,13520,149,4,0,,,,,
20261001-213946,1,328.3,1,1,196,10530,16038,48,4,0,,,,,
20261001-213946,1,328.3,2,1,196,10540,15918,24,4,0,,,,,
20261001-213946,1,328.3,3,1,196,10630,15955,27,4,0,,,,,
20261001-213946,1,328.3,4,1,196,10538,16073,52,3,0,,,,,
20261001-213946,2,348.5,1,1,147,10615,15975,-31,4,0,,,,,
20261001-213946,2,348.5,2,1,147,10235,15928,-152,0,1,,,,,
20261001-213946,2,348.5,3,1,147,10745,15790,-48,4,0,,,,,
20261001-213946,2,348.5,4,1,147,10685,15665,-65,3,0,,,,,
20261001-213946,3,365.2,1,0,108,10530,16210,-119,0,1,,,,,
20261001-213946,3,365.2,2,0,108,10925,16133,-159,1,0,,,,,
20261001-213946,3,365.2,3,0,108,10895,16020,-172,3,0,,,,,
20261001-213946,3,365.2,4,0,108,10183,16165,-15,0,1,,,,,
20261001-213946,4,384.2,1,0,183,10478,16128,-139,1,0,,,,,
20261001-213946,4,384.2,2,0,183,10410,16040,126,2,0,,,,,
20261001-213946,4,384.2,3,0,183,10465,16135,-129,3,0,,,,,
20261001-213946,4,384.2,4,0,183,10545,16070,-175,4,0,,,,,
20261001-213946,5,413.2,1,1,314,11920,15168,75,4,0,,,,,
20261001-213946,5,413.2,2,1,314,12468,15555,-83,4,0,,,,,
20261001-213946,5,413.2,3,1,314,11950,15203,72,4,0,,,,,
20261001-213946,5,413.2,4,1,314,12165,15558,-17,4,0,,,,,
20261001-213946,6,434.4,1,1,205,12088,15453,96,0,1,,,,,
20261001-213946,6,434.4,2,1,205,12300,15393,10,3,0,,,,,
20261001-213946,6,434.4,3,1,205,12025,15635,78,1,0,,,,,
20261001-213946,6,434.4,4,1,205,12228,15535,50,0,1,,,,,
20261001-221556,1,310.6,1,1,533,12285,13775,25,4,0,,,,,
20261001-221556,1,310.6,2,1,533,12560,13573,28,4,0,,,,,
20261001-221556,1,310.6,3,1,533,12160,13283,61,2,0,,,,,
20261001-221556,1,310.6,4,1,533,12578,13230,87,4,0,,,,,
20261001-221556,2,330.9,1,1,570,12505,13860,5,4,0,,,,,
20261001-221556,2,330.9,2,1,570,12615,13730,3,4,0,,,,,
20261001-221556,2,330.9,3,1,570,12710,13585,5,4,0,,,,,
20261001-221556,2,330.9,4,1,570,12638,13633,10,4,0,,,,,
20261001-223543,1,310.8,1,1,227,12080,15000,73,4,0,,,,,
20261001-223543,1,310.8,2,1,227,12433,15068,135,0,1,,,,,
20261001-223543,1,310.8,3,1,227,11838,15363,1,4,0,,,,,
20261001-223543,1,310.8,4,1,227,12480,15595,-128,0,1,,,,,
20261001-223543,3,349.7,1,0,413,10463,15688,2,4,0,,,,,
20261001-223543,3,349.7,2,0,413,10608,15858,48,4,0,,,,,
20261001-223543,3,349.7,3,0,413,10515,15613,4,4,0,,,,,
20261001-223543,3,349.7,4,0,413,10450,15700,2,4,0,,,,,
20261001-223543,4,367.6,1,1,289,10703,15940,92,0,1,,,,,
20261001-223543,4,367.6,2,1,289,10725,15945,93,0,1,,,,,
20261001-223543,4,367.6,3,1,289,10180,15970,-110,0,1,,,,,
20261001-223543,4,367.6,4,1,289,10318,15598,0,4,0,,,,,
20261001-223543,5,388.1,1,1,331,10543,15955,-8,4,0,,,,,
20261001-223543,5,388.1,2,1,331,10590,15990,-3,4,0,,,,,
20261001-223543,5,388.1,3,1,331,10800,16085,2,4,0,,,,,
20261001-223543,5,388.1,4,1,331,10490,16140,35,4,0,,,,,
20261001-223543,6,405.0,1,1,139,11410,16858,-83,4,0,,,,,
20261001-223543,6,405.0,2,1,139,12015,17535,43,4,0,,,,,
20261001-223543,6,405.0,3,1,139,12180,17243,9,4,0,,,,,
20261001-223543,6,405.0,4,1,139,11913,17630,63,4,0,,,,,
20261001-223543,7,423.0,1,1,212,11985,17383,0,4,0,,,,,
20261001-223543,7,423.0,2,1,212,11608,17093,-86,4,0,,,,,
20261001-223543,7,423.0,3,1,212,11730,17130,-64,4,0,,,,,
20261001-223543,7,423.0,4,1,212,11650,17340,-70,4,0,,,,,
20261001-223543,8,439.7,1,1,213,11540,17583,108,0,1,,,,,
20261001-223543,8,439.7,2,1,213,11915,17255,-41,2,0,,,,,
20261001-223543,8,439.7,3,1,213,12023,17068,-53,4,0,,,,,
20261001-223543,8,439.7,4,1,213,11620,17200,-101,4,0,,,,,
20261001-225245,1,314.1,1,1,,10310,14683,76,4,0,,,,,
20261001-225245,1,314.1,2,1,,10430,14525,58,4,0,,,,,
20261001-225245,1,314.1,3,1,,10183,14548,103,0,1,,,,,
20261001-225245,1,314.1,4,1,,10430,14650,58,3,0,,,,,
20261001-225245,2,334.4,1,1,181,10443,14480,-16,4,0,,,,,
20261001-225245,2,334.4,2,1,181,10428,14195,-79,4,0,,,,,
20261001-225245,2,334.4,3,1,181,10515,14513,-8,3,0,,,,,
20261001-225245,2,334.4,4,1,181,10523,14568,4,2,0,,,,,
20261001-225245,3,350.7,1,1,405,10510,14705,145,1,0,,,,,
20261001-225245,3,350.7,2,1,405,10415,14905,-175,2,0,,,,,
20261001-225245,3,350.7,3,1,405,10440,14160,15,1,0,,,,,
20261001-225245,3,350.7,4,1,405,10740,14435,74,4,0,,,,,
20261002-222650,1,329.2,1,1,,13048,16795,11,4,0,,,,,
20261002-222650,1,329.2,2,1,,12938,16693,1,4,0,,,,,
20261002-222650,1,329.2,3,1,,13033,16463,22,2,0,,,,,
20261002-222650,1,329.2,4,1,,12863,16288,132,2,0,,,,,
20261002-222650,2,349.9,1,1,,13065,17045,24,4,0,,,,,
20261002-222650,2,349.9,2,1,,13180,16795,81,4,0,,,,,
20261002-222650,2,349.9,3,1,,13008,16658,58,4,0,,,,,
20261002-222650,2,349.9,4,1,,13198,17020,109,2,0,,,,,
20261002-224131,1,330.5,1,1,491,12420,17088,54,4,0,,,,,
20261002-224131,1,330.5,2,1,491,12240,16750,15,4,0,,,,,
20261002-224131,1,330.5,3,1,491,11965,16963,-15,4,0,,,,,
20261002-224131,1,330.5,4,1,491,12180,17123,32,3,0,,,,,
20261002-224131,2,350.8,1,0,271,12123,17225,125,0,1,,,,,
20261002-224131,2,350.8,2,0,271,11958,17310,-6,4,0,,,,,
20261002-224131,2,350.8,3,0,271,12225,17218,141,0,1,,,,,
20261002-224131,2,350.8,4,0,271,12280,17308,166,0,1,,,,,
20261002-224131,3,367.1,1,0,,12010,16960,2,4,0,,,,,
20261002-224131,3,367.1,2,0,,12105,17028,18,4,0,,,,,
20261002-224131,3,367.1,3,0,,12040,17520,179,0,1,,,,,
20261002-224131,3,367.1,4,0,,12153,17540,153,0,1,,,,,
20261002-224131,4,386.1,1,1,146,12270,17130,-84,4,0,,,,,
20261002-224131,4,386.1,2,1,146,11885,17330,129,0,1,,,,,
20261002-224131,4,386.1,3,1,146,12230,17090,-95,3,0,,,,,
20261002-224131,4,386.1,4,1,146,12230,17098,-94,4,0,,,,,
20261002-224131,5,414.6,1,1,311,11175,15900,32,4,0,,,,,
20261002-224131,5,414.6,2,1,311,11345,15725,-9,4,0,,,,,
20261002-224131,5,414.6,3,1,311,11145,16035,43,4,0,,,,,
20261002-224131,5,414.6,4,1,311,11560,15800,-12,4,0,,,,,
20261002-224131,6,435.8,1,1,,11165,15728,151,0,1,,,,,
20261002-224131,6,435.8,2,1,,11013,15755,-161,1,0,,,,,
20261002-224131,6,435.8,3,1,,10820,15715,-113,3,0,,,,,
20261002-224131,6,435.8,4,1,,11170,15735,151,4,0,,,,,
20261002-224131,7,472.3,1,0,1854,11540,16525,2,4,0,,,,,
20261002-224131,7,472.3,2,0,1854,11448,15405,-8,4,0,,,,,
20261002-224131,7,472.3,3,0,1854,11298,15550,-12,4,0,,,,,
20261002-224131,7,472.3,4,0,1854,11270,15550,-13,4,0,,,,,
20261002-225404,1,316.6,1,1,320,10420,16200,114,0,1,,,,,
20261002-225404,1,316.6,2,1,320,10470,16073,100,0,1,,,,,
20261002-225404,1,316.6,3,1,320,10255,16125,139,1,0,,,,,
20261002-225404,1,316.6,4,1,320,10125,16070,162,2,0,,,,,
20261002-225404,2,337.1,1,,313,10565,15710,2,4,0,,,,,
20261002-225404,2,337.1,2,,313,10290,15653,-16,4,0,,,,,
20261002-225404,2,337.1,3,,313,10550,15670,-5,3,0,,,,,
20261002-225404,2,337.1,4,,313,10430,15795,26,2,0,,,,,
20261002-225404,3,353.7,1,0,77,10155,15495,-9,3,0,,,,,
20261002-225404,3,353.7,2,0,77,10338,15495,46,2,0,,,,,
20261002-225404,3,353.7,3,0,77,10140,15893,-150,3,0,,,,,
20261002-225404,3,353.7,4,0,77,10613,15853,126,4,0,,,,,
20261002-225404,4,373.0,1,,109,10575,15805,102,0,1,,,,,
20261002-225404,4,373.0,2,,109,10398,15608,63,3,0,,,,,
20261002-225404,4,373.0,3,,109,10528,15838,111,0,1,,,,,
20261002-225404,4,373.0,4,,109,10250,15915,164,0,1,,,,,
20261002-225404,5,401.0,1,1,,11300,13790,-103,1,0,,,,,
20261002-225404,5,401.0,2,1,,11595,14095,16,2,0,,,,,
20261002-225404,5,401.0,3,1,,11668,13910,-20,4,0,,,,,
20261002-225404,5,401.0,4,1,,11175,14225,129,0,1,,,,,
20261002-231326,1,332.8,1,1,1556,12018,14903,-6,4,0,,,,,
20261002-231326,1,332.8,2,1,1556,11880,14815,-6,4,0,,,,,
20261002-231326,1,332.8,3,1,1556,11895,14795,-8,4,0,,,,,
20261002-231326,1,332.8,4,1,1556,10905,14025,-60,4,0,,,,,
20261002-231326,2,352.9,1,0,1388,11788,15580,8,4,0,,,,,
20261002-231326,2,352.9,2,0,1388,11835,15575,7,4,0,,,,,
20261002-231326,2,352.9,3,0,1388,11790,15523,8,4,0,,,,,
20261002-231326,2,352.9,4,0,1388,11768,15373,5,4,0,,,,,
20261002-231326,3,369.6,1,0,1064,11915,14835,2,4,0,,,,,
20261002-231326,3,369.6,2,0,1064,11618,14848,13,4,0,,,,,
20261002-231326,3,369.6,3,0,1064,11720,15125,21,4,0,,,,,
20261002-231326,3,369.6,4,0,1064,11965,14725,-5,4,0,,,,,
20261002-232932,1,320.9,1,1,1653,11908,16023,5,4,0,,,,,
20261002-232932,1,320.9,2,1,1653,11893,15988,4,4,0,,,,,
20261002-232932,1,320.9,3,1,1653,12128,16023,5,4,0,,,,,
20261002-232932,1,320.9,4,1,1653,12358,16060,6,4,0,,,,,
20261002-232932,2,341.2,1,0,,11865,15865,-4,4,0,,,,,
20261002-232932,2,341.2,2,0,,11945,15625,-15,4,0,,,,,
20261002-232932,2,341.2,3,0,,11675,15758,-13,4,0,,,,,
20261002-232932,2,341.2,4,0,,12198,15633,-11,4,0,,,,,
20261002-232932,3,357.9,1,0,346,10820,15705,7,4,0,,,,,
20261002-232932,3,357.9,2,0,346,10740,15680,-6,4,0,,,,,
20261002-232932,3,357.9,3,0,346,10533,16135,-118,0,1,,,,,
20261002-232932,3,357.9,4,0,346,11003,16083,90,2,0,,,,,
20261002-232932,4,377.0,1,1,219,10535,16108,133,1,0,,,,,
20261002-232932,4,377.0,2,1,219,10780,16228,43,2,0,,,,,
20261002-232932,4,377.0,3,1,219,10645,16243,83,1,0,,,,,
20261002-232932,4,377.0,4,1,219,10535,16085,138,4,0,,,,,
20261002-232932,5,404.9,1,1,320,11185,16915,-63,4,0,,,,,
20261002-232932,5,404.9,2,1,320,11373,17150,-1,2,0,,,,,
20261002-232932,5,404.9,3,1,320,10923,17145,108,0,1,,,,,
20261002-232932,5,404.9,4,1,320,11345,17145,1,0,1,,,,,
20261002-232932,6,426.2,1,1,,10985,16915,28,4,0,,,,,
20261002-232932,6,426.2,2,1,,11028,17055,-71,4,0,,,,,
20261002-232932,6,426.2,3,1,,11140,16898,108,0,1,,,,,
20261002-232932,6,426.2,4,1,,11128,16908,105,0,1,,,,,
20261002-232932,7,462.0,1,0,437,11305,15938,14,4,0,,,,,
20261002-232932,7,462.0,2,0,437,11135,15918,19,4,0,,,,,
20261002-232932,7,462.0,3,0,437,12485,15075,-177,0,1,,,,,
20261002-232932,7,462.0,4,0,437,11955,15545,9,4,0,,,,,
20261002-232932,8,480.5,1,,277,12045,15340,-53,4,0,,,,,
20261002-232932,8,480.5,2,,277,11780,15243,-43,4,0,,,,,
20261002-232932,8,480.5,3,,277,12023,15130,-6,4,0,,,,,
20261002-232932,8,480.5,4,,277,11925,14880,2,4,0,,,,,
20261002-232932,9,496.8,1,1,,12253,15023,73,4,0,,,,,
20261002-232932,9,496.8,2,1,,12278,15613,-132,0,1,,,,,
20261002-232932,9,496.8,3,1,,12275,15613,-131,0,1,,,,,
20261002-232932,9,496.8,4,1,,12428,15125,108,0,1,,,,,
20261002-234158,1,318.5,1,1,,10645,15570,5,4,0,,,,,
20261002-234158,1,318.5,2,1,,10745,14705,-56,4,0,,,,,
20261002-234158,1,318.5,3,1,,10530,15235,6,4,0,,,,,
20261002-234158,1,318.5,4,1,,10618,15278,0,4,0,,,,,
20261002-234158,2,339.9,1,1,,10315,14918,31,4,0,,,,,
20261002-234158,2,339.9,2,1,,10423,14748,-8,4,0,,,,,
20261002-234158,2,339.9,3,1,,10340,14968,26,4,0,,,,,
20261002-234158,2,339.9,4,1,,10315,14525,-172,0,1,,,,,
20261003-000447,2,332.6,1,1,51,12183,15855,43,4,0,,,,,
20261003-000447,2,332.6,2,1,51,12073,15935,38,4,0,,,,,
20261003-000447,2,332.6,3,1,51,12105,16480,63,3,0,,,,,
20261003-000447,2,332.6,4,1,51,12390,15813,52,2,0,,,,,
20261003-000447,3,349.1,1,1,164,12108,16778,-107,0,1,,,,,
20261003-000447,3,349.1,2,1,164,12125,16760,-110,0,1,,,,,
20261003-000447,3,349.1,3,1,164,12100,16845,-93,0,1,,,,,
20261003-000447,3,349.1,4,1,164,11798,16653,160,0,1,,,,,
20261003-001430,1,311.6,1,0,,12625,16245,-9,4,0,,,,,
20261003-001430,1,311.6,2,0,,12708,15918,5,4,0,,,,,
20261003-001430,1,311.6,3,0,,12548,15788,5,4,0,,,,,
20261003-001430,1,311.6,4,0,,12668,15778,9,4,0,,,,,
20261003-001430,3,348.3,1,,344,13625,16870,-8,4,0,,,,,
20261003-001430,3,348.3,2,,344,13650,16895,-7,4,0,,,,,
20261003-001430,3,348.3,3,,344,13538,16860,1,4,0,,,,,
20261003-001430,3,348.3,4,,344,13540,16288,-104,0,1,,,,,
20261003-001430,4,367.6,1,1,181,13615,16695,-129,0,1,,,,,
20261003-001430,4,367.6,2,1,181,13565,16825,-102,1,0,,,,,
20261003-001430,4,367.6,3,1,181,13410,16590,-175,3,0,,,,,
20261003-001430,4,367.6,4,1,181,13590,16670,-134,4,0,,,,,
20261003-001430,5,395.9,1,1,163,13233,14813,-91,0,1,,,,,
20261003-001430,5,395.9,2,1,163,13183,14335,161,0,1,,,,,
20261003-001430,5,395.9,3,1,163,12820,14980,-3,4,0,,,,,
20261003-001430,5,395.9,4,1,163,13330,14790,-107,0,1,,,,,
20261003-001430,6,417.2,1,1,,12945,14540,-30,4,0,,,,,
20261003-001430,6,417.2,2,1,,12853,14438,-31,4,0,,,,,
20261003-001430,6,417.2,3,1,,12860,14595,-60,4,0,,,,,
20261003-001430,6,417.2,4,1,,12695,14380,-43,4,0,,,,,
20261003-150148,1,349.3,1,1,533,13725,15183,4,4,0,,,,,
20261003-150148,1,349.3,2,1,533,13655,15125,11,4,0,,,,,
20261003-150148,1,349.3,3,1,533,13675,15108,12,4,0,,,,,
20261003-150148,1,349.3,4,1,533,13653,14998,22,4,0,,,,,
20261003-150148,2,369.5,1,1,304,14048,14548,10,4,0,,,,,
20261003-150148,2,369.5,2,1,304,14085,14518,19,4,0,,,,,
20261003-150148,2,369.5,3,1,304,14048,14505,15,4,0,,,,,
20261003-150148,2,369.5,4,1,304,14060,14595,4,3,0,,,,,
20261003-150905,1,347.7,1,0,,12673,16390,-3,4,0,,,,,
20261003-150905,1,347.7,2,0,,12688,16465,-6,4,0,,,,,
20261003-150905,1,347.7,3,0,,12730,16140,6,4,0,,,,,
20261003-150905,1,347.7,4,0,,13385,17445,168,1,0,,,,,
20261003-151632,1,347.7,1,1,191,12400,16708,-18,4,0,,,,,
20261003-151632,1,347.7,2,1,191,12540,16700,-7,4,0,,,,,
20261003-151632,1,347.7,3,1,191,12888,17000,41,4,0,,,,,
20261003-151632,1,347.7,4,1,191,12610,16830,-4,3,0,,,,,
20261003-153810,1,369.4,1,0,294,13320,14968,-3,4,0,,,,,
20261003-153810,1,369.4,2,0,294,13295,14930,-1,4,0,,,,,
20261003-153810,1,369.4,3,0,294,13520,15050,-9,3,0,,,,,
20261003-153810,1,369.4,4,0,294,13525,14900,4,2,0,,,,,
20261003-153810,2,389.7,1,1,158,14118,14920,-175,0,1,,,,,
20261003-153810,2,389.7,2,1,158,13955,15040,130,0,1,,,,,
20261003-153810,2,389.7,3,1,158,13985,14905,164,0,1,,,,,
20261003-153810,2,389.7,4,1,158,13953,14880,165,1,0,,,,,
20261003-153810,3,406.4,1,1,102,14045,14910,142,1,0,,,,,
20261003-153810,3,406.4,2,1,102,13958,14768,157,2,0,,,,,
20261003-153810,3,406.4,3,1,102,14263,15315,10,1,0,,,,,
20261003-153810,3,406.4,4,1,102,14358,14988,-71,0,1,,,,,
20261003-153810,4,425.2,1,1,169,14115,15045,-132,0,1,,,,,
20261003-153810,4,425.2,2,1,169,14293,15263,150,0,1,,,,,
20261003-153810,4,425.2,3,1,169,14143,15135,-168,0,1,,,,,
20261003-153810,4,425.2,4,1,169,13940,14910,-80,4,0,,,,,
20261003-153810,5,453.4,1,1,203,13730,16380,2,4,0,,,,,
20261003-153810,5,453.4,2,1,203,13873,16408,14,4,0,,,,,
20261003-153810,5,453.4,3,1,203,13083,16515,-79,4,0,,,,,
20261003-153810,5,453.4,4,1,203,13120,16610,-86,3,0,,,,,
20261003-153810,6,474.5,1,1,93,13450,16950,0,3,0,,,,,
20261003-153810,6,474.5,2,1,93,13265,16925,79,2,0,,,,,
20261003-153810,6,474.5,3,1,93,13375,16925,34,1,0,,,,,
20261003-153810,6,474.5,4,1,93,13320,16860,92,4,0,,,,,
20261003-153810,7,510.4,1,0,395,13015,16205,-5,4,0,,,,,
20261003-153810,7,510.4,2,0,395,12385,16025,20,4,0,,,,,
20261003-153810,7,510.4,3,0,395,12693,16045,3,4,0,,,,,
20261003-153810,7,510.4,4,0,395,12480,16040,15,3,0,,,,,
20261003-165843,1,328.8,1,1,819,13640,15965,-34,4,0,,,,,
20261003-165843,1,328.8,2,1,819,13368,15923,-51,4,0,,,,,
20261003-165843,1,328.8,3,1,819,13508,15748,-35,4,0,,,,,
20261003-165843,1,328.8,4,1,819,13540,15878,-37,4,0,,,,,
20261003-165843,2,348.9,1,,101,13615,16388,-121,0,1,,,,,
20261003-165843,2,348.9,2,,101,13583,16350,-114,0,1,,,,,
20261003-165843,2,348.9,3,,101,13670,16420,-127,0,1,,,,,
20261003-165843,2,348.9,4,,101,13715,16370,-111,1,0,,,,,
20261003-165843,3,365.2,1,0,78,13478,16005,-50,4,0,,,,,
20261003-165843,3,365.2,2,0,78,13480,15990,-49,4,0,,,,,
20261003-165843,3,365.2,3,0,78,13963,15825,1,4,0,,,,,
20261003-165843,3,365.2,4,0,78,13283,16525,-104,4,0,,,,,
20261003-165843,4,384.1,1,0,,13705,16298,24,3,0,,,,,
20261003-165843,4,384.1,2,0,,13765,16495,-39,4,0,,,,,
20261003-165843,4,384.1,3,0,,13520,16190,22,1,0,,,,,
20261003-165843,4,384.1,4,0,,13543,16715,-50,4,0,,,,,
20261003-165843,5,412.6,1,1,407,13665,14485,-3,4,0,,,,,
20261003-165843,5,412.6,2,1,407,12855,14325,-142,0,1,,,,,
20261003-165843,5,412.6,3,1,407,13250,14130,-78,4,0,,,,,
20261003-165843,5,412.6,4,1,407,13530,14520,1,4,0,,,,,
20261003-165843,6,433.9,1,1,694,13265,13660,-29,4,0,,,,,
20261003-165843,6,433.9,2,1,694,13020,14450,-95,0,1,,,,,
20261003-165843,6,433.9,3,1,694,13035,14455,-95,0,1,,,,,
20261003-165843,6,433.9,4,1,694,13165,14245,-39,4,0,,,,,
20261003-172858,1,324.7,1,0,592,13495,14685,12,4,0,,,,,
20261003-172858,1,324.7,2,0,592,13768,14868,-22,4,0,,,,,
20261003-172858,1,324.7,3,0,592,13630,14695,7,3,0,,,,,
20261003-172858,1,324.7,4,0,592,13410,14530,27,2,0,,,,,
20261003-172858,2,345.2,1,0,165,13910,14580,92,0,1,,,,,
20261003-172858,2,345.2,2,0,165,14095,14765,1,4,0,,,,,
20261003-172858,2,345.2,3,0,165,14005,14745,29,4,0,,,,,
20261003-172858,2,345.2,4,0,165,13918,14425,140,0,1,,,,,
20261003-172858,3,362.0,1,,76,13385,14888,76,4,0,,,,,
20261003-172858,3,362.0,2,,76,13443,14748,92,2,0,,,,,
20261003-172858,3,362.0,3,,76,13965,15275,-6,4,0,,,,,
20261003-172858,3,362.0,4,,76,13808,15133,13,4,0,,,,,
20261003-172858,4,380.7,1,1,686,12868,14455,-42,4,0,,,,,
20261003-172858,4,380.7,2,1,686,13020,14558,-45,4,0,,,,,
20261003-172858,4,380.7,3,1,686,13160,14730,-57,4,0,,,,,
20261003-172858,4,380.7,4,1,686,12740,14730,-57,4,0,,,,,
20261003-172858,5,409.1,1,1,511,12753,16988,-35,4,0,,,,,
20261003-172858,5,409.1,2,1,511,12258,16843,16,4,0,,,,,
20261003-172858,5,409.1,3,1,511,11993,16533,85,1,0,,,,,
20261003-172858,5,409.1,4,1,511,12250,16813,19,4,0,,,,,
20261003-172858,6,430.2,1,1,239,12105,16445,-3,3,0,,,,,
20261003-172858,6,430.2,2,1,239,12153,16608,-47,2,0,,,,,
20261003-172858,6,430.2,3,1,239,12048,16525,-20,1,0,,,,,
20261003-172858,6,430.2,4,1,239,12150,16580,-40,0,1,,,,,
20261003-174507,2,332.1,1,1,45,11135,16885,-26,4,0,,,,,
20261003-174507,2,332.1,2,1,45,11275,16940,23,4,0,,,,,
20261003-174507,2,332.1,3,1,45,10965,16800,-44,4,0,,,,,
20261003-174507,2,332.1,4,1,45,11093,16980,-56,3,0,,,,,
20261003-174507,3,349.1,1,0,44,11373,16688,-1,3,0,,,,,
20261003-174507,3,349.1,2,0,44,11345,16680,-5,2,0,,,,,
20261003-174507,3,349.1,3,0,44,11683,17018,62,1,0,,,,,
20261003-174507,3,349.1,4,0,44,11590,17100,74,4,0,,,,,
20261003-174507,4,367.8,1,0,175,11413,17085,125,0,1,,,,,
20261003-174507,4,367.8,2,0,175,11453,16828,70,4,0,,,,,
20261003-174507,4,367.8,3,0,175,11485,17095,123,3,0,,,,,
20261003-174507,4,367.8,4,0,175,11430,17110,130,4,0,,,,,
20261003-174507,6,404.7,1,1,417,10670,14920,-22,4,0,,,,,
20261003-174507,6,404.7,2,1,417,10380,15370,175,0,1,,,,,
20261003-174507,6,404.7,3,1,417,10410,15188,-140,1,0,,,,,
20261003-174507,6,404.7,4,1,417,10330,15273,-159,2,0,,,,,
20261003-174507,7,421.1,1,1,,10430,14920,39,3,0,,,,,
20261003-174507,7,421.1,2,1,,10558,14870,65,2,0,,,,,
20261003-174507,7,421.1,3,1,,10440,15385,-88,4,0,,,,,
20261003-174507,7,421.1,4,1,,10588,15405,-126,4,0,,,,,
20261003-174507,8,442.7,1,1,338,11105,15695,12,4,0,,,,,
20261003-174507,8,442.7,2,1,338,11035,15740,18,4,0,,,,,
20261003-174507,8,442.7,3,1,338,11045,15370,-11,4,0,,,,,
20261003-174507,8,442.7,4,1,338,10945,15288,-15,4,0,,,,,
20261003-175607,1,316.1,1,1,409,11570,15390,5,4,0,,,,,
20261003-175607,1,316.1,2,1,409,11223,15903,10,4,0,,,,,
20261003-175607,1,316.1,3,1,409,11318,15995,18,4,0,,,,,
20261003-175607,1,316.1,4,1,409,11248,15873,10,4,0,,,,,
20261003-175607,2,336.3,1,1,123,10810,16695,-20,4,0,,,,,
20261003-175607,2,336.3,2,1,123,10835,16655,-30,4,0,,,,,
20261003-175607,2,336.3,3,1,123,10805,16645,-27,3,0,,,,,
20261003-175607,2,336.3,4,1,123,10850,16715,-22,2,0,,,,,
20261003-175607,3,352.9,1,0,202,10518,15768,3,4,0,,,,,
20261003-175607,3,352.9,2,0,202,10160,16050,-43,4,0,,,,,
20261003-175607,3,352.9,3,0,202,10483,15748,1,4,0,,,,,
20261003-175607,3,352.9,4,0,202,10123,16150,-53,4,0,,,,,
20261003-175607,4,371.9,1,0,175,10550,16195,121,1,0,,,,,
20261003-175607,4,371.9,2,0,175,10638,16113,155,2,0,,,,,
20261003-175607,4,371.9,3,0,175,10678,16158,166,3,0,,,,,
20261003-175607,4,371.9,4,0,175,10548,16180,124,4,0,,,,,
20261003-175607,5,390.2,1,1,286,11778,15808,9,4,0,,,,,
20261003-175607,5,390.2,2,1,286,11813,15685,13,4,0,,,,,
20261003-175607,5,390.2,3,1,286,11945,15490,22,4,0,,,,,
20261003-175607,5,390.2,4,1,286,11880,15628,13,4,0,,,,,
20261003-175607,6,406.5,1,1,261,12983,15090,45,4,0,,,,,
20261003-175607,6,406.5,2,1,261,12565,14445,-17,4,0,,,,,
20261003-175607,6,406.5,3,1,261,12825,14638,6,4,0,,,,,
20261003-175607,6,406.5,4,1,261,12630,14560,-10,4,0,,,,,
20261003-175607,7,423.1,1,1,,12610,14998,15,3,0,,,,,
20261003-175607,7,423.1,2,1,,12638,15260,62,2,0,,,,,
20261003-175607,7,423.1,3,1,,12630,15158,42,1,0,,,,,
20261003-175607,7,423.1,4,1,,12638,15230,57,0,1,,,,,
20261003-175607,8,440.2,1,,370,12573,15168,-123,0,1,,,,,
20261003-175607,8,440.2,2,,370,12558,15365,-74,4,0,,,,,
20261003-175607,8,440.2,3,,370,12655,15218,-108,0,1,,,,,
20261003-175607,8,440.2,4,,370,12753,15353,-89,4,0,,,,,
20261003-211223,1,322.4,1,0,900,13278,16553,-2,4,0,,,,,
20261003-211223,1,322.4,2,0,900,12760,15980,-11,4,0,,,,,
20261003-211223,1,322.4,3,0,900,13470,16683,27,4,0,,,,,
20261003-211223,1,322.4,4,0,900,13760,16920,125,0,1,,,,,
20261003-211223,2,342.7,1,0,232,13310,16740,49,4,0,,,,,
20261003-211223,2,342.7,2,0,232,13235,16845,16,4,0,,,,,
20261003-211223,2,342.7,3,0,232,13558,17065,-108,1,0,,,,,
20261003-211223,2,342.7,4,0,232,13600,17040,-122,2,0,,,,,
20261003-211223,3,359.0,1,1,305,13385,17180,-90,2,0,,,,,
20261003-211223,3,359.0,2,1,305,13288,17105,-66,4,0,,,,,
20261003-211223,3,359.0,3,1,305,13565,16680,96,0,1,,,,,
20261003-211223,3,359.0,4,1,305,13528,16605,84,4,0,,,,,
20261003-211223,4,378.1,1,1,958,13685,16228,-12,4,0,,,,,
20261003-211223,4,378.1,2,1,958,13465,16970,158,0,1,,,,,
20261003-211223,4,378.1,3,1,958,14235,16335,24,4,0,,,,,
20261003-211223,4,378.1,4,1,958,13385,16868,-110,4,0,,,,,
20261003-211223,5,406.7,1,1,284,12390,15260,-118,0,1,,,,,
20261003-211223,5,406.7,2,1,284,12278,15565,-20,4,0,,,,,
20261003-211223,5,406.7,3,1,284,11983,15113,126,0,1,,,,,
20261003-211223,5,406.7,4,1,284,12455,15200,-124,0,1,,,,,
20261003-211223,6,427.7,1,1,81,12100,15198,102,0,1,,,,,
20261003-211223,6,427.7,2,1,81,12080,15160,99,0,1,,,,,
20261003-211223,6,427.7,3,1,81,12195,15305,130,0,1,,,,,
20261003-211223,6,427.7,4,1,81,12175,15275,122,0,1,,,,,
20261003-213542,1,317.6,1,1,,13663,14570,-12,4,0,,,,,
20261003-213542,1,317.6,2,1,,13720,14280,39,4,0,,,,,
20261003-213542,1,317.6,3,1,,13515,14060,48,4,0,,,,,
20261003-213542,1,317.6,4,1,,13925,13978,91,2,0,,,,,
20261003-213542,3,358.1,1,1,455,13985,14623,-78,4,0,,,,,
20261003-213542,3,358.1,2,1,455,13513,14478,-1,4,0,,,,,
20261003-213542,3,358.1,3,1,455,13440,14375,11,4,0,,,,,
20261003-213542,3,358.1,4,1,455,13740,14235,41,4,0,,,,,
20261003-213542,4,377.0,1,0,217,14163,14468,162,0,1,,,,,
20261003-213542,4,377.0,2,0,217,14060,14478,-170,0,1,,,,,
20261003-213542,4,377.0,3,0,217,13995,14545,-119,3,0,,,,,
20261003-213542,4,377.0,4,0,217,13958,14643,-112,4,0,,,,,
20261003-213542,6,426.1,1,1,377,12195,15655,-70,4,0,,,,,
20261003-213542,6,426.1,2,1,377,12213,15568,-72,4,0,,,,,
20261003-213542,6,426.1,3,1,377,12405,15455,-129,3,0,,,,,
20261003-213542,6,426.1,4,1,377,12280,15685,-84,4,0,,,,,
20261003-214253,1,308.8,1,1,117,13040,16735,12,4,0,,,,,
20261003-214253,1,308.8,2,1,117,13033,16795,11,4,0,,,,,
20261003-214253,1,308.8,3,1,117,13298,16995,77,4,0,,,,,
20261003-214253,1,308.8,4,1,117,12735,17040,-56,4,0,,,,,
20261003-214253,2,328.8,1,1,242,12858,16678,93,0,1,,,,,
20261003-214253,2,328.8,2,1,242,13023,16830,135,1,0,,,,,
20261003-214253,2,328.8,3,1,242,13220,16830,166,3,0,,,,,
20261003-214253,2,328.8,4,1,242,13053,16765,133,4,0,,,,,
20261003-214253,3,348.5,1,0,,13143,16703,-91,0,1,,,,,
20261003-214253,3,348.5,2,0,,13115,16745,-90,1,0,,,,,
20261003-214253,3,348.5,3,0,,13248,16728,-76,4,0,,,,,
20261003-214253,3,348.5,4,0,,12735,16978,149,0,1,,,,,
20261003-215125,1,312.7,1,1,248,12280,13610,-36,4,0,,,,,
20261003-215125,1,312.7,2,1,248,12100,13135,107,0,1,,,,,
20261003-215125,1,312.7,3,1,248,12303,12973,152,1,0,,,,,
20261003-215125,1,312.7,4,1,248,12035,13148,95,2,0,,,,,
20261003-215125,2,332.9,1,,360,12475,13600,-23,4,0,,,,,
20261003-215125,2,332.9,2,,360,12350,13555,-6,4,0,,,,,
20261003-215125,2,332.9,3,,360,11903,13663,62,4,0,,,,,
20261003-215125,2,332.9,4,,360,12323,13473,-7,4,0,,,,,
20261003-215125,3,349.5,1,0,376,12260,13540,47,4,0,,,,,
20261003-215125,3,349.5,2,0,376,12440,13608,14,4,0,,,,,
20261003-215125,3,349.5,3,0,376,12460,13603,11,4,0,,,,,
20261003-215125,3,349.5,4,0,376,12540,13630,4,4,0,,,,,
20261003-220139,1,305.5,1,1,185,11218,17183,99,0,1,,,,,
20261003-220139,1,305.5,2,1,185,11475,16920,27,4,0,,,,,
20261003-220139,1,305.5,3,1,185,11443,16998,39,4,0,,,,,
20261003-220139,1,305.5,4,1,185,11198,17148,98,0,1,,,,,
20261003-220139,2,325.5,1,0,259,11368,16993,116,1,0,,,,,
20261003-220139,2,325.5,2,0,259,11225,17025,133,2,0,,,,,
20261003-220139,2,325.5,3,0,259,11383,17008,120,3,0,,,,,
20261003-220139,2,325.5,4,0,259,11330,16860,84,4,0,,,,,
20261003-220139,3,344.8,1,0,371,11250,17243,105,0,1,,,,,
20261003-220139,3,344.8,2,0,371,10995,16975,-129,0,1,,,,,
20261003-220139,3,344.8,3,0,371,11455,16925,32,4,0,,,,,
20261003-220139,3,344.8,4,0,371,10920,16980,-133,0,1,,,,,
20261003-220139,5,392.0,1,1,193,12880,15635,-105,0,1,,,,,
20261003-220139,5,392.0,2,1,193,12565,16025,97,0,1,,,,,
20261003-220139,5,392.0,3,1,193,12855,15638,-110,0,1,,,,,
20261003-220139,5,392.0,4,1,193,13045,15960,-23,4,0,,,,,
20261003-220139,6,413.3,1,1,132,12725,16155,-1,4,0,,,,,
20261003-220139,6,413.3,2,1,132,12495,15748,106,1,0,,,,,
20261003-220139,6,413.3,3,1,132,12770,15990,-10,4,0,,,,,
20261003-220139,6,413.3,4,1,132,12583,15795,103,4,0,,,,,
20261003-221232,1,316.7,1,0,258,11450,16880,-28,4,0,,,,,
20261003-221232,1,316.7,2,0,258,11450,16970,-13,4,0,,,,,
20261003-221232,1,316.7,3,0,258,11408,16815,-39,4,0,,,,,
20261003-221232,1,316.7,4,0,258,10823,16760,-152,0,1,,,,,
20261003-221232,2,337.0,1,0,133,11228,16995,55,4,0,,,,,
20261003-221232,2,337.0,2,0,133,11073,17188,151,0,1,,,,,
20261003-221232,2,337.0,3,0,133,11380,16970,47,4,0,,,,,
20261003-221232,2,337.0,4,0,133,11295,16950,40,4,0,,,,,
20261003-221232,3,353.9,1,1,198,11413,16898,115,0,1,,,,,
20261003-221232,3,353.9,2,1,198,10930,16750,4,3,0,,,,,
20261003-221232,3,353.9,3,1,198,11000,17160,-107,0,1,,,,,
20261003-221232,3,353.9,4,1,198,10955,17225,-106,0,1,,,,,
20261003-221232,4,373.1,1,1,125,10993,17070,-103,0,1,,,,,
20261003-221232,4,373.1,2,1,125,11060,17193,-145,0,1,,,,,
20261003-221232,4,373.1,3,1,125,11010,17223,-136,0,1,,,,,
20261003-221232,4,373.1,4,1,125,10910,17235,-120,0,1,,,,,
20261003-221232,5,401.9,1,1,50,11968,14900,13,4,0,,,,,
20261003-221232,5,401.9,2,1,50,12133,15465,158,0,1,,,,,
20261003-221232,5,401.9,3,1,50,11765,15403,-130,0,1,,,,,
20261003-221232,5,401.9,4,1,50,11880,14985,-10,4,0,,,,,
20261003-221232,6,423.1,1,,190,12088,15070,41,3,0,,,,,
20261003-221232,6,423.1,2,,190,12083,15070,39,2,0,,,,,
20261003-221232,6,423.1,3,,190,12040,15065,27,1,0,,,,,
20261003-221232,6,423.1,4,,190,11915,14888,-18,4,0,,,,,
20261003-222355,1,320.5,1,1,,10590,16310,6,4,0,,,,,
20261003-222355,1,320.5,2,1,,10493,16028,-55,4,0,,,,,
20261003-222355,1,320.5,3,1,,10760,16300,5,4,0,,,,,
20261003-222355,1,320.5,4,1,,10718,16458,28,3,0,,,,,
20261003-222355,2,341.2,1,,355,10435,16385,-38,4,0,,,,,
20261003-222355,2,341.2,2,,355,10485,16095,-132,0,1,,,,,
20261003-222355,2,341.2,3,,355,10533,16098,-125,0,1,,,,,
20261003-222355,2,341.2,4,,355,10473,16208,-115,0,1,,,,,
20261003-222355,3,357.7,1,0,358,10353,16125,130,0,1,,,,,
20261003-222355,3,357.7,2,0,358,10070,16415,16,4,0,,,,,
20261003-222355,3,357.7,3,0,358,10575,16460,-111,0,1,,,,,
20261003-222355,3,357.7,4,0,358,10358,16068,131,0,1,,,,,
20261003-222355,4,376.7,1,0,96,10425,16205,-135,0,1,,,,,
20261003-222355,4,376.7,2,0,96,10258,16675,21,4,0,,,,,
20261003-222355,4,376.7,3,0,96,10483,16210,-118,0,1,,,,,
20261003-222355,4,376.7,4,0,96,10563,16003,-138,0,1,,,,,
20261003-222355,5,405.8,1,1,348,11928,15515,-16,4,0,,,,,
20261003-222355,5,405.8,2,1,348,12308,15445,-142,0,1,,,,,
20261003-222355,5,405.8,3,1,348,11935,15220,62,4,0,,,,,
20261003-222355,5,405.8,4,1,348,11745,15435,12,4,0,,,,,
20261003-222355,6,427.8,1,1,310,12275,15560,69,4,0,,,,,
20261003-222355,6,427.8,2,1,310,12300,15250,4,4,0,,,,,
20261003-222355,6,427.8,3,1,310,12265,15585,75,4,0,,,,,
20261003-222355,6,427.8,4,1,310,12060,15665,126,0,1,,,,,
20261003-234425,1,333.4,1,0,563,10703,15628,-3,4,0,,,,,
20261003-234425,1,333.4,2,0,563,10538,15708,4,4,0,,,,,
20261003-234425,1,333.4,3,0,563,10608,15763,15,4,0,,,,,
20261003-234425,1,333.4,4,0,563,10318,15990,92,1,0,,,,,
20261003-234425,2,354.1,1,0,291,10213,15990,-47,4,0,,,,,
20261003-234425,2,354.1,2,0,291,10425,15893,-108,0,1,,,,,
20261003-234425,2,354.1,3,0,291,10418,15608,167,0,1,,,,,
20261003-234425,2,354.1,4,0,291,10185,15870,-26,4,0,,,,,
20261003-234425,3,370.3,1,1,,10378,15895,134,0,1,,,,,
20261003-234425,3,370.3,2,1,,10390,15450,14,4,0,,,,,
20261003-234425,3,370.3,3,1,,10385,15360,9,4,0,,,,,
20261003-234425,3,370.3,4,1,,10003,15563,-63,4,0,,,,,
20261003-234425,4,389.2,1,1,61,10463,15850,158,0,1,,,,,
20261003-234425,4,389.2,2,1,61,10365,16015,-160,0,1,,,,,
20261003-234425,4,389.2,3,1,61,10555,15708,122,0,1,,,,,
20261003-234425,4,389.2,4,1,61,10508,15665,111,0,1,,,,,
20261003-234425,5,417.6,1,1,250,10285,14685,-52,4,0,,,,,
20261003-234425,5,417.6,2,1,250,10398,15048,-12,4,0,,,,,
20261003-234425,5,417.6,3,1,250,10255,14718,-48,4,0,,,,,
20261003-234425,5,417.6,4,1,250,9940,14570,-103,0,1,,,,,
20261003-234425,6,438.9,1,1,171,10210,14880,-55,4,0,,,,,
20261003-234425,6,438.9,2,1,171,10130,14903,-49,4,0,,,,,
20261003-234425,6,438.9,3,1,171,10108,14915,-44,4,0,,,,,
20261003-234425,6,438.9,4,1,171,10190,14930,-47,4,0,,,,,
20261003-235149,1,312.4,1,1,583,10640,15110,-42,4,0,,,,,
20261003-235149,1,312.4,2,1,583,10993,15275,-16,4,0,,,,,
20261003-235149,1,312.4,3,1,583,10528,15733,41,4,0,,,,,
20261003-235149,1,312.4,4,1,583,10553,15533,13,4,0,,,,,
20261004-000409,1,306.3,1,,,13075,13845,-5,4,0,,,,,
20261004-000409,1,306.3,2,,,13143,14005,-31,4,0,,,,,
20261004-000409,1,306.3,3,,,13200,14070,-42,3,0,,,,,
20261004-000409,1,306.3,4,,,13008,14003,-17,4,0,,,,,
20261004-000409,2,326.3,1,0,,13250,13760,76,4,0,,,,,
20261004-000409,2,326.3,2,0,,13505,13870,-14,2,0,,,,,
20261004-000409,2,326.3,3,0,,13195,13735,95,3,0,,,,,
20261004-000409,2,326.3,4,0,,13240,13763,78,4,0,,,,,
20261004-000409,3,346.0,1,,247,13610,13800,69,4,0,,,,,
20261004-000409,3,346.0,2,,247,13423,13818,107,0,1,,,,,
20261004-000409,3,346.0,3,,247,13190,13475,-84,4,0,,,,,
20261004-000409,3,346.0,4,,247,13575,13458,-1,4,0,,,,,
20261004-000409,4,364.9,1,1,73,13280,13793,-160,1,0,,,,,
20261004-000409,4,364.9,2,1,73,13213,13880,-158,2,0,,,,,
20261004-000409,4,364.9,3,1,73,13310,13810,-174,3,0,,,,,
20261004-000409,4,364.9,4,1,73,13293,13790,-164,4,0,,,,,
20261004-000409,5,392.9,1,1,233,13333,15278,23,4,0,,,,,
20261004-000409,5,392.9,2,1,233,13613,15380,54,4,0,,,,,
20261004-000409,5,392.9,3,1,233,13250,15345,16,4,0,,,,,
20261004-000409,5,392.9,4,1,233,13603,15428,59,4,0,,,,,
20261004-000409,6,414.2,1,1,123,13143,15450,-42,4,0,,,,,
20261004-000409,6,414.2,2,1,123,13110,15410,-49,3,0,,,,,
20261004-000409,6,414.2,3,1,123,12950,15660,-137,3,0,,,,,
20261004-000409,6,414.2,4,1,123,13025,15545,-86,4,0,,,,,
20261004-001305,1,327.0,1,0,178,13770,15060,-10,4,0,,,,,
20261004-001305,1,327.0,2,0,178,13630,14940,4,4,0,,,,,
20261004-001305,1,327.0,3,0,178,14488,15195,-151,1,0,,,,,
20261004-001305,1,327.0,4,0,178,14430,15400,-125,2,0,,,,,
20261004-001305,2,347.3,1,0,131,13950,15018,127,0,1,,,,,
20261004-001305,2,347.3,2,0,131,13990,14910,155,0,1,,,,,
20261004-001305,2,347.3,3,0,131,14013,14865,168,0,1,,,,,
20261004-001305,2,347.3,4,0,131,13958,14978,138,0,1,,,,,
20261004-001305,3,364.1,1,1,163,13900,15235,103,1,0,,,,,
20261004-001305,3,364.1,2,1,163,14343,15175,8,2,0,,,,,
20261004-001305,3,364.1,3,1,163,14325,15220,19,1,0,,,,,
20261004-001305,3,364.1,4,1,163,14193,14880,-131,0,1,,,,,
20261004-001305,4,383.0,1,1,,13870,14928,-126,0,1,,,,,
20261004-001305,4,383.0,2,1,,13800,14818,-113,0,1,,,,,
20261004-001305,4,383.0,3,1,,13820,14963,-132,0,1,,,,,
20261004-001305,4,383.0,4,1,,14188,14763,-51,0,1,,,,,
20261004-001305,5,402.0,1,1,1308,12318,14960,-72,4,0,,,,,
20261004-001305,5,402.0,2,1,1308,12575,15605,42,4,0,,,,,
20261004-001305,5,402.0,3,1,1308,12545,15208,-15,4,0,,,,,
20261004-001305,5,402.0,4,1,1308,14178,15015,-5,4,0,,,,,
20261004-132338,1,332.9,1,1,908,11340,16815,26,4,0,,,,,
20261004-132338,1,332.9,2,1,908,11128,17330,145,0,1,,,,,
20261004-132338,1,332.9,3,1,908,11680,15540,-8,4,0,,,,,
20261004-132338,1,332.9,4,1,908,12030,15633,5,4,0,,,,,
20261004-132338,2,353.4,1,1,,11155,16783,158,0,1,,,,,
20261004-132338,2,353.4,2,1,,11073,16720,138,0,1,,,,,
20261004-132338,2,353.4,3,1,,10873,16653,111,1,0,,,,,
20261004-132338,2,353.4,4,1,,11138,16783,144,2,0,,,,,
20261004-154121,1,352.6,1,1,438,12155,13700,-43,4,0,,,,,
20261004-154121,1,352.6,2,1,438,12015,13510,-57,4,0,,,,,
20261004-154121,1,352.6,3,1,438,12100,13555,-54,4,0,,,,,
20261004-154121,1,352.6,4,1,438,11140,13428,103,1,0,,,,,
20261004-154121,2,372.8,1,1,279,11790,13595,-156,0,1,,,,,
20261004-154121,2,372.8,2,1,279,11588,13528,-91,0,1,,,,,
20261004-154121,2,372.8,3,1,279,11810,13643,-154,0,1,,,,,
20261004-154121,2,372.8,4,1,279,11758,13670,-143,0,1,,,,,
20261004-154121,3,389.7,1,0,211,11820,13560,172,0,1,,,,,
20261004-154121,3,389.7,2,0,211,11563,13160,13,3,0,,,,,
20261004-154121,3,389.7,3,0,211,11540,13190,4,1,0,,,,,
20261004-154121,3,389.7,4,0,211,11940,13490,144,0,1,,,,,
20261004-154121,4,408.4,1,0,210,11803,13138,-8,4,0,,,,,
20261004-154121,4,408.4,2,0,210,11460,13520,-151,0,1,,,,,
20261004-154121,4,408.4,3,0,210,11460,13513,-150,0,1,,,,,
20261004-154121,4,408.4,4,0,210,11513,13578,-171,0,1,,,,,
20261004-154121,5,436.7,1,1,349,12460,15300,-167,0,1,,,,,
20261004-154121,5,436.7,2,1,349,11815,15498,-3,4,0,,,,,
20261004-154121,5,436.7,3,1,349,12185,15545,-62,4,0,,,,,
20261004-154121,5,436.7,4,1,349,11903,15638,-24,4,0,,,,,
20261004-154121,6,457.8,1,1,124,12173,15545,6,4,0,,,,,
20261004-154121,6,457.8,2,1,124,12338,15473,-45,4,0,,,,,
20261004-154121,6,457.8,3,1,124,12368,15535,-41,4,0,,,,,
20261004-154121,6,457.8,4,1,124,12395,15255,-119,0,1,,,,,
20261004-154121,7,493.6,1,1,179,10488,15755,133,0,1,,,,,
20261004-154121,7,493.6,2,1,179,10555,15705,139,0,1,,,,,
20261004-154121,7,493.6,3,1,179,10755,16715,-105,0,1,,,,,
20261004-154121,7,493.6,4,1,179,10393,15725,115,4,0,,,,,
20261004-155218,1,340.1,1,1,495,13838,15855,-83,4,0,,,,,
20261004-155218,1,340.1,2,1,495,14050,15850,-107,0,1,,,,,
20261004-155218,1,340.1,3,1,495,14543,15383,94,0,1,,,,,
20261004-155218,1,340.1,4,1,495,13850,15130,4,3,0,,,,,
20261004-155218,2,360.2,1,0,,14020,15505,-1,4,0,,,,,
20261004-155218,2,360.2,2,0,,13975,15665,-44,4,0,,,,,
20261004-155218,2,360.2,3,0,,13978,15520,-10,4,0,,,,,
20261004-155218,2,360.2,4,0,,13993,15568,-19,4,0,,,,,
20261004-155218,3,376.7,1,0,307,13940,15445,-71,4,0,,,,,
20261004-155218,3,376.7,2,0,307,14235,15355,-7,4,0,,,,,
20261004-155218,3,376.7,3,0,307,14245,15285,-7,4,0,,,,,
20261004-155218,3,376.7,4,0,307,14293,15883,144,0,1,,,,,
20261004-155218,4,395.5,1,,146,14010,15435,133,0,1,,,,,
20261004-155218,4,395.5,2,,146,14105,15583,112,0,1,,,,,
20261004-155218,4,395.5,3,,146,14083,15588,105,0,1,,,,,
20261004-155218,4,395.5,4,,146,14085,15545,123,0,1,,,,,
20261004-155218,5,423.7,1,1,260,14008,15823,3,3,0,,,,,
20261004-155218,5,423.7,2,1,260,14275,15460,163,2,0,,,,,
20261004-155218,5,423.7,3,1,260,14270,15410,157,3,0,,,,,
20261004-155218,5,423.7,4,1,260,13980,15835,5,0,1,,,,,
20261004-155218,6,445.2,1,1,158,13915,15605,46,3,0,,,,,
20261004-155218,6,445.2,2,1,158,14148,15605,64,2,0,,,,,
20261004-155218,6,445.2,3,1,158,14095,15455,100,0,1,,,,,
20261004-155218,6,445.2,4,1,158,14353,15540,-169,4,0,,,,,
20261004-160448,1,329.5,1,1,356,13093,13775,-14,4,0,,,,,
20261004-160448,1,329.5,2,1,356,13070,13830,-8,4,0,,,,,
20261004-160448,1,329.5,3,1,356,12840,13900,24,4,0,,,,,
20261004-160448,1,329.5,4,1,356,13048,13898,-3,4,0,,,,,
20261004-160448,3,366.1,1,1,359,12855,13245,-11,4,0,,,,,
20261004-160448,3,366.1,2,1,359,13358,13595,129,0,1,,,,,
20261004-160448,3,366.1,3,1,359,13385,13500,113,0,1,,,,,
20261004-160448,3,366.1,4,1,359,13320,13643,138,0,1,,,,,
20261004-160448,4,384.8,1,0,128,13108,13600,158,0,1,,,,,
20261004-160448,4,384.8,2,0,128,13003,13678,-157,0,1,,,,,
20261004-160448,4,384.8,3,0,128,12955,13350,-1,4,0,,,,,
20261004-160448,4,384.8,4,0,128,12948,13740,-147,0,1,,,,,
20261004-160448,5,412.7,1,1,170,12295,15035,-147,0,1,,,,,
20261004-160448,5,412.7,2,1,170,12145,15095,-179,1,0,,,,,
20261004-160448,5,412.7,3,1,170,12335,15163,-125,3,0,,,,,
20261004-160448,5,412.7,4,1,170,11935,15425,88,0,1,,,,,
20261004-160448,6,433.9,1,1,727,11958,15308,158,0,1,,,,,
20261004-160448,6,433.9,2,1,727,12040,15498,111,0,1,,,,,
20261004-160448,6,433.9,3,1,727,12190,15220,-128,0,1,,,,,
20261004-160448,6,433.9,4,1,727,12005,15340,151,0,1,,,,,
20261004-161448,1,326.1,1,1,229,10700,14485,-12,4,0,,,,,
20261004-161448,1,326.1,2,1,229,10813,14493,-19,4,0,,,,,
20261004-161448,1,326.1,3,1,229,10823,14700,5,4,0,,,,,
20261004-161448,1,326.1,4,1,229,10863,14815,10,3,0,,,,,
20261004-161448,2,346.2,1,0,45,10610,14565,-170,0,1,,,,,
20261004-161448,2,346.2,2,0,45,10383,14275,10,4,0,,,,,
20261004-161448,2,346.2,3,0,45,10568,14585,-159,0,1,,,,,
20261004-161448,2,346.2,4,0,45,10503,14475,-155,0,1,,,,,
20261004-161448,3,362.5,1,0,138,10263,14370,8,4,0,,,,,
20261004-161448,3,362.5,2,0,138,10688,14525,-139,0,1,,,,,
20261004-161448,3,362.5,3,0,138,10790,14575,-142,0,1,,,,,
20261004-161448,3,362.5,4,0,138,10343,14478,-33,4,0,,,,,
20261004-161448,4,381.7,1,1,94,10605,14505,-174,0,1,,,,,
20261004-161448,4,381.7,2,1,94,10455,14398,-104,0,1,,,,,
20261004-161448,4,381.7,3,1,94,10365,14440,-69,4,0,,,,,
20261004-161448,4,381.7,4,1,94,10555,14635,-146,0,1,,,,,
20261004-161448,5,409.7,1,1,50,11985,15005,-143,0,1,,,,,
20261004-161448,5,409.7,2,1,50,11905,15515,132,1,0,,,,,
20261004-161448,5,409.7,3,1,50,12155,15018,-119,3,0,,,,,
20261004-161448,5,409.7,4,1,50,12470,15415,3,0,1,,,,,
20261004-161448,6,430.9,1,1,324,12105,15145,-45,4,0,,,,,
20261004-161448,6,430.9,2,1,324,11880,15133,-73,4,0,,,,,
20261004-161448,6,430.9,3,1,324,11945,15240,-85,4,0,,,,,
20261004-161448,6,430.9,4,1,324,12043,15070,-47,4,0,,,,,
20261004-163454,1,326.7,1,1,421,13863,15835,148,0,1,,,,,
20261004-163454,1,326.7,2,1,421,13733,15993,115,0,1,,,,,
20261004-163454,1,326.7,3,1,421,13525,16288,73,4,0,,,,,
20261004-163454,1,326.7,4,1,421,13500,16205,83,3,0,,,,,
20261004-163454,2,346.7,1,0,179,13833,15910,159,1,0,,,,,
20261004-163454,2,346.7,2,0,179,13845,15960,153,2,0,,,,,
20261004-163454,2,346.7,3,0,179,13980,16200,72,4,0,,,,,
20261004-163454,2,346.7,4,0,179,13818,16020,139,4,0,,,,,
20261004-163454,3,366.4,1,0,90,13843,15943,111,1,0,,,,,
20261004-163454,3,366.4,2,0,90,13813,16348,25,2,0,,,,,
20261004-163454,3,366.4,3,0,90,14585,15993,-131,3,0,,,,,
20261004-163454,3,366.4,4,0,90,14005,16240,-2,0,1,,,,,
20261004-163454,4,385.3,1,1,84,14048,15990,-137,0,1,,,,,
20261004-163454,4,385.3,2,1,84,13878,16038,167,0,1,,,,,
20261004-163454,4,385.3,3,1,84,13990,16118,162,0,1,,,,,
20261004-163454,4,385.3,4,1,84,13938,16223,99,0,1,,,,,
20261004-163454,5,413.4,1,1,393,12368,15633,-106,0,1,,,,,
20261004-163454,5,413.4,2,1,393,12130,14940,87,3,0,,,,,
20261004-163454,5,413.4,3,1,393,11910,15400,-3,4,0,,,,,
20261004-163454,5,413.4,4,1,393,12403,15683,-107,0,1,,,,,
20261004-163454,6,434.6,1,1,166,11305,16085,132,0,1,,,,,
20261004-163454,6,434.6,2,1,166,11940,15830,112,0,1,,,,,
20261004-163454,6,434.6,3,1,166,11865,15933,113,0,1,,,,,
20261004-163454,6,434.6,4,1,166,12195,15558,88,0,1,,,,,
20261004-165754,1,326.8,1,1,377,11760,13690,-39,4,0,,,,,
20261004-165754,1,326.8,2,1,377,11175,13490,130,0,1,,,,,
20261004-165754,1,326.8,3,1,377,11633,14023,-2,3,0,,,,,
20261004-165754,1,326.8,4,1,377,11360,13830,26,2,0,,,,,
20261004-165754,2,347.8,1,0,,11285,13660,10,4,0,,,,,
20261004-165754,2,347.8,2,0,,11250,13850,44,4,0,,,,,
20261004-165754,2,347.8,3,0,,11313,13775,27,4,0,,,,,
20261004-165754,2,347.8,4,0,,11468,13683,0,4,0,,,,,
20261004-165754,3,364.6,1,0,223,11673,13470,117,1,0,,,,,
20261004-165754,3,364.6,2,0,223,11230,13965,-123,0,1,,,,,
20261004-165754,3,364.6,3,0,223,11185,13785,-104,0,1,,,,,
20261004-165754,3,364.6,4,0,223,11110,13165,7,4,0,,,,,
20261004-165754,4,383.2,1,,137,11603,13740,-173,0,1,,,,,
20261004-165754,4,383.2,2,,137,11410,13750,-135,0,1,,,,,
20261004-165754,4,383.2,3,,137,11463,13818,-143,0,1,,,,,
20261004-165754,4,383.2,4,,137,11145,13823,-84,0,1,,,,,
20261004-165754,5,411.5,1,1,,12003,15553,85,4,0,,,,,
20261004-165754,5,411.5,2,1,,12390,15580,2,2,0,,,,,
20261004-165754,5,411.5,3,1,,12363,15503,-4,1,0,,,,,
20261004-165754,5,411.5,4,1,,12218,15055,-145,1,0,,,,,
20261004-165754,6,433.1,1,1,317,12460,15510,-171,0,1,,,,,
20261004-165754,6,433.1,2,1,317,12418,15548,-160,0,1,,,,,
20261004-165754,6,433.1,3,1,317,12440,15445,179,0,1,,,,,
20261004-165754,6,433.1,4,1,317,12350,15568,-145,0,1,,,,,
20261004-223752,1,303.9,1,1,207,10485,15550,-35,4,0,,,,,
20261004-223752,1,303.9,2,1,207,10788,15663,-10,4,0,,,,,
20261004-223752,1,303.9,3,1,207,10815,15775,2,4,0,,,,,
20261004-223752,1,303.9,4,1,207,10445,15715,2,3,0,,,,,
20261004-223752,2,324.3,1,1,169,10110,15553,-16,4,0,,,,,
20261004-223752,2,324.3,2,1,169,10505,15875,160,0,1,,,,,
20261004-223752,2,324.3,3,1,169,10540,15860,154,0,1,,,,,
20261004-223752,2,324.3,4,1,169,10338,15790,175,0,1,,,,,
20261004-223752,4,359.8,1,0,182,10373,15830,-27,4,0,,,,,
20261004-223752,4,359.8,2,0,182,10030,15695,98,0,1,,,,,
20261004-223752,4,359.8,3,0,182,10105,15728,83,1,0,,,,,
20261004-223752,4,359.8,4,0,182,10235,15505,-174,0,1,,,,,
20261004-223752,5,388.2,1,1,354,11945,16225,-78,4,0,,,,,
20261004-223752,5,388.2,2,1,354,11955,16050,-62,4,0,,,,,
20261004-223752,5,388.2,3,1,354,12315,16165,-128,0,1,,,,,
20261004-223752,5,388.2,4,1,354,11885,16130,-64,4,0,,,,,
20261004-223752,6,409.5,1,1,227,12140,15980,-137,0,1,,,,,
20261004-223752,6,409.5,2,1,227,12358,16070,160,2,0,,,,,
20261004-223752,6,409.5,3,1,227,12105,16295,-157,0,1,,,,,
20261004-223752,6,409.5,4,1,227,12185,16080,-160,0,1,,,,,
20261004-230927,1,302.7,1,1,600,10485,16950,-21,4,0,,,,,
20261004-230927,1,302.7,2,1,600,10500,16810,-4,4,0,,,,,
20261004-230927,1,302.7,3,1,600,11248,16713,-146,0,1,,,,,
20261004-230927,1,302.7,4,1,600,10975,17070,-93,0,1,,,,,
20261004-230927,2,323.2,1,1,,10768,16518,-61,4,0,,,,,
20261004-230927,2,323.2,2,1,,10623,16570,-125,0,1,,,,,
20261004-230927,2,323.2,3,1,,11443,16210,-18,4,0,,,,,
20261004-230927,2,323.2,4,1,,11100,16603,5,4,0,,,,,
20261004-230927,3,339.6,1,0,275,10528,16708,-21,4,0,,,,,
20261004-230927,3,339.6,2,0,275,10858,16473,115,0,1,,,,,
20261004-230927,3,339.6,3,0,275,10990,16813,-158,0,1,,,,,
20261004-230927,3,339.6,4,0,275,10960,16913,-141,0,1,,,,,
20261004-230927,4,358.6,1,0,280,10685,16690,70,4,0,,,,,
20261004-230927,4,358.6,2,0,280,10398,16678,98,2,0,,,,,
20261004-230927,4,358.6,3,0,280,10553,16658,102,3,0,,,,,
20261004-230927,4,358.6,4,0,280,10518,16803,66,4,0,,,,,
20261004-233405,1,331.5,1,1,318,13558,16543,51,4,0,,,,,
20261004-233405,1,331.5,2,1,318,12915,16763,-28,4,0,,,,,
20261004-233405,1,331.5,3,1,318,13020,16618,-7,3,0,,,,,
20261004-233405,1,331.5,4,1,318,13290,16793,33,3,0,,,,,
20261004-233405,2,352.0,1,1,126,13340,16848,129,0,1,,,,,
20261004-233405,2,352.0,2,1,126,13285,16965,134,0,1,,,,,
20261004-233405,2,352.0,3,1,126,13203,17198,-72,4,0,,,,,
20261004-233405,2,352.0,4,1,126,13245,16865,109,0,1,,,,,
20261004-233405,4,387.6,1,0,227,12880,16995,-120,0,1,,,,,
20261004-233405,4,387.6,2,0,227,13000,17023,-121,1,0,,,,,
20261004-233405,4,387.6,3,0,227,12928,16910,-104,3,0,,,,,
20261004-233405,4,387.6,4,0,227,12995,16970,-109,4,0,,,,,
20261004-233405,5,416.1,1,1,251,13095,17295,-90,0,1,,,,,
20261004-233405,5,416.1,2,1,251,12960,16835,13,4,0,,,,,
20261004-233405,5,416.1,3,1,251,13190,16788,56,4,0,,,,,
20261004-233405,5,416.1,4,1,251,13043,16848,22,4,0,,,,,
20261004-234835,1,335.5,1,1,,10695,15775,-23,4,0,,,,,
20261004-234835,1,335.5,2,1,,10675,15293,-68,4,0,,,,,
20261004-234835,1,335.5,3,1,,10450,16120,45,4,0,,,,,
20261004-234835,1,335.5,4,1,,10083,16055,117,0,1,,,,,
20261004-234835,2,355.8,1,1,,10085,15655,-34,4,0,,,,,
20261004-234835,2,355.8,2,1,,10265,16000,-159,0,1,,,,,
20261004-234835,2,355.8,3,1,,10440,15695,64,4,0,,,,,
20261004-234835,2,355.8,4,1,,10415,15575,43,4,0,,,,,
20261004-234835,3,372.3,1,0,427,10310,15440,4,4,0,,,,,
20261004-234835,3,372.3,2,0,427,10055,15763,-74,2,0,,,,,
20261004-234835,3,372.3,3,0,427,10430,16033,145,0,1,,,,,
20261004-234835,3,372.3,4,0,427,10288,15488,1,4,0,,,,,
20261004-234835,4,391.1,1,0,202,10353,16158,-149,0,1,,,,,
20261004-234835,4,391.1,2,0,202,10108,16128,-107,0,1,,,,,
20261004-234835,4,391.1,3,0,202,10253,16058,-129,0,1,,,,,
20261004-234835,4,391.1,4,0,202,10218,15975,-113,0,1,,,,,
20261004-234835,5,419.3,1,1,278,11930,15420,35,4,0,,,,,
20261004-234835,5,419.3,2,1,278,12295,15725,-47,4,0,,,,,
20261004-234835,5,419.3,3,1,278,12350,15765,-52,4,0,,,,,
20261004-234835,5,419.3,4,1,278,12490,15310,-129,4,0,,,,,
20261005-001631,1,325.9,1,1,688,12190,17175,-55,4,0,,,,,
20261005-001631,1,325.9,2,1,688,12788,17055,58,4,0,,,,,
20261005-001631,1,325.9,3,1,688,12663,16885,28,3,0,,,,,
20261005-001631,1,325.9,4,1,688,12965,17345,116,2,0,,,,,
20261005-001631,3,363.1,1,1,,12210,17163,-13,4,0,,,,,
20261005-001631,3,363.1,2,1,,12313,17140,-3,4,0,,,,,
20261005-001631,3,363.1,3,1,,12283,17013,10,4,0,,,,,
20261005-001631,3,363.1,4,1,,12645,16950,67,0,1,,,,,
20261005-001631,4,382.0,1,0,260,12635,17035,-119,0,1,,,,,
20261005-001631,4,382.0,2,0,260,12258,17008,-177,2,0,,,,,
20261005-001631,4,382.0,3,0,260,12365,17423,112,3,0,,,,,
20261005-001631,4,382.0,4,0,260,12440,17050,-160,4,0,,,,,
20261005-001631,5,411.0,1,0,183,10430,16600,-7,4,0,,,,,
20261005-001631,5,411.0,2,0,183,10880,16610,83,2,0,,,,,
20261005-001631,5,411.0,3,0,183,10470,16543,4,4,0,,,,,
20261005-001631,5,411.0,4,0,183,10833,16658,83,0,1,,,,,
20261005-001631,6,432.6,1,1,191,10995,16475,73,3,0,,,,,
20261005-001631,6,432.6,2,1,191,10790,16820,115,0,1,,,,,
20261005-001631,6,432.6,3,1,191,10500,16920,-94,3,0,,,,,
20261005-001631,6,432.6,4,1,191,10900,16965,146,0,1,,,,,
20261005-143933,1,338.0,1,0,148,11555,16670,-29,4,0,,,,,
20261005-143933,1,338.0,2,0,148,11900,16515,-1,4,0,,,,,
20261005-143933,1,338.0,3,0,148,11910,16620,3,3,0,,,,,
20261005-143933,1,338.0,4,0,148,11980,16995,33,2,0,,,,,
20261005-143933,2,358.4,1,1,118,11785,17055,-166,0,1,,,,,
20261005-143933,2,358.4,2,1,118,11738,17058,-177,0,1,,,,,
20261005-143933,2,358.4,3,1,118,11585,17355,25,4,0,,,,,
20261005-143933,2,358.4,4,1,118,11768,17028,-172,0,1,,,,,
20261005-143933,3,374.7,1,1,122,11755,16575,-162,0,1,,,,,
20261005-143933,3,374.7,2,1,122,11820,17253,-78,4,0,,,,,
20261005-143933,3,374.7,3,1,122,11628,17363,34,4,0,,,,,
20261005-143933,3,374.7,4,1,122,11658,16660,-170,0,1,,,,,
20261005-145748,1,318.6,1,0,332,12660,16420,-10,4,0,,,,,
20261005-145748,1,318.6,2,0,332,12695,16315,-6,4,0,,,,,
20261005-145748,1,318.6,3,0,332,12773,16168,-9,3,0,,,,,
20261005-145748,1,318.6,4,0,332,12910,16293,27,3,0,,,,,
20261005-145748,2,338.8,1,1,,12933,17110,170,0,1,,,,,
20261005-145748,2,338.8,2,1,,12820,17160,-145,0,1,,,,,
20261005-145748,2,338.8,3,1,,12895,16868,53,4,0,,,,,
20261005-145748,2,338.8,4,1,,12975,16765,60,3,0,,,,,
20261005-145748,3,355.3,1,1,255,12960,16800,-156,0,1,,,,,
20261005-145748,3,355.3,2,1,255,12678,17230,26,4,0,,,,,
20261005-145748,3,355.3,3,1,255,12555,17210,45,4,0,,,,,
20261005-145748,3,355.3,4,1,255,12660,16810,128,0,1,,,,,
20261005-145748,4,374.6,1,1,112,12895,16763,-136,0,1,,,,,
20261005-145748,4,374.6,2,1,112,12778,16883,-179,0,1,,,,,
20261005-145748,4,374.6,3,1,112,12928,16723,-131,0,1,,,,,
20261005-145748,4,374.6,4,1,112,12663,16803,168,0,1,,,,,
20261005-145748,5,403.2,1,0,,13023,16525,-69,3,0,,,,,
20261005-145748,5,403.2,2,0,,13045,16523,-66,2,0,,,,,
20261005-145748,5,403.2,3,0,,12453,16810,-155,3,0,,,,,
20261005-145748,5,403.2,4,0,,12583,16555,-120,4,0,,,,,
20261005-145748,6,424.6,1,0,15,12845,17035,0,4,0,,,,,
20261005-145748,6,424.6,2,0,15,12808,16815,179,0,1,,,,,
20261005-145748,6,424.6,3,0,15,12938,16843,-139,0,1,,,,,
20261005-145748,6,424.6,4,0,15,12975,16605,-152,0,1,,,,,
20261005-203610,1,286.6,1,1,,13870,15160,10,4,0,,,,,
20261005-203610,1,286.6,2,1,,13380,15330,-20,4,0,,,,,
20261005-203610,1,286.6,3,1,,13878,15250,-2,4,0,,,,,
20261005-203610,1,286.6,4,1,,13840,15733,-65,4,0,,,,,
20261005-204310,1,288.9,1,1,145,11805,16625,-73,4,0,,,,,
20261005-204310,1,288.9,2,1,145,11740,17170,-17,4,0,,,,,
20261005-204310,1,288.9,3,1,145,11808,17183,-14,3,0,,,,,
20261005-204310,1,288.9,4,1,145,11750,16990,-52,2,0,,,,,
20261005-205200,1,281.9,1,1,237,12175,17115,124,0,1,,,,,
20261005-205200,1,281.9,2,1,237,12540,16990,-166,0,1,,,,,
20261005-205200,1,281.9,3,1,237,12478,17150,-165,1,0,,,,,
20261005-205200,1,281.9,4,1,237,12688,17133,-131,2,0,,,,,
20261005-205200,2,302.1,1,1,,12450,17210,-39,4,0,,,,,
20261005-205200,2,302.1,2,1,,12483,17328,-39,4,0,,,,,
20261005-205200,2,302.1,3,1,,12448,17630,-134,1,0,,,,,
20261005-205200,2,302.1,4,1,,12465,17675,-154,2,0,,,,,
20261005-205200,3,318.5,1,,177,12305,17535,39,4,0,,,,,
20261005-205200,3,318.5,2,,177,12500,17270,108,0,1,,,,,
20261005-205200,3,318.5,3,,177,12278,17633,20,4,0,,,,,
20261005-205200,3,318.5,4,,177,12508,17275,110,0,1,,,,,
20261005-205200,4,337.4,1,0,152,12343,17373,50,4,0,,,,,
20261005-205200,4,337.4,2,0,152,12545,17293,92,0,1,,,,,
20261005-205200,4,337.4,3,0,152,12623,17753,-102,3,0,,,,,
20261005-205200,4,337.4,4,0,152,12660,17545,166,0,1,,,,,
20261005-205200,5,365.1,1,1,103,11928,15508,143,0,1,,,,,
20261005-205200,5,365.1,2,1,103,12405,15640,-38,4,0,,,,,
20261005-205200,5,365.1,3,1,103,12403,15778,-2,4,0,,,,,
20261005-205200,5,365.1,4,1,103,12065,15940,68,4,0,,,,,
20261005-205200,6,386.7,1,1,385,12288,16205,10,4,0,,,,,
20261005-205200,6,386.7,2,1,385,12008,16050,139,0,1,,,,,
20261005-205200,6,386.7,3,1,385,11980,15980,160,0,1,,,,,
20261005-205200,6,386.7,4,1,385,11940,15980,156,0,1,,,,,
20261005-212312,1,303.7,1,1,227,11045,13988,6,4,0,,,,,
20261005-212312,1,303.7,2,1,227,11110,13935,-7,4,0,,,,,
20261005-212312,1,303.7,3,1,227,11260,13990,-32,4,0,,,,,
20261005-212312,1,303.7,4,1,227,11175,14180,-11,4,0,,,,,
20261005-212312,2,323.9,1,1,98,11183,13933,159,0,1,,,,,
20261005-212312,2,323.9,2,1,98,11140,14000,171,0,1,,,,,
20261005-212312,2,323.9,3,1,98,11223,13925,153,0,1,,,,,
20261005-212312,2,323.9,4,1,98,11000,13620,-46,4,0,,,,,
20261005-212312,3,340.6,1,1,161,10900,13483,2,4,0,,,,,
20261005-212312,3,340.6,2,1,161,11108,14005,-142,0,1,,,,,
20261005-212312,3,340.6,3,1,161,11315,13595,112,0,1,,,,,
20261005-212312,3,340.6,4,1,161,11395,13625,122,0,1,,,,,
20261005-212312,4,359.7,1,0,,11133,13798,117,0,1,,,,,
20261005-212312,4,359.7,2,0,,11160,13950,125,1,0,,,,,
20261005-212312,4,359.7,3,0,,11073,13840,146,3,0,,,,,
20261005-212312,4,359.7,4,0,,11070,13788,147,4,0,,,,,
20261005-214922,1,289.9,1,1,406,13245,16535,24,4,0,,,,,
20261005-214922,1,289.9,2,1,406,13343,16440,35,4,0,,,,,
20261005-214922,1,289.9,3,1,406,13450,16453,46,3,0,,,,,
20261005-214922,1,289.9,4,1,406,13433,16808,64,2,0,,,,,
20261005-214922,2,310.7,1,,120,13380,16710,-148,0,1,,,,,
20261005-214922,2,310.7,2,,120,13275,16755,-171,0,1,,,,,
20261005-214922,2,310.7,3,,120,13313,16848,-162,0,1,,,,,
20261005-214922,2,310.7,4,,120,13375,17100,-9,4,0,,,,,
20261005-214922,3,326.9,1,0,228,13115,16735,169,1,0,,,,,
20261005-214922,3,326.9,2,0,228,13353,17183,17,2,0,,,,,
20261005-214922,3,326.9,3,0,228,13678,16843,-86,1,0,,,,,
20261005-214922,3,326.9,4,0,228,13358,17105,7,0,1,,,,,
20261005-214922,4,346.3,1,0,186,13548,16798,178,0,1,,,,,
20261005-214922,4,346.3,2,0,186,13450,17115,-100,2,0,,,,,
20261005-214922,4,346.3,3,0,186,13445,16920,-173,3,0,,,,,
20261005-214922,4,346.3,4,0,186,13605,16925,-155,4,0,,,,,
20261005-214922,5,374.7,1,1,246,12440,15295,117,0,1,,,,,
20261005-214922,5,374.7,2,1,246,12103,15195,-6,4,0,,,,,
20261005-214922,5,374.7,3,1,246,11815,15590,-88,4,0,,,,,
20261005-214922,5,374.7,4,1,246,12490,15390,138,0,1,,,,,
20261005-220403,1,292.0,1,1,169,10313,14210,167,0,1,,,,,
20261005-220403,1,292.0,2,1,169,10783,14140,-31,4,0,,,,,
20261005-220403,1,292.0,3,1,169,10663,14720,64,4,0,,,,,
20261005-220403,1,292.0,4,1,169,10550,14610,77,4,0,,,,,
20261005-220403,2,313.3,1,1,214,10615,14505,101,0,1,,,,,
20261005-220403,2,313.3,2,1,214,10955,13950,-11,4,0,,,,,
20261005-220403,2,313.3,3,1,214,10370,14105,-129,0,1,,,,,
20261005-220403,2,313.3,4,1,214,10765,13983,-26,4,0,,,,,
20261005-220403,3,330.1,1,1,163,11188,13983,121,0,1,,,,,
20261005-220403,3,330.1,2,1,163,10845,14340,165,0,1,,,,,
20261005-220403,3,330.1,3,1,163,10793,14478,-170,0,1,,,,,
20261005-220403,3,330.1,4,1,163,11093,14145,133,0,1,,,,,
20261005-220403,4,351.3,1,0,65,10508,14123,10,3,0,,,,,
20261005-220403,4,351.3,2,0,65,10880,14203,126,2,0,,,,,
20261005-220403,4,351.3,3,0,65,10523,14103,20,1,0,,,,,
20261005-220403,4,351.3,4,0,65,10925,14183,124,4,0,,,,,
20261005-220403,5,369.6,1,0,126,11710,15320,20,4,0,,,,,
20261005-220403,5,369.6,2,0,126,11838,15233,33,3,0,,,,,
20261005-220403,5,369.6,3,0,126,12220,15300,113,0,1,,,,,
20261005-220403,5,369.6,4,0,126,11983,15325,20,0,1,,,,,
20261005-220403,6,386.3,1,1,133,11885,15583,-3,4,0,,,,,
20261005-220403,6,386.3,2,1,133,11950,15620,-12,4,0,,,,,
20261005-220403,6,386.3,3,1,133,11755,15540,10,4,0,,,,,
20261005-220403,6,386.3,4,1,133,12340,15245,-179,1,0,,,,,
20261005-220403,7,404.3,1,1,,12285,15638,-134,0,1,,,,,
20261005-220403,7,404.3,2,1,,12200,15330,-32,4,0,,,,,
20261005-220403,7,404.3,3,1,,12135,15185,27,4,0,,,,,
20261005-220403,7,404.3,4,1,,12288,15408,-164,0,1,,,,,
20261005-220403,8,420.6,1,1,104,12243,15893,82,4,0,,,,,
20261005-220403,8,420.6,2,1,104,12288,15225,-63,2,0,,,,,
20261005-220403,8,420.6,3,1,104,12038,15168,-145,3,0,,,,,
20261005-220403,8,420.6,4,1,104,12470,15380,6,0,1,,,,,
20261005-220403,9,439.1,1,0,739,10735,16868,121,0,1,,,,,
20261005-220403,9,439.1,2,0,739,11295,16155,2,4,0,,,,,
20261005-220403,9,439.1,3,0,739,11825,15795,4,4,0,,,,,
20261005-220403,9,439.1,4,0,739,12113,15720,8,4,0,,,,,
20261006-001214,1,328.3,1,1,550,14360,15155,109,0,1,,,,,
20261006-001214,1,328.3,2,1,550,13903,15528,-19,4,0,,,,,
20261006-001214,1,328.3,3,1,550,13910,15160,38,4,0,,,,,
20261006-001214,1,328.3,4,1,550,14098,15180,60,4,0,,,,,
20261006-001214,2,348.2,1,1,263,14130,15623,-60,4,0,,,,,
20261006-001214,2,348.2,2,1,263,14123,15215,71,3,0,,,,,
20261006-001214,2,348.2,3,1,263,14385,15325,144,0,1,,,,,
20261006-001214,2,348.2,4,1,263,13990,15373,22,0,1,,,,,
20261006-001214,3,368.1,1,1,170,14420,15263,-128,1,0,,,,,
20261006-001214,3,368.1,2,1,170,14175,15548,31,2,0,,,,,
20261006-001214,3,368.1,3,1,170,14110,15315,149,0,1,,,,,
20261006-001214,3,368.1,4,1,170,13970,15533,78,0,1,,,,,
20261006-001214,4,387.1,1,0,76,14100,15360,163,0,1,,,,,
20261006-001214,4,387.1,2,0,76,14160,15320,-169,0,1,,,,,
20261006-001214,4,387.1,3,0,76,14160,15300,-166,0,1,,,,,
20261006-001214,4,387.1,4,0,76,14123,15320,178,0,1,,,,,
20261006-001214,5,415.3,1,,,12148,15258,168,0,1,,,,,
20261006-001214,5,415.3,2,,,12490,15435,-34,4,0,,,,,
20261006-001214,5,415.3,3,,,11995,15370,115,0,1,,,,,
20261006-001214,5,415.3,4,,,12060,15415,96,0,1,,,,,
20261006-002451,1,330.9,1,0,135,11775,17135,-60,4,0,,,,,
20261006-002451,1,330.9,2,0,135,12665,17175,74,4,0,,,,,
20261006-002451,1,330.9,3,0,135,12638,16965,46,4,0,,,,,
20261006-002451,1,330.9,4,0,135,12390,16920,9,3,0,,,,,
20261006-002451,2,351.0,1,0,116,12620,17010,-87,4,0,,,,,
20261006-002451,2,351.0,2,0,116,12543,17013,-98,0,1,,,,,
20261006-002451,2,351.0,3,0,116,12500,17045,-104,0,1,,,,,
20261006-002451,2,351.0,4,0,116,12758,15878,-106,0,1,,,,,
20261006-002451,3,367.6,1,1,187,12438,17538,1,4,0,,,,,
20261006-002451,3,367.6,2,1,187,12635,17123,-129,0,1,,,,,
20261006-002451,3,367.6,3,1,187,12188,17158,128,0,1,,,,,
20261006-002451,3,367.6,4,1,187,12490,17435,-23,4,0,,,,,
20261006-002451,4,386.5,1,1,149,12405,17045,-122,0,1,,,,,
20261006-002451,4,386.5,2,1,149,12465,17288,-67,2,0,,,,,
20261006-002451,4,386.5,3,1,149,12375,16995,-126,0,1,,,,,
20261006-002451,4,386.5,4,1,149,12418,17173,-122,0,1,,,,,
20261006-002451,5,414.8,1,1,291,12023,15483,-157,0,1,,,,,
20261006-002451,5,414.8,2,1,291,12303,15128,-4,4,0,,,,,
20261006-002451,5,414.8,3,1,291,12320,15065,-6,4,0,,,,,
20261006-002451,5,414.8,4,1,291,12375,15135,12,4,0,,,,,
20261006-005515,1,318.9,1,0,590,11545,13603,-19,4,0,,,,,
20261006-005515,1,318.9,2,0,590,11650,13850,-9,4,0,,,,,
20261006-005515,1,318.9,3,0,590,11543,13808,3,3,0,,,,,
20261006-005515,1,318.9,4,0,590,11165,13973,50,4,0,,,,,
20261006-005515,2,339.3,1,,75,11518,13773,-137,0,1,,,,,
20261006-005515,2,339.3,2,,75,11490,13650,-137,0,1,,,,,
20261006-005515,2,339.3,3,,75,11510,13645,-144,0,1,,,,,
20261006-005515,2,339.3,4,,75,11443,13713,-122,0,1,,,,,
20261006-005515,3,356.3,1,1,169,11598,13748,152,1,0,,,,,
20261006-005515,3,356.3,2,1,169,11268,13695,-137,2,0,,,,,
20261006-005515,3,356.3,3,1,169,11485,13250,10,1,0,,,,,
20261006-005515,3,356.3,4,1,169,11460,13210,3,0,1,,,,,
20261006-005515,4,375.0,1,1,159,11450,13823,-84,3,0,,,,,
20261006-005515,4,375.0,2,1,159,11555,13655,-115,0,1,,,,,
20261006-005515,4,375.0,3,1,159,11515,13650,-105,0,1,,,,,
20261006-005515,4,375.0,4,1,159,11663,13630,-139,0,1,,,,,
20261006-005515,5,403.1,1,1,325,12445,15160,23,4,0,,,,,
20261006-005515,5,403.1,2,1,325,12418,15080,8,4,0,,,,,
20261006-005515,5,403.1,3,1,325,11990,15070,-73,4,0,,,,,
20261006-005515,5,403.1,4,1,325,11950,15110,-82,4,0,,,,,
20261006-010653,1,330.1,1,0,361,11535,17105,28,4,0,,,,,
20261006-010653,1,330.1,2,0,361,11238,17433,100,0,1,,,,,
20261006-010653,1,330.1,3,0,361,11510,16695,-31,4,0,,,,,
20261006-010653,1,330.1,4,0,361,11330,16905,-26,3,0,,,,,
20261006-010653,2,350.4,1,1,99,11275,16795,134,0,1,,,,,
20261006-010653,2,350.4,2,1,99,11290,16848,142,0,1,,,,,
20261006-010653,2,350.4,3,1,99,11298,16843,144,0,1,,,,,
20261006-010653,2,350.4,4,1,99,11278,16720,130,0,1,,,,,
20261006-010653,3,367.0,1,1,106,11408,17183,-131,0,1,,,,,
20261006-010653,3,367.0,2,1,106,11203,16775,109,0,1,,,,,
20261006-010653,3,367.0,3,1,106,10970,17080,4,4,0,,,,,
20261006-010653,3,367.0,4,1,106,11423,17050,-161,0,1,,,,,
20261006-010653,4,386.1,1,1,387,10890,16420,-108,1,0,,,,,
20261006-010653,4,386.1,2,1,387,10890,16620,-118,2,0,,,,,
20261006-010653,4,386.1,3,1,387,11355,17345,68,1,0,,,,,
20261006-010653,4,386.1,4,1,387,11683,16633,-32,4,0,,,,,
20261006-010653,5,414.0,1,1,150,10018,15608,-147,0,1,,,,,
20261006-010653,5,414.0,2,1,150,9790,15155,-1,4,0,,,,,
20261006-010653,5,414.0,3,1,150,9950,15215,22,4,0,,,,,
20261006-010653,5,414.0,4,1,150,10025,15515,-157,0,1,,,,,
20261006-223141,1,338.4,1,0,558,11505,13705,2,4,0,,,,,
20261006-223141,1,338.4,2,0,558,11108,14008,88,4,0,,,,,
20261006-223141,1,338.4,3,0,558,10923,13800,133,0,1,,,,,
20261006-223141,1,338.4,4,0,558,11470,13618,-12,4,0,,,,,
20261006-223141,2,358.6,1,0,77,11090,13900,-128,0,1,,,,,
20261006-223141,2,358.6,2,0,77,11135,13883,-137,0,1,,,,,
20261006-223141,2,358.6,3,0,77,11100,13920,-132,0,1,,,,,
20261006-223141,2,358.6,4,0,77,10965,13735,-84,4,0,,,,,
20261006-223141,3,375.2,1,1,117,11390,13570,167,0,1,,,,,
20261006-223141,3,375.2,2,1,117,11345,13460,136,1,0,,,,,
20261006-223141,3,375.2,3,1,117,11210,13898,-97,0,1,,,,,
20261006-223141,3,375.2,4,1,117,10905,13675,-11,4,0,,,,,
20261006-223141,4,394.4,1,1,82,11530,14045,25,3,0,,,,,
20261006-223141,4,394.4,2,1,82,11130,13570,-154,2,0,,,,,
20261006-223141,4,394.4,3,1,82,11010,13668,141,3,0,,,,,
20261006-223141,4,394.4,4,1,82,11040,13673,134,4,0,,,,,
20261006-223141,5,422.8,1,1,307,10145,14188,-168,0,1,,,,,
20261006-223141,5,422.8,2,1,307,10575,14048,77,4,0,,,,,
20261006-223141,5,422.8,3,1,307,10378,13763,6,4,0,,,,,
20261006-223141,5,422.8,4,1,307,10700,14050,74,4,0,,,,,
20261006-223141,6,444.2,1,1,199,10408,14275,138,0,1,,,,,
20261006-223141,6,444.2,2,1,199,10405,14245,135,0,1,,,,,
20261006-223141,6,444.2,3,1,199,10270,14220,164,0,1,,,,,
20261006-223141,6,444.2,4,1,199,10290,14318,162,0,1,,,,,
20261006-225342,1,334.3,1,,,12508,17038,-110,0,1,,,,,
20261006-225342,1,334.3,2,,,12780,16930,-57,4,0,,,,,
20261006-225342,1,334.3,3,,,12878,16870,-44,4,0,,,,,
20261006-225342,1,334.3,4,,,12638,16873,-79,4,0,,,,,
20261006-225342,2,354.6,1,0,177,12675,17070,158,0,1,,,,,
20261006-225342,2,354.6,2,0,177,12678,17363,33,4,0,,,,,
20261006-225342,2,354.6,3,0,177,12528,17048,132,0,1,,,,,
20261006-225342,2,354.6,4,0,177,12833,17090,-154,0,1,,,,,
20261006-225342,3,371.2,1,0,204,12603,17048,151,0,1,,,,,
20261006-225342,3,371.2,2,0,204,12738,17540,7,4,0,,,,,
20261006-225342,3,371.2,3,0,204,12575,17113,135,0,1,,,,,
20261006-225342,3,371.2,4,0,204,12750,17470,4,4,0,,,,,
20261006-225342,4,390.4,1,1,61,12780,17095,137,0,1,,,,,
20261006-225342,4,390.4,2,1,61,13038,17045,-180,0,1,,,,,
20261006-225342,4,390.4,3,1,61,13030,17113,-169,0,1,,,,,
20261006-225342,4,390.4,4,1,61,12675,17008,110,0,1,,,,,
20261006-225342,5,419.2,1,1,351,13133,15063,4,4,0,,,,,
20261006-225342,5,419.2,2,1,351,13565,15225,86,4,0,,,,,
20261006-225342,5,419.2,3,1,351,13615,15258,102,0,1,,,,,
20261006-225342,5,419.2,4,1,351,13358,15533,-101,0,1,,,,,
20261006-225342,6,440.4,1,1,171,13470,15420,130,0,1,,,,,
20261006-225342,6,440.4,2,1,171,13770,15390,73,2,0,,,,,
20261006-225342,6,440.4,3,1,171,13733,15465,89,1,0,,,,,
20261006-225342,6,440.4,4,1,171,13725,15615,112,0,1,,,,,
20261006-230725,1,306.1,1,,308,13690,16170,40,4,0,,,,,
20261006-230725,1,306.1,2,,308,13615,16240,25,4,0,,,,,
20261006-230725,1,306.1,3,,308,13828,16218,62,4,0,,,,,
20261006-230725,1,306.1,4,,308,13928,15945,72,3,0,,,,,
20261006-230725,2,326.1,1,0,27,13573,16260,173,1,0,,,,,
20261006-230725,2,326.1,2,0,27,13723,16390,179,2,0,,,,,
20261006-230725,2,326.1,3,0,27,13873,16478,-95,0,1,,,,,
20261006-230725,2,326.1,4,0,27,13743,16270,-161,0,1,,,,,
20261006-230725,3,345.9,1,,221,13805,16680,11,3,0,,,,,
20261006-230725,3,345.9,2,,221,13595,16380,124,2,0,,,,,
20261006-230725,3,345.9,3,,221,13718,16435,130,3,0,,,,,
20261006-230725,3,345.9,4,,221,13940,16180,-159,4,0,,,,,
20261006-230725,4,364.5,1,1,228,13850,16340,38,4,0,,,,,
20261006-230725,4,364.5,2,1,228,13610,16275,-11,3,0,,,,,
20261006-230725,4,364.5,3,1,228,13698,16368,-10,1,0,,,,,
20261006-230725,4,364.5,4,1,228,13585,16325,-21,0,1,,,,,
20261006-230725,5,392.8,1,1,300,13730,16280,-12,4,0,,,,,
20261006-230725,5,392.8,2,1,300,13470,16475,-74,4,0,,,,,
20261006-230725,5,392.8,3,1,300,13575,16613,-101,0,1,,,,,
20261006-230725,5,392.8,4,1,300,13525,16543,-85,4,0,,,,,
20261006-230725,6,414.2,1,0,158,13705,16310,-131,0,1,,,,,
20261006-230725,6,414.2,2,0,158,14020,16598,13,4,0,,,,,
20261006-230725,6,414.2,3,0,158,13840,16280,-97,0,1,,,,,
20261006-230725,6,414.2,4,0,158,13820,16320,-101,0,1,,,,,
20261006-232143,1,326.1,1,0,310,10850,13710,97,0,1,,,,,
20261006-232143,1,326.1,2,0,310,11170,13875,36,4,0,,,,,
20261006-232143,1,326.1,3,0,310,11060,13843,58,3,0,,,,,
20261006-232143,1,326.1,4,0,310,11200,13845,31,2,0,,,,,
20261006-232143,2,346.3,1,0,173,11200,13855,136,0,1,,,,,
20261006-232143,2,346.3,2,0,173,11425,13565,32,4,0,,,,,
20261006-232143,2,346.3,3,0,173,11305,13845,113,0,1,,,,,
20261006-232143,2,346.3,4,0,173,11113,13700,176,0,1,,,,,
20261006-232143,3,362.7,1,,206,11630,13563,6,4,0,,,,,
20261006-232143,3,362.7,2,,206,11568,13600,11,4,0,,,,,
20261006-232143,3,362.7,3,,206,11305,13873,85,4,0,,,,,
20261006-232143,3,362.7,4,,206,10985,13703,166,0,1,,,,,
20261006-232143,4,381.7,1,1,29,11720,13700,172,0,1,,,,,
20261006-232143,4,381.7,2,1,29,11335,13560,142,2,0,,,,,
20261006-232143,4,381.7,3,1,29,11388,13698,-166,0,1,,,,,
20261006-232143,4,381.7,4,1,29,11130,13730,-76,0,1,,,,,
20261006-232143,5,410.3,1,1,213,12375,15483,-103,0,1,,,,,
20261006-232143,5,410.3,2,1,213,12305,15048,12,4,0,,,,,
20261006-232143,5,410.3,3,1,213,12663,15368,-165,0,1,,,,,
20261006-232143,5,410.3,4,1,213,12195,15035,0,3,0,,,,,
20261006-232143,6,431.4,1,1,296,12575,15070,84,4,0,,,,,
20261006-232143,6,431.4,2,1,296,12438,14893,122,0,1,,,,,
20261006-232143,6,431.4,3,1,296,12640,14868,129,0,1,,,,,
20261006-232143,6,431.4,4,1,296,12408,14818,133,0,1,,,,,
20261006-234919,2,369.4,1,,95,13090,16950,-163,0,1,,,,,
20261006-234919,2,369.4,2,,95,13100,16860,-151,0,1,,,,,
20261006-234919,2,369.4,3,,95,13235,17220,118,1,0,,,,,
20261006-234919,2,369.4,4,,95,13210,16970,-147,0,1,,,,,
20261006-234919,3,386.0,1,1,122,13013,17083,86,3,0,,,,,
20261006-234919,3,386.0,2,1,122,12995,17000,98,0,1,,,,,
20261006-234919,3,386.0,3,1,122,13640,16963,-131,0,1,,,,,
20261006-234919,3,386.0,4,1,122,13553,16953,-141,0,1,,,,,
20261006-234919,4,404.8,1,1,99,13363,16920,112,0,1,,,,,
20261006-234919,4,404.8,2,1,99,13385,17040,134,0,1,,,,,
20261006-234919,4,404.8,3,1,99,13248,17058,56,1,0,,,,,
20261006-234919,4,404.8,4,1,99,13295,16775,99,0,1,,,,,