log_id,tick_s,holder_at_tick,result,new_holder,previous_holder,previous_end_cause,seconds_since_previous_end,players_up
20260930-211921,2.5,Player-DDA6,held,,Player-89AD,expired,56.098,10
20260930-211921,22.5,,APPLIED,Player-BCA0,Player-DDA6,expired,9.302,10
20260930-211921,42.5,Player-BCA0,held,,Player-DDA6,expired,29.302,9
20260930-211921,62.5,Player-BCA0,held,,Player-DDA6,expired,49.302,5
20260930-211921,82.5,Player-BCA0,held,,Player-DDA6,expired,69.302,2
20260930-214712,2.5,Player-74C1,held,,Player-1BA4,expired,46.262,10
20260930-214712,22.5,,SKIPPED,,Player-74C1,expired,2.48,10
20260930-214712,42.5,,APPLIED,Player-BCA0,Player-74C1,expired,22.48,6
20260930-214712,62.5,,SKIPPED,,Player-BCA0,down,8.976,4
20260930-230802,2.5,Player-470E,held,,Player-DE24,down,61.498,10
20260930-230802,22.5,,APPLIED,Player-470E,Player-470E,expired,18.628,7
20260930-230802,42.5,,SKIPPED,,Player-470E,down,5.94,0
20260930-233450,2.5,Player-FBAD,held,,Player-74C1,expired,40.94,10
20260930-233450,22.5,,APPLIED,Player-FBAD,Player-FBAD,stealth,2.132,10
20260930-233450,42.5,Player-FBAD,held,,Player-FBAD,stealth,22.132,8
20260930-234618,2.5,Player-1B8E,held,,Player-470E,expired,50.936,10
20260930-234618,22.5,,SKIPPED,,Player-1B8E,expired,3.504,10
20260930-234618,42.5,,APPLIED,Player-F494,Player-1B8E,expired,23.504,10
20260930-234618,62.5,Player-F494,held,,Player-1B8E,expired,43.504,10
20261001-195456,2.5,Player-C2E3,held,,Player-C2E3,expired,53.056,10
20261001-195456,22.5,,SKIPPED,,Player-C2E3,expired,4.824,9
20261001-201030,2.5,,APPLIED,Player-1B8E,Player-74C1,expired,24.744,10
20261001-201030,22.5,Player-1B8E,held,,Player-74C1,expired,44.744,10
20261001-201030,42.5,,APPLIED,Player-FBAD,Player-1B8E,down,1.502,8
20261001-201030,62.5,,APPLIED,Player-F494,Player-FBAD,down,17.976,5
20261001-210120,2.5,Player-FBAD,held,,Player-74C1,expired,49.78,10
20261001-210120,22.5,,APPLIED,Player-DE24,Player-FBAD,expired,1.066,10
20261001-210120,42.5,,APPLIED,Player-F494,Player-DE24,down,0.976,7
20261001-210120,62.5,,SKIPPED,,Player-F494,down,17.98,4
20261001-213946,2.5,Player-1B8E,held,,Player-DDA6,expired,52.578,10
20261001-213946,22.5,,SKIPPED,,Player-1B8E,expired,3.82,10
20261001-213946,42.5,,APPLIED,Player-74C1,Player-1B8E,expired,23.82,10
20261001-213946,62.5,Player-74C1,held,,Player-1B8E,expired,43.82,10
20261001-223543,2.5,Player-74C1,held,,Player-DE24,expired,54.222,10
20261001-223543,22.5,,SKIPPED,,Player-74C1,expired,8.584,10
20261001-223543,42.5,,APPLIED,Player-BCA0,Player-74C1,expired,28.584,10
20261001-223543,62.5,Player-BCA0,held,,Player-74C1,expired,48.584,10
20261001-223543,82.5,Player-BCA0,held,,Player-74C1,expired,68.584,4
20261002-225404,2.5,Player-258F,held,,Player-1B8E,expired,64.9,10
20261002-225404,22.5,,SKIPPED,,Player-258F,expired,15.26,10
20261002-225404,42.5,,APPLIED,Player-F494,Player-258F,expired,35.26,10
20261002-225404,62.5,,SKIPPED,,Player-F494,down,2.977,9
20261002-225404,82.5,,SKIPPED,,Player-F494,down,22.977,10
20261002-232932,2.5,,APPLIED,Player-F494,Player-1B8E,down,38.298,10
20261002-232932,22.5,Player-F494,held,,Player-1B8E,down,58.298,10
20261002-232932,42.5,Player-F494,held,,Player-1B8E,down,78.298,9
20261003-153810,2.5,,APPLIED,Player-CC68,Player-A866,expired,21.19,10
20261003-153810,22.5,Player-CC68,held,,Player-A866,expired,41.19,9
20261003-165843,2.5,,APPLIED,Player-BBC8,Player-DDA6,expired,47.06,10
20261003-165843,22.5,Player-BBC8,held,,Player-DDA6,expired,67.06,10
20261003-165843,42.5,,APPLIED,Player-8F17,Player-BBC8,down,0.584,8
20261003-165843,62.5,,SKIPPED,,Player-8F17,down,8.98,9
20261003-165843,82.5,,APPLIED,Player-5112,Player-8F17,down,28.98,9
20261003-174507,2.5,Player-8F17,held,,Player-5112,expired,62.058,10
20261003-174507,22.5,,SKIPPED,,Player-8F17,expired,10.104,10
20261003-174507,42.5,,APPLIED,Player-BBC8,Player-8F17,expired,30.104,6
20261003-175607,2.5,,APPLIED,Player-BBC8,Player-BCA0,expired,19.42,10
20261003-175607,22.5,Player-BBC8,held,,Player-BCA0,expired,39.42,10
20261003-175607,42.5,Player-BBC8,held,,Player-BCA0,expired,59.42,9
20261003-175607,62.5,Player-BBC8,held,,Player-BCA0,expired,79.42,10
20261003-175607,82.5,,SKIPPED,,Player-BBC8,expired,19.99,10
20261003-211223,2.5,,APPLIED,Player-C842,Player-FAE3,expired,29.494,10
20261003-211223,22.5,Player-C842,held,,Player-FAE3,expired,49.494,9
20261003-211223,42.5,Player-C842,held,,Player-FAE3,expired,69.494,10
20261003-211223,62.5,Player-C842,held,,Player-FAE3,expired,89.494,9
20261003-220139,2.5,,APPLIED,Player-1172,Player-82BE,other,34.34,10
20261003-220139,22.5,Player-1172,held,,Player-82BE,other,54.34,9
20261003-220139,42.5,Player-1172,held,,Player-82BE,other,74.34,8
20261003-220139,62.5,Player-1172,held,,Player-82BE,other,94.34,8
20261003-220139,82.5,,APPLIED,Player-1172,Player-1172,expired,19.98,3
20261003-222355,2.5,,APPLIED,Player-BCA0,Player-C2E3,down,42.3,10
20261003-222355,22.5,Player-BCA0,held,,Player-C2E3,down,62.3,10
20261003-222355,42.5,Player-BCA0,held,,Player-C2E3,down,82.3,10
20261003-222355,62.5,Player-BCA0,held,,Player-C2E3,down,102.3,10
20261003-222355,82.5,,SKIPPED,,Player-BCA0,expired,19.982,9
20261003-234425,2.5,,APPLIED,Player-1172,Player-858A,expired,43.42,10
20261003-234425,22.5,Player-1172,held,,Player-858A,expired,63.42,10
20261003-234425,42.5,,APPLIED,Player-80A0,Player-1172,other,8.946,10
20261003-234425,62.5,Player-80A0,held,,Player-1172,other,28.946,8
20261003-234425,82.5,Player-80A0,held,,Player-1172,other,48.946,7
20261004-154121,2.5,,APPLIED,Player-E1F6,Player-75E4,expired,14.018,10
20261004-154121,22.5,Player-E1F6,held,,Player-75E4,expired,34.018,10
20261004-154121,42.5,,APPLIED,Player-12E6,Player-E1F6,down,6.968,4
20261004-155218,2.5,,APPLIED,Player-12E6,Player-12E6,expired,3.898,10
20261004-155218,22.5,Player-12E6,held,,Player-12E6,expired,23.898,10
20261004-155218,42.5,Player-12E6,held,,Player-12E6,expired,43.898,10
20261004-155218,62.5,Player-12E6,held,,Player-12E6,expired,63.898,10
20261004-155218,82.5,,APPLIED,Player-6FCB,Player-12E6,expired,19.982,2
20261004-160448,2.5,Player-E1F6,held,,Player-DDA6,down,53.812,10
20261004-160448,22.5,Player-E1F6,held,,Player-DDA6,down,73.812,10
20261004-160448,42.5,,APPLIED,Player-C516,Player-E1F6,expired,17.222,9
20261004-160448,62.5,,APPLIED,Player-5B2B,Player-C516,down,1.624,7
20261004-160448,82.5,,SKIPPED,,Player-5B2B,down,16.972,1
20261004-161448,2.5,Player-6FCB,held,,Player-5B2B,down,41.02,10
20261004-161448,22.5,Player-6FCB,held,,Player-5B2B,down,61.02,8
20261004-161448,42.5,,APPLIED,Player-75E4,Player-6FCB,expired,18.794,7
20261004-163454,2.5,,APPLIED,Player-75E4,Player-C516,expired,24.732,10
20261004-163454,22.5,Player-75E4,held,,Player-C516,expired,44.732,10
20261004-163454,42.5,Player-75E4,held,,Player-C516,expired,64.732,9
20261004-163454,62.5,,SKIPPED,,Player-75E4,down,17.86,8
20261004-163454,82.5,,APPLIED,Player-6FCB,Player-75E4,down,37.86,8
20261004-165754,2.5,Player-12E6,held,,Player-C8B7,down,54.42,10
20261004-165754,22.5,,APPLIED,Player-5B2B,Player-12E6,expired,11.586,10
20261004-165754,42.5,,APPLIED,Player-12E6,Player-5B2B,down,0.46,8
20261004-165754,62.5,Player-12E6,held,,Player-5B2B,down,20.46,6
20261004-165754,82.5,,APPLIED,Player-E1F6,Player-12E6,down,16.984,3
20261004-223752,2.5,Player-BCA0,held,,Player-BCA0,expired,48.056,10
20261004-223752,22.5,Player-BCA0,held,,Player-BCA0,expired,68.056,9
20261004-223752,42.5,,SKIPPED,,Player-BCA0,expired,19.87,4
20261004-234835,2.5,Player-A8CF,held,,Player-F22C,expired,65.9,10
20261004-234835,22.5,,SKIPPED,,Player-A8CF,expired,17.868,8
20261004-234835,42.5,,APPLIED,Player-F22C,Player-A8CF,expired,37.868,9
20261004-234835,62.5,Player-F22C,held,,Player-A8CF,expired,57.868,7
20261004-234835,82.5,,APPLIED,Player-BCA0,Player-F22C,down,11.51,1
20261005-001631,2.5,,APPLIED,Player-FBAD,Player-A8CF,down,49.18,10
20261005-001631,22.5,Player-FBAD,held,,Player-A8CF,down,69.18,10
20261005-001631,42.5,Player-FBAD,held,,Player-A8CF,down,89.18,10
20261005-001631,62.5,Player-FBAD,held,,Player-A8CF,down,109.18,10
20261005-001631,82.5,,APPLIED,Player-DDA6,Player-FBAD,expired,19.978,3
20261005-145748,2.5,Player-3803,held,,Player-2F7A,expired,67.382,10
20261005-145748,22.5,,SKIPPED,,Player-3803,expired,17.148,10
20261005-145748,42.5,,APPLIED,Player-BCA0,Player-3803,expired,37.148,10
20261005-145748,62.5,Player-BCA0,held,,Player-3803,expired,57.148,10
20261005-220403,2.5,,APPLIED,Player-BCA0,Player-1FB1,expired,25.816,10
20261005-220403,22.5,,SKIPPED,,Player-BCA0,down,1.452,3
20261005-220403,42.5,,APPLIED,Player-1BA4,Player-BCA0,down,21.452,10
20261005-220403,62.5,Player-1BA4,held,,Player-BCA0,down,41.452,10
20261005-220403,82.5,,APPLIED,Player-DDA6,Player-1BA4,down,16.98,4
20261006-010653,2.5,Player-D751,held,,Player-FBAD,expired,49.262,10
20261006-010653,22.5,,APPLIED,Player-010B,Player-D751,expired,0.984,10
20261006-010653,42.5,Player-010B,held,,Player-D751,expired,20.984,10
20261006-010653,62.5,Player-010B,held,,Player-D751,expired,40.984,10
20261006-010653,82.5,Player-010B,held,,Player-D751,expired,60.984,6
20261006-223141,2.5,Player-FBAD,held,,Player-8FDE,down,56.462,10
20261006-223141,22.5,,APPLIED,Player-704B,Player-FBAD,expired,13.982,10
20261006-223141,42.5,,APPLIED,Player-89AD,Player-704B,down,15.748,9
20261006-223141,62.5,Player-89AD,held,,Player-704B,down,35.748,9
20261006-225342,2.5,,APPLIED,Player-DDA6,Player-258F,expired,27.14,10
20261006-225342,22.5,Player-DDA6,held,,Player-258F,expired,47.14,9
20261006-225342,42.5,Player-DDA6,held,,Player-258F,expired,67.14,10
20261006-225342,62.5,Player-DDA6,held,,Player-258F,expired,87.14,10
20261006-225342,82.5,,SKIPPED,,Player-DDA6,expired,19.986,9
20261006-230725,2.5,,APPLIED,Player-704B,Player-BCA0,expired,53.786,10
20261006-230725,22.5,Player-704B,held,,Player-BCA0,expired,73.786,10
20261006-230725,42.5,Player-704B,held,,Player-BCA0,expired,93.786,10
20261006-230725,62.5,Player-704B,held,,Player-BCA0,expired,113.786,10
20261006-232143,2.5,Player-BCA0,held,,Player-A775,down,48.904,10
20261006-232143,22.5,,SKIPPED,,Player-BCA0,expired,5.662,8
20261006-232143,42.5,,APPLIED,Player-89AD,Player-BCA0,expired,25.662,9
20261006-232143,62.5,Player-89AD,held,,Player-BCA0,expired,45.662,9
20261006-232143,82.5,Player-89AD,held,,Player-BCA0,expired,65.662,9
014037-fixed_dpsreport,2.5,,APPLIED,Player-D34A,Player-0BF9,expired,34.094,10
014037-fixed_dpsreport,22.5,Player-D34A,held,,Player-0BF9,expired,54.094,10
014037-fixed_dpsreport,42.5,,SKIPPED,,Player-D34A,down,0.972,9
014037-fixed_dpsreport,62.5,,APPLIED,Player-B5C2,Player-D34A,down,20.972,10
050224_dpsreport,2.5,Player-A92E,held,,Player-91C1,stealth,52.576,10
050224_dpsreport,22.5,,SKIPPED,,Player-A92E,stealth,7.422,10
050224_dpsreport,42.5,,APPLIED,Player-E9DE,Player-A92E,stealth,27.422,10
050224_dpsreport,62.5,,APPLIED,Player-3896,Player-E9DE,stealth,11.104,10
20261002-005256_dpsreport,2.5,,APPLIED,Player-BC75,Player-44A2,expired,14.15,10
20261002-005256_dpsreport,22.5,Player-BC75,held,,Player-44A2,expired,34.15,10
20261002-005256_dpsreport,42.5,Player-BC75,held,,Player-44A2,expired,54.15,10
20261002-005256_dpsreport,62.5,Player-BC75,held,,Player-44A2,expired,74.15,9
20261002-010435_dpsreport,2.5,,APPLIED,Player-BC75,Player-247A,expired,28.454,10
20261002-010435_dpsreport,22.5,Player-BC75,held,,Player-247A,expired,48.454,10
20261002-010435_dpsreport,42.5,Player-BC75,held,,Player-247A,expired,68.454,10
20261002-010435_dpsreport,62.5,Player-BC75,held,,Player-247A,expired,88.454,10
220703_Account-E5E7_dpsreport,2.5,,APPLIED,Player-8018,Player-8018,expired,34.636,10
220703_Account-E5E7_dpsreport,22.5,Player-8018,held,,Player-8018,expired,54.636,10
220703_Account-E5E7_dpsreport,42.5,Player-8018,held,,Player-8018,expired,74.636,10
220703_Account-E5E7_dpsreport,62.5,Player-8018,held,,Player-8018,expired,94.636,10
224233_dpsreport,2.5,Player-F6E3,held,,Player-91F4,expired,66.81,10
224233_dpsreport,22.5,,APPLIED,Player-46CC,Player-F6E3,expired,17.81,10
224233_dpsreport,42.5,Player-46CC,held,,Player-F6E3,expired,37.81,10
224233_dpsreport,62.5,Player-46CC,held,,Player-F6E3,expired,57.81,10
wingman_005f1-20261001-215126_noe_kill,2.5,,APPLIED,Player-950D,Player-1A64,expired,3.38,10
wingman_005f1-20261001-215126_noe_kill,22.5,Player-950D,held,,Player-1A64,expired,23.38,10
wingman_005f1-20261001-215126_noe_kill,42.5,Player-950D,held,,Player-1A64,expired,43.38,9
wingman_005f1-20261001-215126_noe_kill,62.5,Player-950D,held,,Player-1A64,expired,63.38,10
wingman_005f1-20261001-215126_noe_kill,82.5,,SKIPPED,,Player-950D,expired,19.984,10
wingman_081e5-Account-81AD_20261001-210656_noe_kill,2.5,,APPLIED,Player-0BF9,Player-903A,expired,28.26,10
wingman_081e5-Account-81AD_20261001-210656_noe_kill,22.5,Player-0BF9,held,,Player-903A,expired,48.26,10
wingman_081e5-Account-81AD_20261001-210656_noe_kill,42.5,Player-0BF9,held,,Player-903A,expired,68.26,9
wingman_081e5-Account-81AD_20261001-210656_noe_kill,62.5,Player-0BF9,held,,Player-903A,expired,88.26,9
wingman_0893f-20261006-224122_noe_kill,2.5,,APPLIED,Player-582B,Player-247A,stealth,28.066,10
wingman_0893f-20261006-224122_noe_kill,22.5,Player-582B,held,,Player-247A,stealth,48.066,10
wingman_0893f-20261006-224122_noe_kill,42.5,Player-582B,held,,Player-247A,stealth,68.066,10
wingman_0893f-20261006-224122_noe_kill,62.5,Player-582B,held,,Player-247A,stealth,88.066,10
wingman_14de4-20261004-011214_noe_kill,2.5,Player-EAD0,held,,Player-58F8,expired,52.786,10
wingman_14de4-20261004-011214_noe_kill,22.5,,SKIPPED,,Player-EAD0,expired,4.152,10
wingman_14de4-20261004-011214_noe_kill,42.5,,APPLIED,Player-EAD0,Player-EAD0,expired,24.152,10
wingman_15e32-20261005-154659_noe_kill,2.5,Player-C072,held,,Player-BA09,expired,51.128,10
wingman_15e32-20261005-154659_noe_kill,22.5,,SKIPPED,,Player-C072,expired,3.094,10
wingman_15e32-20261005-154659_noe_kill,42.5,,APPLIED,Player-13B0,Player-C072,expired,23.094,10
wingman_15e32-20261005-154659_noe_kill,62.5,Player-13B0,held,,Player-C072,expired,43.094,10
wingman_1f564-20260930-164742_noe_fail,2.5,,APPLIED,Player-ACE4,Player-9B43,expired,25.436,10
wingman_1f564-20260930-164742_noe_fail,22.5,,SKIPPED,,Player-ACE4,down,1.992,8
wingman_1f564-20260930-164742_noe_fail,42.5,,APPLIED,Player-A65F,Player-ACE4,down,21.992,3
wingman_1fa32-20261004-213126_noe_kill,2.5,Player-0346,held,,Player-7AF1,stealth,64.494,10
wingman_1fa32-20261004-213126_noe_kill,22.5,,SKIPPED,,Player-0346,expired,12.776,10
wingman_1fa32-20261004-213126_noe_kill,42.5,,APPLIED,Player-463D,Player-0346,expired,32.776,10
wingman_1fa32-20261004-213126_noe_kill,62.5,Player-463D,held,,Player-0346,expired,52.776,10
wingman_202f1-20261002-212232_noe_kill,2.5,,APPLIED,Player-9381,Player-484B,other,4.176,10
wingman_202f1-20261002-212232_noe_kill,22.5,,APPLIED,Player-82C1,Player-9381,stealth,5.62,10
wingman_202f1-20261002-212232_noe_kill,42.5,Player-82C1,held,,Player-9381,stealth,25.62,10
wingman_202f1-20261002-212232_noe_kill,62.5,Player-82C1,held,,Player-9381,stealth,45.62,10
wingman_22ade-20261004-165755_noe_kill,2.5,,APPLIED,Player-69D5,Player-4023,expired,1.18,10
wingman_22ade-20261004-165755_noe_kill,22.5,Player-69D5,held,,Player-4023,expired,21.18,7
wingman_22ade-20261004-165755_noe_kill,42.5,Player-69D5,held,,Player-4023,expired,41.18,9
wingman_22ade-20261004-165755_noe_kill,62.5,,APPLIED,Player-C967,Player-69D5,down,19.064,9
wingman_23819-20261004-223108_noe_kill,2.5,,APPLIED,Player-4023,Player-8F3F,expired,36.494,10
wingman_23819-20261004-223108_noe_kill,22.5,Player-4023,held,,Player-8F3F,expired,56.494,10
wingman_23819-20261004-223108_noe_kill,42.5,,APPLIED,Player-1DE9,Player-4023,stealth,9.92,10
wingman_23f47-Account-013D_20261002-004636_noe_kill,2.5,Player-1C9D,held,,Player-5652,stealth,52.494,10
wingman_23f47-Account-013D_20261002-004636_noe_kill,22.5,Player-1C9D,held,,Player-5652,stealth,72.494,9
wingman_23f47-Account-013D_20261002-004636_noe_kill,42.5,,APPLIED,Player-1C9D,Player-1C9D,expired,12.344,10
wingman_23f47-Account-013D_20261002-004636_noe_kill,62.5,Player-1C9D,held,,Player-1C9D,expired,32.344,10
wingman_2ca3c-20261004-215302_noe_kill,2.5,Player-2E32,held,,Player-365D,expired,61.774,10
wingman_2ca3c-20261004-215302_noe_kill,22.5,,SKIPPED,,Player-2E32,expired,14.422,10
wingman_2ca3c-20261004-215302_noe_kill,42.5,,APPLIED,Player-BA71,Player-2E32,expired,34.422,10
wingman_2ca3c-20261004-215302_noe_kill,62.5,Player-BA71,held,,Player-2E32,expired,54.422,10
wingman_3273c-20261001-011226_noe_fail,2.5,,APPLIED,Player-582B,Player-44A2,expired,28.42,10
wingman_3273c-20261001-011226_noe_fail,22.5,Player-582B,held,,Player-44A2,expired,48.42,10
wingman_3273c-20261001-011226_noe_fail,42.5,Player-582B,held,,Player-44A2,expired,68.42,9
wingman_3273c-20261001-011226_noe_fail,62.5,Player-582B,held,,Player-44A2,expired,88.42,7
wingman_3OrP-20261004-023256_boss,2.5,Player-BF1D,held,,Player-BD4C,expired,48.38,10
wingman_3OrP-20261004-023256_boss,22.5,,SKIPPED,,Player-BF1D,expired,2.69,10
wingman_3OrP-20261004-023256_boss,42.5,,APPLIED,Player-7726,Player-BF1D,expired,22.69,10
wingman_3OrP-20261004-023256_boss,62.5,Player-7726,held,,Player-BF1D,expired,42.69,10
wingman_3c4a4-20260930-233824_noe_fail,2.5,,APPLIED,Player-700E,Player-D488,down,38.734,10
wingman_3c4a4-20260930-233824_noe_fail,22.5,Player-700E,held,,Player-D488,down,58.734,10
wingman_3c4a4-20260930-233824_noe_fail,42.5,,APPLIED,Player-582B,Player-700E,down,0.97,5
wingman_45f7e-Account-81AD_20261004-012814_noe_kill,2.5,Player-9BAB,held,,Player-78D3,expired,63.898,10
wingman_45f7e-Account-81AD_20261004-012814_noe_kill,22.5,,SKIPPED,,Player-9BAB,expired,16.336,10
wingman_45f7e-Account-81AD_20261004-012814_noe_kill,42.5,,APPLIED,Player-2C12,Player-9BAB,expired,36.336,9
wingman_45f7e-Account-81AD_20261004-012814_noe_kill,62.5,Player-2C12,held,,Player-9BAB,expired,56.336,9
wingman_47495-Account-8B25_20261001-234602_noe_fail,2.5,,APPLIED,Player-1C9D,Player-5652,down,34.368,10
wingman_47495-Account-8B25_20261001-234602_noe_fail,22.5,Player-1C9D,held,,Player-5652,down,54.368,10
wingman_47495-Account-8B25_20261001-234602_noe_fail,42.5,Player-1C9D,held,,Player-5652,down,74.368,10
wingman_47495-Account-8B25_20261001-234602_noe_fail,62.5,Player-1C9D,held,,Player-5652,down,94.368,10
wingman_47495-Account-8B25_20261001-234602_noe_fail,82.5,,APPLIED,Player-E1EF,Player-1C9D,expired,19.982,8
wingman_47d67-20261004-012811_noe_kill,2.5,Player-68BB,held,,Player-4041,expired,47.412,10
wingman_47d67-20261004-012811_noe_kill,22.5,,SKIPPED,,Player-68BB,expired,0.062,7
wingman_47d67-20261004-012811_noe_kill,42.5,,APPLIED,Player-DCDA,Player-68BB,expired,20.062,10
wingman_47d67-20261004-012811_noe_kill,62.5,Player-DCDA,held,,Player-68BB,expired,40.062,10
wingman_4bfb1-Account-F0CC_20261004-232956_noe_kill,2.5,,APPLIED,Player-7702,Player-C794,stealth,2.934,10
wingman_4bfb1-Account-F0CC_20261004-232956_noe_kill,22.5,Player-7702,held,,Player-C794,stealth,22.934,10
wingman_4bfb1-Account-F0CC_20261004-232956_noe_kill,42.5,Player-7702,held,,Player-C794,stealth,42.934,10
wingman_4bfb1-Account-F0CC_20261004-232956_noe_kill,62.5,Player-7702,held,,Player-C794,stealth,62.934,10
wingman_4bfb1-Account-F0CC_20261004-232956_noe_kill,82.5,,SKIPPED,,Player-7702,expired,19.984,9
wingman_4c55f-20261005-181952_noe_kill,2.5,Player-6936,held,,Player-E207,expired,57.54,10
wingman_4c55f-20261005-181952_noe_kill,22.5,,APPLIED,Player-FE12,Player-6936,expired,9.176,10
wingman_4c55f-20261005-181952_noe_kill,42.5,Player-FE12,held,,Player-6936,expired,29.176,10
wingman_4c55f-20261005-181952_noe_kill,62.5,Player-FE12,held,,Player-6936,expired,49.176,10
wingman_4f111-Account-81AD_20260930-183104_noe_fail,2.5,,APPLIED,Player-A65F,Player-7267,expired,14.384,10
wingman_4f111-Account-81AD_20260930-183104_noe_fail,22.5,Player-A65F,held,,Player-7267,expired,34.384,10
wingman_4f111-Account-81AD_20260930-183104_noe_fail,42.5,,APPLIED,Player-7267,Player-A65F,down,0.976,5
wingman_4f111-Account-81AD_20260930-183104_noe_fail,62.5,,APPLIED,Player-6CD6,Player-7267,down,18.9,1
wingman_5398e-20260930-162239_noe_fail,2.5,,APPLIED,Player-8EE7,Player-A65F,down,35.774,10
wingman_5398e-20260930-162239_noe_fail,22.5,Player-8EE7,held,,Player-A65F,down,55.774,10
wingman_5398e-20260930-162239_noe_fail,42.5,,APPLIED,Player-5B9F,Player-8EE7,down,7.494,3
wingman_5771f-Account-CDD2_20261003-011714_noe_kill,2.5,Player-371E,held,,Player-9F14,expired,64.834,10
wingman_5771f-Account-CDD2_20261003-011714_noe_kill,22.5,,SKIPPED,,Player-371E,expired,18.836,10
wingman_5771f-Account-CDD2_20261003-011714_noe_kill,42.5,,APPLIED,Player-3CAD,Player-371E,expired,38.836,9
wingman_5771f-Account-CDD2_20261003-011714_noe_kill,62.5,Player-3CAD,held,,Player-371E,expired,58.836,9
wingman_5771f-Account-CDD2_20261003-011714_noe_kill,82.5,,APPLIED,Player-3CAD,Player-3CAD,stealth,15.592,5
wingman_704cb-20261003-193028_noe_kill,2.5,,APPLIED,Player-ECEC,Player-9BF2,expired,0.98,10
wingman_704cb-20261003-193028_noe_kill,22.5,Player-ECEC,held,,Player-9BF2,expired,20.98,10
wingman_704cb-20261003-193028_noe_kill,42.5,Player-ECEC,held,,Player-9BF2,expired,40.98,10
wingman_704cb-20261003-193028_noe_kill,62.5,,SKIPPED,,Player-ECEC,down,6.382,10
wingman_755ee-Account-059D_20261004-184040_noe_kill,2.5,Player-CC68,held,,Player-B055,expired,65.058,10
wingman_755ee-Account-059D_20261004-184040_noe_kill,22.5,,SKIPPED,,Player-CC68,expired,16.062,10
wingman_755ee-Account-059D_20261004-184040_noe_kill,42.5,,APPLIED,Player-1D39,Player-CC68,expired,36.062,10
wingman_755ee-Account-059D_20261004-184040_noe_kill,62.5,Player-1D39,held,,Player-CC68,expired,56.062,10
wingman_7b6a0-20261004-201330_noe_kill,2.5,,APPLIED,Player-0A54,Player-42BC,expired,17.118,10
wingman_7b6a0-20261004-201330_noe_kill,22.5,Player-0A54,held,,Player-42BC,expired,37.118,10
wingman_7b6a0-20261004-201330_noe_kill,42.5,Player-0A54,held,,Player-42BC,expired,57.118,10
wingman_7b6a0-20261004-201330_noe_kill,62.5,Player-0A54,held,,Player-42BC,expired,77.118,10
wingman_7b6a0-20261004-201330_noe_kill,82.5,,SKIPPED,,Player-0A54,expired,19.976,10
wingman_7bf41-20261006-231822_noe_kill,2.5,Player-7B16,held,,Player-5112,down,58.694,10
wingman_7bf41-20261006-231822_noe_kill,22.5,,APPLIED,Player-1FB1,Player-7B16,expired,17.462,10
wingman_7bf41-20261006-231822_noe_kill,42.5,Player-1FB1,held,,Player-7B16,expired,37.462,10
wingman_7bf41-20261006-231822_noe_kill,62.5,Player-1FB1,held,,Player-7B16,expired,57.462,10
wingman_81daf-20261002-154733_noe_kill,2.5,Player-78D3,held,,Player-ACE4,expired,44.382,10
wingman_81daf-20261002-154733_noe_kill,22.5,Player-78D3,held,,Player-ACE4,expired,64.382,10
wingman_81daf-20261002-154733_noe_kill,42.5,,SKIPPED,,Player-78D3,expired,15.788,10
wingman_81daf-20261002-154733_noe_kill,62.5,,APPLIED,Player-594D,Player-78D3,expired,35.788,10
wingman_886ff-20261004-223748_noe_kill,2.5,Player-2D33,held,,Player-2307,expired,57.658,10
wingman_886ff-20261004-223748_noe_kill,22.5,,APPLIED,Player-2E32,Player-2D33,expired,9.742,10
wingman_886ff-20261004-223748_noe_kill,42.5,Player-2E32,held,,Player-2D33,expired,29.742,10
wingman_8d411-20260930-191421_noe_fail,2.5,,APPLIED,Player-ECEC,Player-5FDF,expired,33.936,10
wingman_8d411-20260930-191421_noe_fail,22.5,,APPLIED,Player-ACE4,Player-ECEC,down,1.452,8
wingman_8d411-20260930-191421_noe_fail,42.5,,SKIPPED,,Player-ACE4,down,0.97,7
wingman_9fe05-20261002-155233_noe_kill,2.5,Player-CE71,held,,Player-ACE4,expired,45.338,10
wingman_9fe05-20261002-155233_noe_kill,22.5,Player-CE71,held,,Player-ACE4,expired,65.338,10
wingman_9fe05-20261002-155233_noe_kill,42.5,,APPLIED,Player-78D3,Player-CE71,expired,17.63,10
wingman_b139e-20261001-201501_noe_kill,2.5,,APPLIED,Player-82C1,Player-5820,expired,15.298,10
wingman_b139e-20261001-201501_noe_kill,22.5,,SKIPPED,,Player-82C1,stealth,5.298,10
wingman_b139e-20261001-201501_noe_kill,42.5,,APPLIED,Player-9381,Player-82C1,stealth,25.298,10
wingman_b139e-20261001-201501_noe_kill,62.5,Player-9381,held,,Player-82C1,stealth,45.298,10
wingman_b139e-20261001-201501_noe_kill,82.5,,APPLIED,Player-484B,Player-9381,down,11.5,9
wingman_bf5ea-20261004-210412_noe_kill,2.5,,APPLIED,Player-8F3F,Player-69D5,expired,27.772,10
wingman_bf5ea-20261004-210412_noe_kill,22.5,Player-8F3F,held,,Player-69D5,expired,47.772,10
wingman_bf5ea-20261004-210412_noe_kill,42.5,,APPLIED,Player-1DE9,Player-8F3F,stealth,5.338,10
wingman_c4e3e-20261003-225545_noe_kill,2.5,Player-67E4,held,,Player-BC81,expired,48.822,10
wingman_c4e3e-20261003-225545_noe_kill,22.5,Player-67E4,held,,Player-BC81,expired,68.822,10
wingman_c4e3e-20261003-225545_noe_kill,42.5,,SKIPPED,,Player-67E4,expired,19.82,10
wingman_c4e3e-20261003-225545_noe_kill,62.5,,APPLIED,Player-78D3,Player-67E4,expired,39.82,10
wingman_c654b-20260930-172031_noe_fail,2.5,,APPLIED,Player-BC81,Player-8EE7,expired,4.226,10
wingman_c654b-20260930-172031_noe_fail,22.5,,APPLIED,Player-78D3,Player-BC81,down,1.462,4
wingman_c654b-20260930-172031_noe_fail,42.5,,SKIPPED,,Player-78D3,down,12.666,5
wingman_c8506-20261003-120005_noe_kill,2.5,,APPLIED,Player-9933,Player-32F8,expired,14.18,10
wingman_c8506-20261003-120005_noe_kill,22.5,Player-9933,held,,Player-32F8,expired,34.18,10
wingman_c8506-20261003-120005_noe_kill,42.5,Player-9933,held,,Player-32F8,expired,54.18,10
wingman_c8506-20261003-120005_noe_kill,62.5,Player-9933,held,,Player-32F8,expired,74.18,9
wingman_c8506-20261003-120005_noe_kill,82.5,,APPLIED,Player-7415,Player-9933,expired,19.978,9
wingman_d3053-20261001-213328_noe_kill,2.5,Player-BC81,held,,Player-BC81,expired,59.668,10
wingman_d3053-20261001-213328_noe_kill,22.5,,SKIPPED,,Player-BC81,expired,16.906,10
wingman_d3053-20261001-213328_noe_kill,42.5,,APPLIED,Player-A65F,Player-BC81,expired,36.906,10
wingman_d3053-20261001-213328_noe_kill,62.5,Player-A65F,held,,Player-BC81,expired,56.906,10
wingman_d3053-20261001-213328_noe_kill,82.5,Player-A65F,held,,Player-BC81,expired,76.906,6
wingman_dc6a8-Account-81AD_20261002-011054_noe_kill,2.5,,APPLIED,Player-B9A4,Player-E970,expired,24.47,10
wingman_dc6a8-Account-81AD_20261002-011054_noe_kill,22.5,Player-B9A4,held,,Player-E970,expired,44.47,10
wingman_dc6a8-Account-81AD_20261002-011054_noe_kill,42.5,Player-B9A4,held,,Player-E970,expired,64.47,10
wingman_dc6a8-Account-81AD_20261002-011054_noe_kill,62.5,Player-B9A4,held,,Player-E970,expired,84.47,10
wingman_dc6a8-Account-81AD_20261002-011054_noe_kill,82.5,,APPLIED,Player-F65B,Player-B9A4,expired,19.978,7
wingman_e1a59-20261002-214446_noe_kill,2.5,,APPLIED,Player-8FDA,Player-1014,stealth,39.378,10
wingman_e1a59-20261002-214446_noe_kill,22.5,Player-8FDA,held,,Player-1014,stealth,59.378,10
wingman_e1a59-20261002-214446_noe_kill,42.5,Player-8FDA,held,,Player-1014,stealth,79.378,10
wingman_e1a59-20261002-214446_noe_kill,62.5,Player-8FDA,held,,Player-1014,stealth,99.378,10
wingman_eadca-Account-7C4C_20261001-001023_noe_fail,2.5,,APPLIED,Player-700E,Player-247A,expired,20.258,10
wingman_eadca-Account-7C4C_20261001-001023_noe_fail,22.5,Player-700E,held,,Player-247A,expired,40.258,9
wingman_eadca-Account-7C4C_20261001-001023_noe_fail,42.5,,SKIPPED,,Player-700E,down,4.02,5
wingman_f9dda-20261002-215908_noe_kill,2.5,Player-BC81,held,,Player-CFDD,expired,65.176,10
wingman_f9dda-20261002-215908_noe_kill,22.5,,APPLIED,Player-9039,Player-BC81,expired,16.932,10
wingman_f9dda-20261002-215908_noe_kill,42.5,Player-9039,held,,Player-BC81,expired,36.932,10
wingman_f9dda-20261002-215908_noe_kill,62.5,Player-9039,held,,Player-BC81,expired,56.932,10
