log,t_s,context,phase,players_up,picked_prof,gap_since_previous_end_s,vloxx_cast_at_apply,picked_is_previous_holder,previous_holder_up,picked_never_fixated_before,never_fixated_available,picked_in_stealth,in_stealth_up,picked_had_green_last40s,green_last40s_up,picked_had_spread_last40s,spread_last40s_up,picked_has_tag,dist_to_vloxx,dist_to_vloxx_rank,dist_to_vloxx_ties,toughness,toughness_rank,toughness_ties,healing_power,healing_power_rank,healing_power_ties,concentration,concentration_rank,concentration_ties,condition_dmg,condition_dmg_rank,condition_dmg_ties,dmg_to_vloxx_total,dmg_to_vloxx_total_rank,dmg_to_vloxx_total_ties,dmg_to_vloxx_last10s,dmg_to_vloxx_last10s_rank,dmg_to_vloxx_last10s_ties,dmg_taken_last10s,dmg_taken_last10s_rank,dmg_taken_last10s_ties,health_pct,health_pct_rank,health_pct_ties,subgroup,subgroup_rank,subgroup_ties,instance_id,instance_id_rank,instance_id_ties,squad_list_order,squad_list_order_rank,squad_list_order_ties,times_fixated_before,times_fixated_before_rank,times_fixated_before_ties,time_since_own_last_fixated,time_since_own_last_fixated_rank,time_since_own_last_fixated_ties,dist_to_previous_holder,dist_to_previous_holder_rank,dist_to_previous_holder_ties
20260930-211921,68.4,fight start,Staff Phase,10,Evoker,,81209,,,1,10,0,0,0,3,1,3,0,918.4,10,1,10,7.5,6,0,4.5,8,0,4,7,10,7,7,1854785,7,1,321208,8,1,2374,1,1,94.5,1,1,2,8,5,25,5,1,5,6,1,0,5.5,10,1000000000,5.5,10,0,5.5,10
20260930-211921,148.6,phase entry (bar break),Spear Phase,10,Specter,20.2,80420,0,1,1,9,0,0,0,0,0,3,0,444.6,9,1,0,2.5,4,0,4.5,8,10,9,3,10,7,7,2013019,3,1,0,5.5,10,7491,8,1,100,5.5,10,1,3,5,43,7,1,0,1,1,0,5,9,1000000000,6,9,433.5,6,1
20260930-211921,217.5,boss phase,Spear Phase,10,Troubadour,8.9,80512,0,1,1,8,0,0,1,3,0,3,0,374.3,3,1,10,7.5,6,10,9.5,2,10,9,3,0,2,3,169621,1,1,4848,1,1,6231,7,1,100,5.5,10,1,3,5,26,6,1,2,3,1,0,4.5,8,1000000000,6.5,8,77.5,2,1
20260930-211921,264.7,boss phase,Spear Phase,10,Specter,5.9,80512,0,1,0,7,0,0,0,0,0,3,0,311.8,3,1,0,2.5,4,0,4.5,8,10,9,3,10,7,7,3827099,3,1,135381,4,1,6758,6,1,100,6,9,1,3,5,43,7,1,0,1,1,1,9,3,56118,2,1,454.4,7,1
20260930-211921,333.6,boss phase,Sword Phase,10,Evoker,8.8,81053,0,1,0,7,0,0,0,3,0,0,0,353.1,5,1,10,7.5,6,0,4.5,8,0,4,7,10,7,7,6054975,4,1,114344,5,1,10319,3,1,100,8,5,2,8,5,25,5,1,5,6,1,1,8.5,2,205158,3,1,181.6,4,1
20260930-211921,400.0,boss phase,Sword Phase,10,Scourge,6.5,80585,0,1,1,7,0,0,0,3,0,3,0,340.2,5,1,10,7.5,6,0,4.5,8,0,4,7,10,7,7,8882685,9,1,283793,10,1,29230,5,1,100,5.5,10,2,8,5,53,9,1,6,7,1,0,4,7,1000000000,7,7,127.1,6,1
20260930-211921,466.9,boss phase,Sword Phase,9,Evoker,6.8,80585,0,1,0,5,0,1,0,2,0,0,0,475,7,1,10,6.5,6,0,4,7,0,3.5,6,10,6.5,6,9042143,4,1,215159,7,1,11876,3,1,100,7,5,2,7,5,25,5,1,5,5,1,2,8.5,2,73286,2,1,77.9,4,1
20260930-211921,536.2,last phase,Final Form Phase,10,Troubadour,9.3,81071,0,1,1,6,0,0,0,3,0,0,1,273.6,4,1,10,7.5,6,10,9.5,2,10,9,3,0,2,3,478458,2,1,7427,2,1,7247,6,1,100,6,9,2,8,5,10,1,1,8,9,1,0,3.5,6,1000000000,7.5,6,251.9,8,1
20260930-214712,68.6,fight start,Staff Phase,10,Scourge,,81209,,,1,10,0,0,0,3,0,3,0,233.7,3,1,0,3.5,6,0,4.5,8,0,4,7,10,7,7,1782857,7,1,334245,8,1,20232,8,1,74,1,1,1,3,5,13,2,1,1,2,1,0,5.5,10,1000000000,5.5,10,0,5.5,10
20260930-214712,149.6,phase entry (bar break),Spear Phase,10,Specter,21.0,80420,0,1,1,9,0,0,0,0,0,3,0,844.1,10,1,0,3.5,6,0,4.5,8,10,9,3,10,7,7,2309325,4,1,0,5.5,10,9278,9,1,100,1,1,1,3,5,43,7,1,0,1,1,0,5,9,1000000000,6,9,904,10,1
20260930-214712,195.9,boss phase,Spear Phase,10,Scourge,9.3,80555,0,1,1,8,0,0,0,0,1,3,0,255.6,5,1,0,3.5,6,0,4.5,8,0,4,7,10,7,7,5047624,10,1,261813,10,1,0,4,7,100,5.5,10,1,3,5,57,10,1,4,5,1,0,4.5,8,1000000000,6.5,8,231.7,5,1
20260930-214712,262.2,boss phase,Spear Phase,10,Specter,6.2,80512,0,1,0,7,0,0,1,3,0,3,0,946,6,1,0,3.5,6,0,4.5,8,10,9,3,10,7,7,3942437,3,1,97087,3,1,7780,1,1,91.9,3,1,1,3,5,43,7,1,0,1,1,1,9,3,75560,2,1,301.2,6,1
20260930-214712,331.9,boss phase,Sword Phase,10,Scourge,9.7,81053,0,1,0,7,0,0,0,3,0,0,0,307.9,3,1,0,3.5,6,0,4.5,8,0,4,7,10,7,7,8005167,10,1,211682,9,1,11204,9,1,100,6,9,1,3,5,57,10,1,4,5,1,1,8.5,2,75918,2,1,151.9,3,1
20260930-214712,401.1,boss phase,Sword Phase,10,Specter,9.2,80585,0,1,0,7,0,0,0,0,0,3,0,370.9,4,1,0,3.5,6,0,4.5,8,10,9,3,10,7,7,5020902,3,1,163037,5,1,577,1,1,100,6,9,1,3,5,43,7,1,0,1,1,2,9.5,2,78922,2,1,101.4,5,1
20260930-214712,424.4,boss phase,Sword Phase,8,Scourge,19.2,80483,0,0,0,6,0,0,0,2,0,2,0,397.4,4,1,0,2.5,4,0,4,7,0,4,7,10,5.5,6,9722859,8,1,76584,3,1,36609,8,1,51.1,1,1,1,2.5,4,57,8,1,4,4,1,2,8,1,32524,1,1,772.7,5,1
20260930-214712,488.1,boss phase,Sword Phase,9,Scourge,3.8,81271,0,1,1,6,0,0,0,3,0,3,0,230,6,1,10,7.5,4,0,4.5,8,0,4,7,10,6,7,9876439,7,1,123598,3,1,11976,3,1,77.4,4,1,2,7.5,4,15,3,1,7,8,1,0,3.5,6,1000000000,6.5,6,337.3,8,1
20260930-214712,570.7,last phase,Final Form Phase,6,Troubadour,22.5,81071,0,0,1,4,0,0,0,2,0,0,1,423,2,1,0,2.5,4,10,6,1,10,5.5,2,0,1.5,2,4053977,1,1,60989,1,1,0,1.5,2,100,5,3,2,5,3,10,1,1,8,5,1,0,2.5,4,1000000000,4.5,4,765.5,5,1
20260930-230802,67.9,fight start,Staff Phase,10,Troubadour,,81209,,,1,10,0,0,1,3,0,3,0,565.7,7,1,10,7.5,6,10,10,1,10,9,3,0,2,3,71466,1,1,4992,1,1,8709,4,1,98.2,3,1,1,3,5,26,8,1,2,3,1,0,5.5,10,1000000000,5.5,10,0,5.5,10
20260930-230802,143.0,phase entry (bar break),Spear Phase,10,Troubadour,15.1,80420,0,1,1,9,0,0,0,0,0,3,1,228.7,7,1,0,2.5,4,0,5,9,10,9,3,0,2,3,1463412,2,1,0,5.5,10,0,1.5,2,100,5.5,10,2,8,5,10,1,1,8,9,1,0,5,9,1000000000,6,9,124.4,5,1
20260930-230802,203.8,boss phase,Spear Phase,10,Scourge,0.8,80629,0,1,1,8,0,0,0,3,0,3,0,511.5,5,1,0,2.5,4,0,5,9,0,4,7,10,7,7,5291772,10,1,333129,10,1,6361,7,1,100,5.5,10,1,3,5,12,3,1,4,5,1,0,4.5,8,1000000000,6.5,8,230.1,6,1
20260930-230802,250.4,boss phase,Spear Phase,10,Scourge,20.8,80629,1,1,0,7,0,0,0,3,1,3,0,663,6,1,0,2.5,4,0,5,9,0,4,7,10,7,7,6549026,10,1,279463,8,1,15276,8,1,100,5.5,10,1,3,5,12,3,1,4,5,1,1,9,3,20846,1,1,0,1,1
20260930-230802,325.0,boss phase,Sword Phase,10,Specter,14.6,81053,0,1,1,7,0,0,0,3,0,0,0,270.1,4,1,0,2.5,4,0,5,9,10,9,3,10,7,7,3967732,3,1,98052,3,1,12541,10,1,100,5.5,10,1,3,5,43,9,1,0,1,1,0,4,7,1000000000,7,7,216.4,9,1
20260930-230802,345.7,boss phase,Sword Phase,10,Specter,6.4,81053,1,1,0,6,0,1,0,0,1,3,0,357.2,9,1,0,2.5,4,0,5,9,10,9,3,10,7,7,4162728,3,1,87969,2,1,32203,10,1,51.5,1,1,1,3,5,43,9,1,0,1,1,1,8,3,6394,1,1,0,1,1
20260930-230802,416.0,boss phase,Sword Phase,10,Scourge,10.3,80483,0,1,1,6,0,0,0,3,0,3,0,271.9,5,1,10,7.5,6,0,5,9,0,4,7,10,7,7,8840810,8,1,109079,4,1,36976,10,1,47.2,2,1,1,3,5,13,4,1,1,2,1,0,3.5,6,1000000000,7.5,6,320.4,7,1
20260930-230802,436.3,boss phase,Sword Phase,9,Scourge,2.9,80483,0,0,1,5,0,0,0,3,1,3,0,305.3,9,1,10,7,5,0,4.5,8,0,3.5,6,10,6.5,6,8075274,4,1,127159,4,1,30881,9,1,96,6,1,1,2.5,4,11,2,1,3,3,1,0,3,5,1000000000,7,5,345.4,6,1
20260930-230802,514.9,last phase,Final Form Phase,7,Scourge,18.6,81071,1,1,0,3,0,0,1,2,0,0,0,554.1,4,1,10,5.5,4,0,4,7,0,3,5,10,5,5,8434224,3,1,67112,3,1,6467,3,1,100,5.5,4,1,2,3,11,2,1,3,3,1,1,5,3,18644,1,1,0,1,1
20260930-233450,67.9,fight start,Staff Phase,10,Evoker,,81209,,,1,10,0,0,0,3,0,3,0,419.5,7,1,10,7.5,6,0,5,9,0,4,7,10,7,7,1629785,4,1,177472,3,1,0,2,3,100,6.5,8,2,8,5,20,7,1,5,6,1,0,5.5,10,1000000000,5.5,10,0,5.5,10
20260930-233450,145.1,phase entry (bar break),Spear Phase,10,Luminary,17.2,80420,0,1,1,9,0,0,0,0,0,0,0,164.4,1,1,0,2.5,4,0,5,9,0,4,7,0,2,3,2925350,4,1,737,10,1,1364,2,1,100,5.5,10,2,8,5,14,5,1,9,10,1,0,5,9,1000000000,6,9,105,3,1
20260930-233450,192.5,boss phase,Spear Phase,10,Scourge,3.3,80555,0,1,1,8,0,0,0,0,1,3,0,119.7,2,1,0,2.5,4,0,5,9,0,4,7,10,7,7,4782564,10,1,169382,8,1,6252,5,1,100,6,9,1,3,5,12,3,1,4,5,1,0,4.5,8,1000000000,6.5,8,280.5,10,1
20260930-233450,264.4,boss phase,Spear Phase,9,Troubadour,11.8,80512,0,1,1,7,0,0,0,3,0,3,1,480.7,2,1,0,2,3,0,4.5,8,10,8,3,0,1.5,2,2495936,2,1,57080,3,1,20808,4,1,100,7.5,4,2,7.5,4,10,1,1,8,9,1,0,4,7,1000000000,6,7,48.5,2,1
20260930-233450,335.1,boss phase,Sword Phase,10,Troubadour,10.8,81053,0,1,1,6,0,0,1,3,0,0,0,526.4,8,1,10,7.5,6,10,10,1,10,9,3,0,2,3,291304,1,1,1192,1,1,11031,9,1,100,6,9,1,3,5,26,8,1,2,3,1,0,3.5,6,1000000000,7.5,6,771.9,8,1
20260930-233450,358.8,boss phase,Sword Phase,10,Scourge,8.4,80483,0,1,1,5,0,0,0,0,1,3,0,275.7,9,1,10,7.5,6,0,5,9,0,4,7,10,7,7,7176923,7,1,153112,4,1,26266,5,1,72.4,4,1,1,3,5,13,4,1,1,2,1,0,3,5,1000000000,8,5,315.3,9,1
20260930-233450,427.7,boss phase,Sword Phase,9,Scourge,8.8,80483,0,1,1,3,0,0,0,3,1,2,0,773.6,8,1,10,6.5,6,0,4.5,8,0,4,7,10,6.5,6,9050435,7,1,147524,4,1,6545,1,1,100,8,3,2,7,5,15,6,1,7,7,1,0,2,3,1000000000,8,3,1218.9,8,1
20260930-233450,492.5,boss phase,Sword Phase,10,Troubadour,4.9,81271,0,1,0,3,0,0,0,3,0,3,0,413.3,9,1,10,7.5,6,10,10,1,10,9,3,0,2,3,383718,1,1,6406,1,1,28069,5,1,93.2,5,1,1,3,5,26,8,1,2,3,1,1,7,7,142152,3,1,198.7,4,1
20260930-233450,548.6,last phase,Final Form Phase,10,Troubadour,2.1,81071,1,1,0,3,0,0,1,3,0,0,0,434.4,6,1,10,7.5,6,10,10,1,10,9,3,0,2,3,391995,1,1,7003,1,1,12449,1,1,100,9,3,1,3,5,26,8,1,2,3,1,2,10,1,2150,1,1,0,1,1
20260930-234618,68.7,fight start,Staff Phase,10,Luminary,,81209,,,1,10,0,0,1,3,1,3,0,526.4,9,1,0,2.5,4,0,5,9,0,4,7,0,2,3,1901945,7,1,352466,9,1,7600,1,1,99.1,9,1,2,8,5,14,5,1,9,10,1,0,5.5,10,1000000000,5.5,10,0,5.5,10
20260930-234618,143.1,phase entry (bar break),Spear Phase,10,Troubadour,14.4,80420,0,1,1,9,0,0,0,0,0,0,0,131.1,1,1,10,7.5,6,10,10,1,10,9,3,0,2,3,155671,1,1,0,5.5,10,4241,4,1,100,5.5,10,1,3,5,26,8,1,2,3,1,0,5,9,1000000000,6,9,511.9,8,1
20260930-234618,204.0,boss phase,Spear Phase,10,Luminary,0.9,80629,0,1,0,8,0,0,1,3,0,3,0,179.5,1,1,0,2.5,4,0,5,9,0,4,7,0,2,3,4069707,4,1,257313,6,1,2523,8,1,100,5.5,10,2,8,5,14,5,1,9,10,1,1,9.5,2,75250,2,1,188.6,5,1
20260930-234618,301.1,phase entry (bar break),Sword Phase,10,Scourge,37.1,81017,0,1,1,8,0,0,0,0,0,0,0,199.7,4,1,10,7.5,6,0,5,9,0,4,7,10,7,7,5941302,7,1,0,5.5,10,42983,10,1,100,5.5,10,1,3,5,13,4,1,1,2,1,0,4.5,8,1000000000,6.5,8,326.9,5,1
20260930-234618,365.9,boss phase,Sword Phase,10,Scourge,4.8,81271,0,1,1,7,0,0,0,3,0,3,0,220.1,5,1,10,7.5,6,0,5,9,0,4,7,10,7,7,7114221,5,1,212092,6,1,12536,3,1,100,6.5,8,1,3,5,11,2,1,3,4,1,0,4,7,1000000000,7,7,358.1,10,1
20260930-234618,433.3,boss phase,Sword Phase,10,Luminary,7.4,80483,0,1,0,6,0,0,1,3,0,3,0,166.5,2,1,0,2.5,4,0,5,9,0,4,7,0,2,3,8661199,6,1,221545,7,1,41780,8,1,99.9,4,1,2,8,5,14,5,1,9,10,1,2,10,1,169316,3,1,267,9,1
20260930-234618,516.8,last phase,Final Form Phase,10,Specter,23.5,81071,0,1,1,6,0,0,1,5,0,3,0,1204.6,8,1,0,2.5,4,0,5,9,10,9,3,10,7,7,4920731,3,1,53661,3,1,18648,7,1,17.5,1,1,1,3,5,43,9,1,0,1,1,0,3.5,6,1000000000,7.5,6,995.3,9,1
20261001-213946,67.8,fight start,Staff Phase,10,Scourge,,81209,,,1,10,0,0,0,3,0,3,0,444.4,7,1,10,7.5,6,0,5,9,0,4,7,10,7,7,1837101,6,1,340567,8,1,15313,4,1,98.6,5,1,2,8,5,11,1,1,5,6,1,0,5.5,10,1000000000,5.5,10,0,5.5,10
20261001-213946,146.0,phase entry (bar break),Spear Phase,10,Troubadour,18.2,80420,0,1,1,9,0,0,0,0,0,3,0,359.9,8,1,10,7.5,6,10,10,1,10,9,3,0,2,3,139444,1,1,0,5.5,10,4132,5,1,100,5.5,10,1,3,5,46,9,1,2,3,1,0,5,9,1000000000,6,9,35.9,2,1
20261001-213946,192.9,boss phase,Spear Phase,10,Scourge,14.6,80555,0,1,1,8,0,0,0,0,1,3,0,294.4,9,1,0,2.5,4,0,5,9,0,4,7,10,7,7,4992504,10,1,173282,4,1,14037,9,1,100,5.5,10,2,8,5,40,7,1,8,9,1,0,4.5,8,1000000000,6.5,8,51.9,3,1
20261001-213946,237.5,boss phase,Spear Phase,10,Luminary,13.4,80916,0,1,1,7,0,0,1,3,0,3,0,408.2,6,1,0,2.5,4,0,5,9,0,4,7,0,2,3,5002803,4,1,138161,3,1,8561,4,1,100,5.5,10,2,8,5,12,2,1,9,10,1,0,4,7,1000000000,7,7,90.7,3,1
20261001-213946,308.7,phase entry (bar break),Sword Phase,10,Luminary,11.2,81017,1,1,0,6,0,0,0,0,0,0,0,116.5,2,1,0,2.5,4,0,5,9,0,4,7,0,2,3,5831662,4,1,10028,10,1,18422,10,1,100,6,9,2,8,5,12,2,1,9,10,1,1,8.5,4,11154,1,1,0,1,1
20261001-213946,374.0,boss phase,Sword Phase,10,Evoker,5.3,81271,0,1,1,6,0,0,0,3,1,3,1,147.9,3,1,10,7.5,6,0,5,9,0,4,7,10,7,7,8149960,9,1,274968,9,1,15100,5,1,91.4,5,1,2,8,5,48,10,1,6,7,1,0,3.5,6,1000000000,7.5,6,55.2,2,1
20261001-213946,442.8,boss phase,Sword Phase,10,Luminary,8.8,80483,0,1,0,5,0,1,0,3,1,3,0,191.5,7,1,0,2.5,4,0,5,9,0,4,7,0,2,3,8154728,4,1,194621,4,1,44944,10,1,100,8,5,2,8,5,12,2,1,9,10,1,2,10,1,74086,2,1,100,6,1
20261001-213946,526.6,last phase,Final Form Phase,10,Scourge,23.8,81071,0,1,1,5,0,0,0,4,0,3,0,636.3,7,1,10,7.5,6,0,5,9,0,4,7,10,7,7,9990433,7,1,207337,7,1,12209,4,1,100,6.5,8,1,3,5,24,5,1,4,5,1,0,3,5,1000000000,8,5,883.6,7,1
20261002-225404,67.4,fight start,Staff Phase,10,Evoker,,81209,,,1,10,0,0,0,3,0,3,1,441.1,8,1,10,8,5,0,5,9,0,4,7,10,7,7,1868965,6,1,302681,4,1,6822,7,1,89.8,2,1,2,8,5,58,8,1,7,8,1,0,5.5,10,1000000000,5.5,10,0,5.5,10
20261002-225404,148.7,phase entry (bar break),Spear Phase,10,Scourge,21.4,80420,0,1,1,9,0,0,0,0,0,0,0,598.5,9,1,10,8,5,0,5,9,0,4,7,10,7,7,3274622,8,1,0,5.5,10,2327,8,1,100,5.5,10,2,8,5,117,10,1,5,6,1,0,5,9,1000000000,6,9,108.6,3,1
20261002-225404,209.7,boss phase,Spear Phase,10,Scourge,1.0,80629,0,1,1,8,0,0,0,3,0,3,0,528.6,5,1,0,3,5,0,5,9,0,4,7,10,7,7,4703687,5,1,223588,4,1,0,3,5,100,5.5,10,1,3,5,14,4,1,4,5,1,0,4.5,8,1000000000,6.5,8,158,2,1
20261002-225404,296.8,phase entry (bar break),Sword Phase,10,Troubadour,27.1,81017,0,1,1,7,0,0,0,0,0,0,0,389.8,7,1,0,3,5,0,5,9,10,9,3,0,2,3,2661551,2,1,0,5.5,10,4699,3,1,100,6.5,8,2,8,5,17,5,1,8,9,1,0,4,7,1000000000,7,7,89.8,3,1
20261002-225404,340.4,boss phase,Sword Phase,10,Luminary,3.0,81053,0,1,1,6,0,0,0,0,0,3,0,98.7,1,1,0,3,5,0,5,9,0,4,7,0,2,3,6709134,4,1,255854,10,1,12008,1,1,100,6,9,2,8,5,13,3,1,9,10,1,0,3.5,6,1000000000,7.5,6,173.1,9,1
20261002-225404,410.0,boss phase,Sword Phase,10,Scourge,9.6,80483,0,1,0,5,0,0,0,3,0,3,0,177.9,2,1,10,8,5,0,5,9,0,4,7,10,7,7,9292437,7,1,217412,4,1,5666,2,1,99.5,10,1,2,8,5,117,10,1,5,6,1,1,8,5,201304,4,1,157.1,4,1
20261002-225404,505.3,last phase,Final Form Phase,10,Specter,35.3,81071,0,1,1,5,0,0,1,5,0,3,0,722.8,9,1,0,3,5,0,5,9,10,9,3,10,7,7,5134776,3,1,148462,3,1,17218,10,1,100,5.5,10,1,3,5,11,1,1,1,2,1,0,3,5,1000000000,8,5,435.2,6,1
20261003-211223,67.5,boss phase,Staff Phase,10,Evoker,7.5,81209,1,1,0,9,0,0,1,3,0,3,1,437.2,5,1,0,4,7,0,5,9,0,4.5,8,10,7,7,1988989,8,1,371211,9,1,24540,7,1,94.5,4,1,2,8,5,20,8,1,5,6,1,1,10,1,7484,1,1,0,1,1
20261003-211223,148.0,phase entry (bar break),Spear Phase,10,Scourge,20.5,80420,0,1,1,9,0,0,0,0,0,0,0,371.1,9,1,0,4,7,0,5,9,0,4.5,8,10,7,7,3184363,6,1,0,5.5,10,0,4.5,8,100,5.5,10,1,3,5,17,5,1,2,3,1,0,5,9,1000000000,6,9,155.2,2,1
20261003-211223,216.2,boss phase,Spear Phase,10,Troubadour,8.2,80512,0,1,1,8,0,0,1,3,0,3,0,1302.2,1,1,10,9,3,10,10,1,10,9.5,2,0,2,3,210855,1,1,5883,1,1,1647,5,1,91.3,1,1,1,3,5,19,7,1,1,2,1,0,4.5,8,1000000000,6.5,8,394.3,9,1
20261003-211223,302.9,phase entry (bar break),Sword Phase,10,Troubadour,26.7,81017,0,1,1,7,0,0,0,0,0,0,0,257.8,4,1,0,4,7,0,5,9,10,9.5,2,0,2,3,2151075,2,1,0,4.5,8,2908,7,1,100,5.5,10,2,8,5,11,1,1,7,8,1,0,4,7,1000000000,7,7,266.3,6,1
20261003-211223,367.6,boss phase,Sword Phase,10,Scourge,4.7,81271,0,1,1,6,0,0,0,3,0,3,0,219,4,1,10,9,3,0,5,9,0,4.5,8,10,7,7,7831997,6,1,246996,5,1,13021,6,1,98,5,1,2,8,5,22,9,1,6,7,1,0,3.5,6,1000000000,7.5,6,54.3,4,1
20261003-211223,392.4,boss phase,Sword Phase,10,Scourge,12.1,80585,0,1,1,5,0,0,0,1,0,3,0,588.9,8,1,0,4,7,0,5,9,0,4.5,8,10,7,7,9258829,9,1,214064,6,1,14620,4,1,100,6,9,1,3,5,14,3,1,0,1,1,0,3,5,1000000000,8,5,311,9,1
20261003-211223,482.0,last phase,Split 3,10,Scourge,29.5,81071,0,1,0,4,0,0,0,0,0,0,0,305.1,5,1,0,4,7,0,5,9,0,4.5,8,10,7,7,10012490,7,1,0,5,9,3154,8,1,98.3,4,1,1,3,5,17,5,1,2,3,1,1,7,5,273964,5,1,131,4,1
20261003-222355,68.7,boss phase,Staff Phase,10,Luminary,8.7,81209,0,1,1,9,0,0,0,3,0,3,0,156.9,1,1,0,3.5,6,0,5,9,0,4.5,8,0,2.5,4,1575192,3,1,249884,4,1,27856,7,1,100,8.5,4,1,3,5,15,6,1,4,5,1,0,5,9,1000000000,6,9,311.2,5,1
20261003-222355,136.2,phase entry (bar break),Spear Phase,10,Scourge,7.5,80420,0,1,1,8,0,0,0,0,0,0,0,448.3,7,1,10,8.5,4,0,5,9,0,4.5,8,10,7.5,6,3286042,8,1,0,5.5,10,0,2.5,4,100,6,9,2,8,5,12,3,1,5,6,1,0,4.5,8,1000000000,6.5,8,77.9,5,1
20261003-222355,176.6,boss phase,Spear Phase,10,Scourge,6.0,80809,0,1,1,7,0,0,0,3,0,3,0,407.2,5,1,0,3.5,6,0,5,9,0,4.5,8,10,7.5,6,4844827,10,1,269619,7,1,16766,4,1,100,5.5,10,2,8,5,16,7,1,9,10,1,0,4,7,1000000000,7,7,99.1,4,1
20261003-222355,245.7,boss phase,Spear Phase,10,Luminary,9.1,80629,0,1,1,6,0,0,1,3,0,3,0,383.6,3,1,0,3.5,6,0,5,9,0,4.5,8,0,2.5,4,4701797,4,1,211362,3,1,0,3.5,6,100,5.5,10,2,8,5,14,5,1,8,9,1,0,3.5,6,1000000000,7.5,6,55.1,2,1
20261003-222355,323.8,boss phase,Sword Phase,10,Virtuoso,18.1,81053,0,1,0,5,0,0,0,3,0,0,1,369.3,8,1,0,3.5,6,0,5,9,0,4.5,8,10,7.5,6,6477766,5,1,213709,7,1,9660,5,1,100,6.5,8,2,8,5,21,10,1,7,8,1,1,8,5,263842,5,1,286.2,5,1
20261003-222355,391.1,boss phase,Sword Phase,10,Virtuoso,7.3,80585,1,1,0,5,0,0,0,0,1,3,1,487,9,1,0,3.5,6,0,5,9,0,4.5,8,10,7.5,6,7917552,5,1,183405,7,1,19993,9,1,97.8,1,1,2,8,5,21,10,1,7,8,1,2,10,1,7315,1,1,0,1,1
20261003-222355,414.8,boss phase,Sword Phase,6,Scourge,1.1,80483,0,0,1,3,0,0,0,1,0,1,0,422.3,4,1,10,5,3,0,3.5,6,0,3,5,10,4.5,4,8436881,3,1,206779,4,1,36316,6,1,16,2,1,1,1.5,2,18,6,1,3,2,1,0,2,3,1000000000,5,3,484.2,1,1
20261003-222355,479.7,last phase,Split 3,10,Troubadour,42.3,81071,0,1,1,4,0,0,0,0,0,0,0,348.8,5,1,10,8.5,4,0,5,9,10,9.5,2,0,2.5,4,3481906,2,1,0,5,9,0,3,5,100,5.5,10,2,8,5,11,2,1,6,7,1,0,2.5,4,1000000000,8.5,4,174.6,5,1
20261006-225342,67.5,fight start,Staff Phase,10,Tempest,,81209,,,1,10,0,0,0,3,0,3,0,197.1,1,1,0,3,5,0,5,9,0,4.5,8,10,7,7,1308571,4,1,221042,4,1,10571,10,1,94.4,1,1,2,8,5,22,8,1,9,10,1,0,5.5,10,1000000000,5.5,10,0,5.5,10
20261006-225342,149.7,phase entry (bar break),Spear Phase,10,Scourge,22.2,80420,0,1,1,9,0,0,0,0,0,0,0,301,9,1,0,3,5,0,5,9,0,4.5,8,10,7,7,3439853,7,1,0,5,9,3468,8,1,92.9,4,1,2,8,5,19,5,1,8,9,1,0,5,9,1000000000,6,9,250.5,8,1
20261006-225342,210.6,boss phase,Spear Phase,10,Tempest,0.9,80629,0,1,0,8,0,0,1,3,0,3,0,625.8,8,1,0,3,5,0,5,9,0,4.5,8,10,7,7,3699762,4,1,280489,6,1,3324,3,1,100,5.5,10,2,8,5,22,8,1,9,10,1,1,9.5,2,83122,2,1,122.6,3,1
20261006-225342,256.0,boss phase,Spear Phase,10,Scourge,9.5,80629,0,1,0,8,0,0,0,3,0,3,0,350.1,3,1,0,3,5,0,5,9,0,4.5,8,10,7,7,6495571,8,1,316773,10,1,3850,6,1,100,5.5,10,2,8,5,19,5,1,8,9,1,1,9,1,46356,2,1,42.1,2,1
20261006-225342,337.5,boss phase,Sword Phase,10,Troubadour,21.5,81053,0,1,1,8,0,0,0,3,0,0,1,451.1,8,1,10,8,5,10,10,1,10,9.5,2,0,2,3,309083,1,1,9573,1,1,1712,1,1,100,6.5,8,2,8,5,11,1,1,7,8,1,0,4.5,8,1000000000,6.5,8,153.3,5,1
20261006-225342,404.8,boss phase,Sword Phase,10,Scourge,7.3,80585,0,1,1,7,0,0,0,0,0,3,0,361.8,7,1,10,8,5,0,5,9,0,4.5,8,10,7,7,8406288,5,1,307851,9,1,1478,1,1,100,6.5,8,1,3,5,14,2,1,1,2,1,0,4,7,1000000000,7,7,218.9,5,1
20261006-225342,492.0,last phase,Split 3,10,Weaver,27.2,81071,0,1,1,6,0,0,0,0,0,0,0,375.8,6,1,10,8,5,0,5,9,0,4.5,8,10,7,7,11179383,10,1,981,10,1,6423,6,1,100,5.5,10,1,3,5,17,3,1,4,5,1,0,3.5,6,1000000000,7.5,6,208.7,7,1
20261006-232143,68.3,fight start,Staff Phase,10,Luminary,,81209,,,1,10,0,0,1,3,1,3,0,283.6,4,1,0,3,5,0,5,9,0,4.5,8,0,2,3,1242174,3,1,177007,3,1,12875,6,1,100,7.5,6,1,3,5,16,5,1,2,3,1,0,5.5,10,1000000000,5.5,10,0,5.5,10
20261006-232143,153.0,phase entry (bar break),Spear Phase,10,Scourge,24.7,80420,0,1,1,9,0,0,0,0,0,0,0,185.9,4,1,10,8,5,0,5,9,0,4.5,8,10,7,7,3268065,5,1,0,5,9,930,5,1,100,5.5,10,1,3,5,20,8,1,1,2,1,0,5,9,1000000000,6,9,198.9,4,1
20261006-232143,228.5,boss phase,Spear Phase,10,Troubadour,15.5,80810,0,1,1,8,0,0,0,3,0,3,1,232.3,6,1,10,8,5,10,10,1,10,9.5,2,0,2,3,259553,1,1,12235,1,1,8125,2,1,99.7,3,1,2,8,5,17,6,1,7,8,1,0,4.5,8,1000000000,6.5,8,33.5,2,1
20261006-232143,306.4,phase entry (bar break),Sword Phase,10,Scourge,17.9,81017,0,1,1,7,0,0,0,0,0,0,0,517.1,7,1,10,8,5,0,5,9,0,4.5,8,10,7,7,7018482,9,1,0,5,9,4461,4,1,96.8,3,1,2,8,5,15,4,1,6,7,1,0,4,7,1000000000,7,7,169.9,4,1
20261006-232143,371.4,boss phase,Sword Phase,10,Luminary,5.0,81271,0,1,0,6,0,0,1,3,0,3,0,138.5,2,1,0,3,5,0,5,9,0,4.5,8,0,2,3,4612892,3,1,144007,3,1,42825,9,1,99.2,6,1,1,3,5,16,5,1,2,3,1,1,8.5,4,243170,4,1,165.7,2,1
20261006-232143,419.4,boss phase,Sword Phase,9,Tempest,5.3,80483,0,0,1,6,0,0,1,2,1,3,0,841.8,8,1,0,2.5,4,0,4.5,8,0,4,7,10,6,7,6720214,3,1,176667,3,1,4707,1,1,100,7.5,4,2,7,5,11,1,1,9,9,1,0,3.5,6,1000000000,6.5,6,986.4,8,1
20261006-232143,439.9,boss phase,Sword Phase,9,Troubadour,3.2,80483,0,0,0,5,0,0,0,2,0,2,1,337.6,8,1,10,7,5,10,9,1,10,8.5,2,0,2,3,450568,1,1,4290,1,1,10355,3,1,100,7.5,4,2,7.5,4,17,5,1,7,8,1,1,7,3,151444,3,1,161.9,1,1
20261006-232143,525.6,last phase,Final Form Phase,9,Scourge,25.7,81071,0,1,0,4,0,0,0,5,0,2,0,563.5,4,1,10,7,5,0,4.5,8,0,4,7,10,6.5,6,10806378,8,1,165894,8,1,2477,2,1,100,7.5,4,2,7.5,4,15,3,1,6,7,1,1,6,3,159192,4,1,570.3,9,1
wingman_005f1-20261001-215126_noe_kill,67.4,boss phase,Staff Phase,10,Scourge,7.4,81209,0,1,1,9,0,0,0,3,1,3,0,708.9,9,1,10,6.5,8,0,4.5,8,0,3.5,6,10,6.5,8,1955618,5,1,324157,6,1,691,2,1,100,5.5,10,1,3,5,40,10,1,2,3,1,0,5,9,1000000000,6,9,467.5,9,1
wingman_005f1-20261001-215126_noe_kill,136.9,phase entry (bar break),Spear Phase,10,Troubadour,9.6,80420,0,1,1,8,0,0,0,0,0,0,0,318.3,10,1,10,6.5,8,10,9.5,2,10,8.5,4,0,1.5,2,155933,2,1,0,5,9,4279,3,1,100,6,9,2,8,5,14,4,1,5,6,1,0,4.5,8,1000000000,6.5,8,105.4,5,1
wingman_005f1-20261001-215126_noe_kill,184.8,boss phase,Spear Phase,10,Scourge,17.0,80555,0,1,0,7,0,0,0,0,0,3,0,192.2,9,1,10,6.5,8,0,4.5,8,0,3.5,6,10,6.5,8,4944912,9,1,274633,10,1,36526,10,1,100,6,9,1,3,5,40,10,1,2,3,1,1,9,3,57402,2,1,63.9,7,1
wingman_005f1-20261001-215126_noe_kill,229.6,boss phase,Spear Phase,10,Troubadour,13.2,80916,0,1,1,7,0,0,0,3,1,3,1,565.1,10,1,10,6.5,8,10,9.5,2,10,8.5,4,0,1.5,2,227061,1,1,13543,2,1,9868,5,1,100,6,9,1,3,5,11,2,1,0,1,1,0,4,7,1000000000,7,7,521.3,8,1
wingman_005f1-20261001-215126_noe_kill,256.3,boss phase,Spear Phase,10,Scourge,11.2,80512,0,1,1,6,0,0,0,3,0,3,0,384.3,8,1,10,6.5,8,0,4.5,8,0,3.5,6,10,6.5,8,6904734,8,1,273361,9,1,16351,2,1,100,7.5,6,2,8,5,12,3,1,7,8,1,0,3.5,6,1000000000,7.5,6,778.3,3,1
wingman_005f1-20261001-215126_noe_kill,300.3,phase entry (bar break),Sword Phase,10,Specter,39.2,81017,0,1,0,5,0,0,0,0,0,0,0,231.4,5,1,0,1.5,2,0,4.5,8,10,8.5,4,10,6.5,8,4545549,4,1,10545,4,1,17310,10,1,100,5.5,10,1,3,5,24,8,1,3,4,1,1,7.5,4,240284,5,1,49.8,4,1
wingman_005f1-20261001-215126_noe_kill,323.4,boss phase,Sword Phase,10,Scourge,10.6,81053,0,1,0,5,0,0,0,3,0,0,0,782.5,1,1,10,6.5,8,0,4.5,8,0,3.5,6,10,6.5,8,7885616,8,1,248534,9,1,3820,6,1,100,6,9,2,8,5,12,3,1,7,8,1,1,7,3,62244,2,1,322.2,8,1
wingman_005f1-20261001-215126_noe_kill,344.5,boss phase,Sword Phase,10,Scourge,4.3,81053,0,1,0,5,0,1,0,0,0,3,0,549.2,10,1,10,6.5,8,0,4.5,8,0,3.5,6,10,6.5,8,8495943,10,1,247522,10,1,27740,8,1,100,6,9,1,3,5,40,10,1,2,3,1,2,9,3,128070,4,1,636.3,9,1
wingman_005f1-20261001-215126_noe_kill,410.1,boss phase,Sword Phase,10,Specter,5.6,80809,0,1,0,5,0,0,1,3,0,3,0,345,4,1,0,1.5,2,0,4.5,8,10,8.5,4,10,6.5,8,5956313,4,1,147781,3,1,0,2,3,100,6.5,8,1,3,5,24,8,1,3,4,1,2,8.5,2,97318,3,1,648.5,4,1
wingman_005f1-20261001-215126_noe_kill,432.8,boss phase,Sword Phase,10,Scourge,2.8,80483,0,1,1,5,0,0,0,3,1,3,0,500.7,8,1,10,6.5,8,0,4.5,8,0,3.5,6,10,6.5,8,10103096,6,1,265379,10,1,13780,2,1,100,6,9,2,8,5,18,6,1,9,10,1,0,3,5,1000000000,8,5,537.5,9,1
wingman_005f1-20261001-215126_noe_kill,496.2,last phase,Split 3,10,Scourge,3.4,81071,0,1,1,4,0,0,0,0,0,0,0,272.4,8,1,10,6.5,8,0,4.5,8,0,3.5,6,10,6.5,8,9552981,5,1,0,5,9,0,3.5,6,100,5.5,10,2,8,5,25,9,1,6,7,1,0,2.5,4,1000000000,8.5,4,57.3,2,1
wingman_081e5-Account-81AD_20261001-210656_noe_kill,68.7,boss phase,Staff Phase,10,Weaver,8.7,81209,0,1,1,9,0,0,0,3,0,3,0,259.1,3,1,10,7,7,0,5,9,0,4,7,10,7,7,2097223,9,1,412756,10,1,4093,6,1,100,8.5,4,1,3,5,15,3,1,4,5,1,0,5,9,1000000000,6,9,89.9,2,1
wingman_081e5-Account-81AD_20261001-210656_noe_kill,130.5,phase entry (bar break),Spear Phase,10,Troubadour,1.9,80420,0,1,0,8,0,0,0,3,0,0,1,242.8,5,1,0,2,3,0,5,9,10,9,3,0,2,3,1445608,2,1,0,5,9,0,2,3,100,7,7,2,8,5,25,7,1,9,10,1,1,9.5,2,70524,2,1,485.5,8,1
wingman_081e5-Account-81AD_20261001-210656_noe_kill,210.7,boss phase,Spear Phase,10,Troubadour,20.2,80555,0,1,1,8,0,0,0,3,0,0,0,78.5,5,1,10,7,7,10,10,1,10,9,3,0,2,3,244314,1,1,13867,1,1,14579,9,1,92.3,1,1,1,3,5,31,9,1,1,2,1,0,4.5,8,1000000000,6.5,8,133,8,1
wingman_081e5-Account-81AD_20261001-210656_noe_kill,236.3,boss phase,Spear Phase,10,Luminary,23.0,80916,0,1,1,7,0,0,0,0,0,3,0,287.2,4,1,0,2,3,0,5,9,0,4,7,0,2,3,4444175,4,1,14484,2,1,12853,6,1,92,3,1,2,8,5,29,8,1,5,6,1,0,4,7,1000000000,7,7,593.7,10,1
wingman_081e5-Account-81AD_20261001-210656_noe_kill,308.9,boss phase,Sword Phase,10,Scourge,12.6,81053,0,1,1,6,0,0,0,3,0,0,0,317.2,4,1,10,7,7,0,5,9,0,4,7,10,7,7,7041649,8,1,151719,8,1,10588,5,1,100,7,7,2,8,5,22,6,1,8,9,1,0,3.5,6,1000000000,7.5,6,114.8,3,1
wingman_081e5-Account-81AD_20261001-210656_noe_kill,374.9,boss phase,Sword Phase,10,Troubadour,6.0,80585,0,1,0,5,0,0,0,3,0,3,0,1018.8,2,1,10,7,7,10,10,1,10,9,3,0,2,3,383225,1,1,12724,1,1,14992,6,1,100,5.5,10,1,3,5,31,9,1,1,2,1,1,7.5,4,161604,3,1,259.6,9,1
wingman_081e5-Account-81AD_20261001-210656_noe_kill,463.2,last phase,Split 3,10,Troubadour,28.3,81071,0,1,0,5,0,0,0,3,0,0,1,378.8,8,1,0,2,3,0,5,9,10,9,3,0,2,3,4007941,2,1,0,5.5,10,0,3.5,6,100,5.5,10,2,8,5,25,7,1,9,10,1,2,9.5,2,272678,4,1,128.3,3,1
wingman_0893f-20261006-224122_noe_kill,68.0,fight start,Staff Phase,10,Scourge,,81209,,,1,10,0,1,0,3,1,3,0,593.5,9,1,0,4,7,0,4.5,8,0,3.5,6,10,6.5,8,1735438,6,1,265044,5,1,1180,1,1,100,6.5,8,3,8,5,16,4,1,5,6,1,0,5.5,10,1000000000,5.5,10,0,5.5,10
wingman_0893f-20261006-224122_noe_kill,150.2,phase entry (bar break),Spear Phase,10,Scourge,22.3,80420,0,1,1,9,0,0,0,0,0,3,0,380.3,8,1,0,4,7,0,4.5,8,0,3.5,6,10,6.5,8,3348075,6,1,1619,9,1,5999,7,1,100,5.5,10,3,8,5,19,7,1,8,9,1,0,5,9,1000000000,6,9,256.6,4,1
wingman_0893f-20261006-224122_noe_kill,218.7,boss phase,Spear Phase,10,Weaver,8.5,80512,0,1,1,8,0,0,0,3,0,3,0,273.1,10,1,10,9,3,0,4.5,8,0,3.5,6,10,6.5,8,5756245,10,1,332988,10,1,3647,1,1,100,7.5,6,3,8,5,15,3,1,7,8,1,0,4.5,8,1000000000,6.5,8,185.7,6,1
wingman_0893f-20261006-224122_noe_kill,292.6,phase entry (bar break),Sword Phase,10,Specter,13.8,81017,0,1,1,7,0,0,1,2,0,0,0,205.9,1,1,0,4,7,0,4.5,8,10,8.5,4,10,6.5,8,4724092,3,1,0,5.5,10,0,2,3,100,5.5,10,2,3,5,18,6,1,0,1,1,0,4,7,1000000000,7,7,255.9,8,1
wingman_0893f-20261006-224122_noe_kill,315.9,boss phase,Sword Phase,10,Scourge,16.8,80585,0,1,1,6,0,0,0,3,0,0,0,320.2,6,1,0,4,7,0,4.5,8,0,3.5,6,10,6.5,8,7808725,9,1,278161,10,1,37074,9,1,100,7,7,2,3,5,12,2,1,3,4,1,0,3.5,6,1000000000,7.5,6,572,6,1
wingman_0893f-20261006-224122_noe_kill,338.7,boss phase,Sword Phase,9,Troubadour,1.1,80483,0,0,1,5,0,0,1,3,0,2,1,8.9,1,1,10,8,3,10,8.5,2,10,7.5,4,0,1.5,2,338988,1,1,12847,1,1,25968,5,1,100,5.5,8,2,2.5,4,11,1,1,1,2,1,0,3,5,1000000000,7,5,440.9,1,1
wingman_0893f-20261006-224122_noe_kill,404.9,boss phase,Sword Phase,10,Specter,6.2,81053,0,1,1,4,0,0,0,0,0,3,0,218.9,3,1,0,4,7,0,4.5,8,10,8.5,4,10,6.5,8,6284317,4,1,181819,4,1,17447,10,1,78.4,1,1,3,8,5,25,9,1,9,10,1,0,2.5,4,1000000000,8.5,4,170.3,8,1
wingman_0893f-20261006-224122_noe_kill,489.9,last phase,Split 3,10,Scourge,28.1,81071,0,1,1,3,0,0,0,0,0,0,0,421.5,9,1,0,4,7,0,4.5,8,0,3.5,6,10,6.5,8,10652063,8,1,0,5,9,0,3.5,6,100,5.5,10,2,3,5,21,8,1,4,5,1,0,2,3,1000000000,9,3,385.3,10,1
wingman_14de4-20261004-011214_noe_kill,67.8,boss phase,Staff Phase,10,Scourge,7.8,81209,0,1,1,9,0,0,0,3,0,3,0,293.8,3,1,0,3.5,6,0,4.5,8,0,3.5,6,10,6.5,8,1785699,8,1,326559,8,1,9144,5,1,94.9,4,1,1,3,5,19,6,1,0,1,1,0,5,9,1000000000,6,9,409.7,9,1
wingman_14de4-20261004-011214_noe_kill,137.6,phase entry (bar break),Spear Phase,10,Scourge,9.8,80420,0,1,1,8,0,0,0,0,0,0,0,279.2,8,1,10,8.5,4,0,4.5,8,0,3.5,6,10,6.5,8,2919889,6,1,0,5.5,10,2863,8,1,100,6.5,8,2,8,5,22,9,1,9,10,1,0,4.5,8,1000000000,6.5,8,163.5,5,1
wingman_14de4-20261004-011214_noe_kill,206.8,boss phase,Spear Phase,10,Scourge,9.2,80512,1,1,0,7,0,0,1,3,1,3,0,245.3,3,1,10,8.5,4,0,4.5,8,0,3.5,6,10,6.5,8,4963376,8,1,231226,5,1,3091,2,1,100,6.5,8,2,8,5,22,9,1,9,10,1,1,9,3,9216,1,1,0,1,1
wingman_14de4-20261004-011214_noe_kill,272.2,phase entry (bar break),Sword Phase,10,Troubadour,39.8,81017,0,1,1,7,0,0,0,0,0,0,1,101.4,2,1,0,3.5,6,10,9.5,2,10,8.5,4,0,1.5,2,2004045,1,1,361,1,1,7098,4,1,83.4,2,1,1,3,5,13,4,1,4,5,1,0,4,7,1000000000,7,7,244.4,7,1
wingman_14de4-20261004-011214_noe_kill,340.3,boss phase,Sword Phase,10,Evoker,8.1,81271,0,1,1,6,0,0,1,3,0,0,0,145.5,3,1,0,3.5,6,0,4.5,8,10,8.5,4,10,6.5,8,7315684,6,1,320524,10,1,5535,1,1,100,9,3,2,8,5,10,1,1,5,6,1,0,3.5,6,1000000000,7.5,6,91.8,8,1
wingman_14de4-20261004-011214_noe_kill,408.9,boss phase,Sword Phase,10,Scourge,8.6,80483,0,1,0,5,0,0,0,3,0,3,0,320,6,1,10,8.5,4,0,4.5,8,0,3.5,6,10,6.5,8,8922282,7,1,213011,8,1,34726,7,1,39.3,2,1,2,8,5,22,9,1,9,10,1,2,10,1,176508,3,1,99.6,3,1
wingman_14de4-20261004-011214_noe_kill,493.1,last phase,Final Form Phase,10,Scourge,24.2,81071,1,1,0,5,0,0,1,4,0,3,0,297.2,2,1,10,8.5,4,0,4.5,8,0,3.5,6,10,6.5,8,9783900,7,1,221486,10,1,20994,8,1,74,3,1,2,8,5,22,9,1,9,10,1,3,10,1,24172,1,1,0,1,1
wingman_15e32-20261005-154659_noe_kill,67.9,fight start,Staff Phase,10,Scourge,,81209,,,1,10,0,0,0,3,0,3,0,306,1,1,10,8,5,0,4.5,8,0,4.5,8,10,6.5,8,1521728,3,1,238495,3,1,19479,10,1,100,6.5,8,3,8,5,19,5,1,9,10,1,0,5.5,10,1000000000,5.5,10,0,5.5,10
wingman_15e32-20261005-154659_noe_kill,144.3,phase entry (bar break),Spear Phase,10,Evoker,16.4,80420,0,1,1,9,0,0,0,0,0,3,0,96.7,1,1,0,3,5,0,4.5,8,0,4.5,8,10,6.5,8,3363137,7,1,24800,6,1,0,1.5,2,100,5.5,10,2,3,5,16,3,1,4,5,1,0,5,9,1000000000,6,9,204.6,10,1
wingman_15e32-20261005-154659_noe_kill,212.7,boss phase,Spear Phase,10,Scourge,8.5,80512,0,1,1,8,0,0,1,3,0,3,0,310.5,2,1,0,3,5,0,4.5,8,0,4.5,8,10,6.5,8,5582524,10,1,226169,6,1,4230,4,1,100,6.5,8,2,3,5,21,6,1,3,4,1,0,4.5,8,1000000000,6.5,8,134,6,1
wingman_15e32-20261005-154659_noe_kill,292.2,phase entry (bar break),Sword Phase,10,Troubadour,19.4,81017,0,1,1,7,0,0,0,0,0,0,0,351.1,9,1,10,8,5,10,9.5,2,10,9.5,2,0,1.5,2,225267,1,1,0,4,7,4100,1,1,100,6,9,3,8,5,23,7,1,8,9,1,0,4,7,1000000000,7,7,102.3,5,1
wingman_15e32-20261005-154659_noe_kill,357.2,boss phase,Sword Phase,10,Scourge,5.0,81271,0,1,1,6,0,0,0,3,0,3,0,394.3,9,1,10,8,5,0,4.5,8,0,4.5,8,10,6.5,8,8037739,8,1,231266,6,1,18342,6,1,59.5,2,1,2,3,5,14,2,1,1,2,1,0,3.5,6,1000000000,7.5,6,558.3,10,1
wingman_15e32-20261005-154659_noe_kill,425.2,boss phase,Sword Phase,10,Scourge,8.0,80483,0,1,0,5,0,0,1,3,0,3,0,53.4,2,1,10,8,5,0,4.5,8,0,4.5,8,10,6.5,8,8379714,3,1,232638,9,1,7126,4,1,99.8,3,1,3,8,5,19,5,1,9,10,1,1,8,5,297310,5,1,673.3,6,1
wingman_15e32-20261005-154659_noe_kill,508.3,last phase,Final Form Phase,10,Scourge,23.1,81071,0,1,0,5,0,0,1,5,0,3,0,380.5,2,1,0,3,5,0,4.5,8,0,4.5,8,10,6.5,8,10901032,9,1,213064,10,1,26395,10,1,85.3,3,1,2,3,5,21,6,1,3,4,1,1,7.5,4,235592,4,1,629.6,10,1
wingman_1f564-20260930-164742_noe_fail,67.0,fight start,Staff Phase,10,Troubadour,,81209,,,1,10,0,0,0,3,1,3,0,892.3,8,1,10,7,7,10,9.5,2,10,9.5,2,0,1.5,2,52186,2,1,8585,1,1,5614,7,1,100,6.5,8,1,3,5,18,7,1,4,5,1,0,5.5,10,1000000000,5.5,10,0,5.5,10
wingman_1f564-20260930-164742_noe_fail,143.0,phase entry (bar break),Spear Phase,10,Troubadour,16.0,80420,0,1,1,9,0,0,0,0,0,3,1,439.7,9,1,10,7,7,10,9.5,2,10,9.5,2,0,1.5,2,112708,2,1,0,4,7,3718,7,1,100,5.5,10,2,8,5,11,2,1,9,10,1,0,5,9,1000000000,6,9,176.5,7,1
wingman_1f564-20260930-164742_noe_fail,212.0,boss phase,Spear Phase,10,Scourge,9.0,80512,0,1,1,8,0,0,0,3,0,3,0,264.4,1,1,10,7,7,0,4.5,8,0,4.5,8,10,6.5,8,5384463,9,1,290223,9,1,6433,7,1,100,6.5,8,1,3,5,12,3,1,3,4,1,0,4.5,8,1000000000,6.5,8,66.2,3,1
wingman_1f564-20260930-164742_noe_fail,300.7,phase entry (bar break),Sword Phase,10,Troubadour,28.8,81017,0,1,0,7,0,0,0,0,0,0,1,445.1,7,1,10,7,7,10,9.5,2,10,9.5,2,0,1.5,2,228164,1,1,0,3,5,4355,5,1,100,6,9,2,8,5,11,2,1,9,10,1,1,9,3,97730,2,1,19.8,2,1
wingman_1f564-20260930-164742_noe_fail,366.3,boss phase,Sword Phase,9,Troubadour,5.6,81271,1,1,0,6,0,0,1,2,1,3,1,485.3,8,1,10,6.5,6,10,8.5,2,10,8.5,2,0,1.5,2,246518,1,1,3812,1,1,12112,2,1,78.4,3,1,2,7.5,4,11,1,1,9,9,1,2,9,1,5639,1,1,0,1,1
wingman_1f564-20260930-164742_noe_fail,434.8,boss phase,Sword Phase,6,Evoker,8.5,80483,0,1,1,3,0,0,0,2,0,2,0,712.6,3,1,0,1.5,2,0,2.5,4,0,2.5,4,10,4.5,4,7636885,3,1,187168,3,1,21434,2,1,100,4,5,2,5,3,53,6,1,7,4,1,0,2,3,1000000000,5,3,35.4,3,1
wingman_1f564-20260930-164742_noe_fail,520.3,last phase,Split 3,10,Troubadour,25.4,81071,0,1,0,6,0,0,0,0,0,0,0,455.4,6,1,10,7,7,10,9.5,2,10,9.5,2,0,1.5,2,342021,2,1,0,4,7,244,4,1,100,5.5,10,1,3,5,18,7,1,4,5,1,1,8,3,393286,4,1,118.8,5,1
wingman_1fa32-20261004-213126_noe_kill,68.0,boss phase,Staff Phase,10,Scourge,8.0,81209,0,1,1,9,0,0,0,3,0,3,0,286.6,4,1,10,6.5,8,0,4.5,8,0,4,7,10,7,7,2071454,10,1,316155,10,1,12778,5,1,98.4,5,1,2,8,5,15,6,1,5,6,1,0,5,9,1000000000,6,9,267.1,6,1
wingman_1fa32-20261004-213126_noe_kill,155.0,phase entry (bar break),Spear Phase,10,Scourge,27.0,80420,1,1,0,8,0,0,0,0,0,0,0,255.7,3,1,10,6.5,8,0,4.5,8,0,4,7,10,7,7,3712009,10,1,0,5,9,0,2,3,100,5.5,10,2,8,5,15,6,1,5,6,1,1,9.5,2,27029,1,1,0,1,1
wingman_1fa32-20261004-213126_noe_kill,222.8,boss phase,Spear Phase,10,Scourge,7.8,80512,0,1,1,8,0,0,0,3,0,3,0,552.5,9,1,10,6.5,8,0,4.5,8,0,4,7,10,7,7,5242977,6,1,214730,7,1,12834,10,1,100,5.5,10,2,8,5,13,4,1,6,7,1,0,4.5,8,1000000000,6.5,8,464.2,10,1
wingman_1fa32-20261004-213126_noe_kill,313.4,phase entry (bar break),Sword Phase,10,Scourge,30.6,81017,0,1,1,7,0,0,0,0,0,0,0,355.4,5,1,10,6.5,8,0,4.5,8,0,4,7,10,7,7,7389330,8,1,0,5.5,10,3321,4,1,100,5.5,10,1,3,5,31,10,1,4,5,1,0,4,7,1000000000,7,7,44.1,2,1
wingman_1fa32-20261004-213126_noe_kill,357.2,boss phase,Sword Phase,10,Troubadour,8.9,81053,0,1,1,6,0,0,0,0,0,3,0,193.9,1,1,10,6.5,8,10,9.5,2,10,9,3,0,2,3,355501,2,1,10552,2,1,39176,8,1,100,8.5,4,2,8,5,17,7,1,9,10,1,0,3.5,6,1000000000,7.5,6,404.2,3,1
wingman_1fa32-20261004-213126_noe_kill,427.6,boss phase,Sword Phase,10,Troubadour,14.6,80483,1,1,0,5,0,0,1,3,0,3,0,129.8,2,1,10,6.5,8,10,9.5,2,10,9,3,0,2,3,434240,2,1,10835,1,1,25890,8,1,79.3,4,1,2,8,5,17,7,1,9,10,1,1,7.5,4,14640,1,1,0,1,1
wingman_1fa32-20261004-213126_noe_kill,447.9,boss phase,Sword Phase,9,Scourge,11.7,80483,0,0,0,5,0,0,0,2,0,3,0,348.3,8,1,10,6,7,0,4.5,8,0,4,7,10,6,7,10697888,8,1,248884,9,1,48168,6,1,40.4,4,1,2,7.5,4,15,6,1,5,6,1,2,9,1,232924,3,1,253.5,7,1
wingman_1fa32-20261004-213126_noe_kill,540.7,last phase,Final Form Phase,10,Scourge,32.8,81071,0,1,0,5,0,0,0,5,0,3,0,536.6,7,1,10,6.5,8,0,4.5,8,0,4,7,10,7,7,10173518,6,1,188983,10,1,12430,6,1,100,7,7,2,8,5,13,4,1,6,7,1,1,7,3,257956,4,1,358.8,6,1
wingman_202f1-20261002-212232_noe_kill,67.8,boss phase,Staff Phase,10,Scourge,7.8,81209,0,1,1,9,0,0,0,3,1,3,0,740.9,9,1,0,2.5,4,0,4.5,8,0,3.5,6,10,6.5,8,1969596,9,1,332070,7,1,1952,4,1,100,7.5,6,2,8,5,21,7,1,8,9,1,0,5,9,1000000000,6,9,655.3,8,1
wingman_202f1-20261002-212232_noe_kill,139.4,phase entry (bar break),Spear Phase,10,Specter,18.8,80420,0,1,1,8,0,0,0,0,0,0,0,190.7,4,1,0,2.5,4,0,4.5,8,10,8.5,4,10,6.5,8,2553548,4,1,5137,10,1,5438,6,1,99.1,1,1,2,8,5,14,3,1,9,10,1,0,4.5,8,1000000000,6.5,8,83.6,4,1
wingman_202f1-20261002-212232_noe_kill,187.3,boss phase,Spear Phase,10,Scourge,18.8,80555,0,1,1,7,0,0,0,0,1,3,0,82.2,2,1,10,7.5,6,0,4.5,8,0,3.5,6,10,6.5,8,4428399,5,1,269766,7,1,15369,4,1,98.5,2,1,1,3,5,16,5,1,0,1,1,0,4,7,1000000000,7,7,151.9,8,1
wingman_202f1-20261002-212232_noe_kill,231.9,boss phase,Spear Phase,10,Scourge,13.6,80916,0,1,1,6,0,0,0,3,0,3,0,303.5,2,1,10,7.5,6,0,4.5,8,0,3.5,6,10,6.5,8,6177243,7,1,295899,9,1,5266,1,1,100,6,9,1,3,5,18,6,1,1,2,1,0,3.5,6,1000000000,7.5,6,96.3,9,1
wingman_202f1-20261002-212232_noe_kill,314.9,boss phase,Sword Phase,10,Scourge,23.0,80629,0,1,1,5,0,0,1,3,0,0,0,289.3,4,1,10,7.5,6,0,4.5,8,0,3.5,6,10,6.5,8,7615401,8,1,165822,8,1,2817,1,1,100,7,7,1,3,5,15,4,1,4,5,1,0,3,5,1000000000,8,5,614.8,10,1
wingman_202f1-20261002-212232_noe_kill,337.4,boss phase,Sword Phase,10,Scourge,9.3,80483,0,1,0,4,0,0,0,3,0,3,0,941.6,10,1,0,2.5,4,0,4.5,8,0,3.5,6,10,6.5,8,8140119,9,1,202261,7,1,35648,6,1,70.4,4,1,2,8,5,21,7,1,8,9,1,1,7.5,6,216790,5,1,1525.3,10,1
wingman_202f1-20261002-212232_noe_kill,361.7,boss phase,Sword Phase,10,Scourge,3.8,80629,0,1,0,4,0,0,0,3,1,3,0,326,6,1,10,7.5,6,0,4.5,8,0,3.5,6,10,6.5,8,7890368,5,1,278707,9,1,22970,3,1,100,6.5,8,1,3,5,16,5,1,0,1,1,1,7,5,143358,4,1,539.2,7,1
wingman_202f1-20261002-212232_noe_kill,409.0,boss phase,Sword Phase,10,Scourge,0.9,81271,0,1,0,4,0,2,0,0,0,3,0,382,6,1,0,2.5,4,0,4.5,8,0,3.5,6,10,6.5,8,9687486,9,1,247548,10,1,8791,2,1,100,8.5,4,2,8,5,21,7,1,8,9,1,2,9.5,2,51076,2,1,97.8,2,1
wingman_202f1-20261002-212232_noe_kill,429.9,boss phase,Sword Phase,10,Scourge,7.4,80483,0,1,0,4,0,0,1,3,0,3,0,383.8,2,1,10,7.5,6,0,4.5,8,0,3.5,6,10,6.5,8,10032168,8,1,187529,9,1,38397,9,1,60.2,1,1,1,3,5,15,4,1,4,5,1,1,6.5,4,101788,3,1,190.1,8,1
wingman_202f1-20261002-212232_noe_kill,476.1,boss phase,Sword Phase,10,Specter,7.6,81053,0,1,0,4,0,0,0,3,0,0,0,837,10,1,0,2.5,4,0,4.5,8,10,8.5,4,10,6.5,8,4922687,3,1,69195,3,1,19269,3,1,100,7.5,6,1,3,5,30,10,1,3,4,1,1,6,3,416058,6,1,574.6,9,1
wingman_202f1-20261002-212232_noe_kill,505.2,last phase,Split 3,10,Specter,4.2,81071,0,1,0,4,0,0,0,0,0,3,0,131.4,1,1,0,2.5,4,0,4.5,8,10,8.5,4,10,6.5,8,7086518,4,1,0,5.5,10,5096,6,1,100,5.5,10,2,8,5,14,3,1,9,10,1,1,5.5,2,336700,6,1,328.8,9,1
wingman_202f1-20261002-212232_noe_kill,525.2,last phase,Final Form Phase,10,Troubadour,5.6,81071,0,1,1,4,0,0,0,3,0,0,0,670.2,6,1,10,7.5,6,10,9.5,2,10,8.5,4,0,1.5,2,421613,2,1,4032,2,1,6284,7,1,100,7.5,6,1,3,5,13,2,1,2,3,1,0,2.5,4,1000000000,8.5,4,21.9,2,1
wingman_22ade-20261004-165755_noe_kill,67.6,boss phase,Staff Phase,10,Scourge,7.6,81209,0,1,1,9,0,0,0,3,1,3,0,738.1,10,1,10,7,7,0,4.5,8,0,4,7,10,6.5,8,1638819,5,1,278575,5,1,22793,6,1,81.4,5,1,3,8,5,13,2,1,8,9,1,0,5,9,1000000000,6,9,346.4,8,1
wingman_22ade-20261004-165755_noe_kill,141.4,phase entry (bar break),Spear Phase,10,Scourge,13.8,80420,0,1,1,8,0,0,0,0,0,3,0,346.2,9,1,0,2,3,0,4.5,8,0,4,7,10,6.5,8,3659725,8,1,15879,6,1,4435,4,1,100,7,7,2,3,5,14,3,1,2,3,1,0,4.5,8,1000000000,6.5,8,136.7,7,1
wingman_22ade-20261004-165755_noe_kill,209.9,boss phase,Spear Phase,10,Troubadour,8.5,80512,0,1,1,7,0,0,0,3,0,3,0,717.2,9,1,10,7,7,10,9.5,2,10,9,3,0,1.5,2,243736,1,1,7214,2,1,5383,2,1,93.7,4,1,3,8,5,15,4,1,7,8,1,0,4,7,1000000000,7,7,397.3,6,1
wingman_22ade-20261004-165755_noe_kill,281.7,phase entry (bar break),Sword Phase,10,Scourge,11.8,81017,0,1,0,6,0,0,0,3,0,0,0,458.8,10,1,10,7,7,0,4.5,8,0,4,7,10,6.5,8,6116058,4,1,0,5.5,10,15752,10,1,100,7.5,6,3,8,5,13,2,1,8,9,1,1,8.5,4,154066,3,1,444.3,10,1
wingman_22ade-20261004-165755_noe_kill,327.5,boss phase,Sword Phase,9,Scourge,11.7,80483,0,1,1,6,0,0,0,3,0,3,0,265.4,1,1,10,6,7,0,4,7,0,4,7,10,6,7,8495889,9,1,227911,9,1,32014,5,1,100,5.5,8,3,7,5,27,8,1,9,9,1,0,3.5,6,1000000000,6.5,6,766.8,4,1
wingman_22ade-20261004-165755_noe_kill,396.9,boss phase,Sword Phase,10,Scourge,9.4,80629,0,1,0,5,0,0,0,3,0,3,0,325.7,3,1,0,2,3,0,4.5,8,0,4,7,10,6.5,8,9825226,9,1,273386,10,1,9662,1,1,100,5.5,10,2,3,5,14,3,1,2,3,1,1,7.5,4,195472,4,1,49.9,2,1
wingman_22ade-20261004-165755_noe_kill,458.1,last phase,Split 3,10,Scourge,1.2,81071,0,1,0,5,0,0,0,0,0,0,0,49,1,1,10,7,7,0,4.5,8,0,4,7,10,6.5,8,9312851,4,1,0,5.5,10,5260,3,1,100,5.5,10,3,8,5,13,2,1,8,9,1,2,9.5,2,142292,3,1,319.7,8,1
wingman_22ade-20261004-165755_noe_kill,518.1,last phase,Final Form Phase,9,Troubadour,19.1,81071,0,0,0,5,0,0,0,2,0,3,0,278.1,2,1,10,6.5,6,10,8.5,2,10,8,3,0,1.5,2,459645,1,1,5171,1,1,16782,5,1,100,5.5,8,3,7.5,4,15,3,1,7,8,1,1,7,3,248204,3,1,570.8,4,1
wingman_23819-20261004-223108_noe_kill,67.5,boss phase,Staff Phase,10,Scourge,7.5,81209,0,1,1,9,0,0,0,3,0,3,0,403.3,5,1,10,8.5,4,0,5,9,0,4,7,10,6.5,8,1873692,9,1,357152,8,1,13579,6,1,100,5.5,10,2,3,5,23,7,1,4,5,1,0,5,9,1000000000,6,9,150.4,6,1
wingman_23819-20261004-223108_noe_kill,137.6,phase entry (bar break),Spear Phase,10,Evoker,10.1,80420,0,1,1,8,0,0,0,0,0,0,0,222.5,6,1,0,3.5,6,0,5,9,0,4,7,10,6.5,8,3135239,5,1,8816,3,1,0,3,5,100,5.5,10,3,8,5,14,2,1,5,6,1,0,4.5,8,1000000000,6.5,8,92.3,7,1
wingman_23819-20261004-223108_noe_kill,205.8,boss phase,Spear Phase,10,Troubadour,8.2,80512,0,1,1,7,0,0,1,3,0,3,1,598,7,1,0,3.5,6,0,5,9,10,9,3,0,1.5,2,1276447,2,1,47927,2,1,3957,2,1,100,7,7,2,3,5,11,1,1,1,2,1,0,4,7,1000000000,7,7,409.5,7,1
wingman_23819-20261004-223108_noe_kill,281.5,phase entry (bar break),Sword Phase,10,Scourge,15.7,81017,0,1,1,6,0,0,0,0,0,0,0,283.6,6,1,0,3.5,6,0,5,9,0,4,7,10,6.5,8,7466892,10,1,34192,10,1,5773,2,1,100,5.5,10,3,8,5,16,3,1,7,8,1,0,3.5,6,1000000000,7.5,6,191.8,7,1
wingman_23819-20261004-223108_noe_kill,347.2,boss phase,Sword Phase,10,Scourge,5.7,81271,0,1,1,5,0,0,0,3,0,3,0,144.4,5,1,10,8.5,4,0,5,9,0,4,7,10,6.5,8,8702500,8,1,324501,10,1,13160,6,1,93.7,5,1,2,3,5,46,10,1,0,1,1,0,3,5,1000000000,8,5,282.8,5,1
wingman_23819-20261004-223108_noe_kill,443.7,last phase,Split 3,10,Scourge,36.5,81071,0,1,0,4,0,0,0,0,0,0,0,505.8,10,1,0,3.5,6,0,5,9,0,4,7,10,6.5,8,10908040,10,1,0,4.5,8,3529,6,1,100,6,9,3,8,5,16,3,1,7,8,1,1,7.5,6,102212,2,1,345.2,8,1
wingman_23819-20261004-223108_noe_kill,483.7,last phase,Final Form Phase,10,Evoker,10.0,81071,0,1,0,4,0,0,0,6,0,3,0,621,10,1,0,3.5,6,0,5,9,0,4,7,10,6.5,8,9123841,4,1,213608,5,1,7371,5,1,100,9,3,3,8,5,14,2,1,5,6,1,1,7,5,286128,4,1,158.2,3,1
wingman_23f47-Account-013D_20261002-004636_noe_kill,68.4,boss phase,Staff Phase,10,Scourge,8.4,81209,0,1,1,9,0,0,0,3,1,3,0,396.4,8,1,0,4,7,0,4.5,8,0,4,7,10,6.5,8,1962386,9,1,371931,9,1,9205,5,1,100,6,9,1,3,5,12,2,1,0,1,1,0,5,9,1000000000,6,9,538.1,8,1
wingman_23f47-Account-013D_20261002-004636_noe_kill,143.9,phase entry (bar break),Spear Phase,10,Scourge,15.5,80420,0,1,1,8,0,0,0,0,0,0,0,240.6,2,1,0,4,7,0,4.5,8,0,4,7,10,6.5,8,3460574,6,1,0,5.5,10,16368,10,1,99.4,4,1,2,8,5,11,1,1,6,7,1,0,4.5,8,1000000000,6.5,8,103.4,4,1
wingman_23f47-Account-013D_20261002-004636_noe_kill,191.8,boss phase,Spear Phase,10,Scourge,19.6,80555,0,1,1,7,0,0,0,0,0,3,0,261.5,3,1,0,4,7,0,4.5,8,0,4,7,10,6.5,8,4773211,6,1,298550,8,1,3282,8,1,100,5.5,10,2,8,5,22,9,1,5,6,1,0,4,7,1000000000,7,7,85.3,2,1
wingman_23f47-Account-013D_20261002-004636_noe_kill,263.0,boss phase,Spear Phase,10,Scourge,11.2,80512,0,1,0,6,0,0,0,3,0,3,0,513.9,7,1,0,4,7,0,4.5,8,0,4,7,10,6.5,8,5430498,4,1,176550,4,1,18601,5,1,100,7.5,6,1,3,5,14,4,1,4,5,1,1,8.5,4,203010,4,1,49.8,2,1
wingman_23f47-Account-013D_20261002-004636_noe_kill,338.9,boss phase,Sword Phase,10,Scourge,15.9,81053,0,1,0,6,0,0,0,0,0,3,0,691.2,8,1,0,4,7,0,4.5,8,0,4,7,10,6.5,8,7730618,7,1,326160,10,1,25973,10,1,100,6,9,2,8,5,11,1,1,6,7,1,1,8,3,166802,3,1,317.3,7,1
wingman_23f47-Account-013D_20261002-004636_noe_kill,362.4,boss phase,Sword Phase,10,Specter,21.1,80483,0,1,1,6,0,0,0,3,1,5,0,773,8,1,0,4,7,0,4.5,8,10,9,3,10,6.5,8,3916100,3,1,22423,3,1,39975,8,1,89.5,7,1,2,8,5,17,7,1,7,8,1,0,3.5,6,1000000000,7.5,6,485.1,6,1
wingman_23f47-Account-013D_20261002-004636_noe_kill,405.3,boss phase,Sword Phase,10,Specter,25.4,81271,1,1,0,5,0,0,0,3,0,0,0,341.3,5,1,0,4,7,0,4.5,8,10,9,3,10,6.5,8,4039485,3,1,61598,3,1,21453,7,1,60.1,1,1,2,8,5,17,7,1,7,8,1,1,7,3,25358,1,1,0,1,1
wingman_23f47-Account-013D_20261002-004636_noe_kill,429.7,boss phase,Sword Phase,10,Troubadour,4.4,81053,0,1,1,5,0,0,0,3,0,3,1,480.2,5,1,10,9,3,10,9.5,2,10,9,3,0,1.5,2,398331,2,1,4315,2,1,15195,9,1,100,6,9,1,3,5,23,10,1,3,4,1,0,3,5,1000000000,8,5,68.8,2,1
wingman_23f47-Account-013D_20261002-004636_noe_kill,475.7,boss phase,Sword Phase,10,Scourge,20.1,80483,0,1,0,4,0,0,0,3,1,3,0,434,8,1,0,4,7,0,4.5,8,0,4,7,10,6.5,8,9859424,6,1,229382,7,1,23376,5,1,78.5,4,1,1,3,5,12,2,1,0,1,1,1,6,3,347288,6,1,435.3,8,1
wingman_23f47-Account-013D_20261002-004636_noe_kill,548.1,last phase,Final Form Phase,10,Scourge,12.4,81071,1,1,0,4,0,0,1,6,1,3,0,411.3,4,1,0,4,7,0,4.5,8,0,4,7,10,6.5,8,10166018,6,1,101421,4,1,12490,2,1,100,7,7,1,3,5,12,2,1,0,1,1,2,8.5,4,12362,1,1,0,1,1
wingman_2ca3c-20261004-215302_noe_kill,47.7,boss phase,Staff Phase,10,Troubadour,5.0,80323,0,1,1,9,0,0,0,0,1,3,0,1123.2,8,1,10,8,5,10,9.5,2,10,8.5,4,0,1.5,2,64682,2,1,15417,2,1,5839,5,1,95.2,1,1,2,8,5,28,8,1,7,8,1,0,5,9,1000000000,6,9,435.5,8,1
wingman_2ca3c-20261004-215302_noe_kill,136.4,phase entry (bar break),Spear Phase,10,Specter,28.6,80420,0,1,1,8,0,0,0,0,0,0,0,214.1,4,1,0,3,5,0,4.5,8,10,8.5,4,10,6.5,8,3034864,4,1,902,4,1,11285,10,1,100,6,9,2,8,5,12,2,1,5,6,1,0,4.5,8,1000000000,6.5,8,186.9,6,1
wingman_2ca3c-20261004-215302_noe_kill,216.0,boss phase,Spear Phase,10,Scourge,19.6,80555,0,1,1,7,0,0,0,3,0,0,0,260.4,1,1,10,8,5,0,4.5,8,0,3.5,6,10,6.5,8,5630556,9,1,357903,9,1,10723,4,1,100,5.5,10,2,8,5,34,9,1,8,9,1,0,4,7,1000000000,7,7,30.3,6,1
wingman_2ca3c-20261004-215302_noe_kill,291.7,phase entry (bar break),Sword Phase,10,Scourge,15.8,81017,0,1,1,6,0,0,0,0,0,0,0,396.1,9,1,0,3,5,0,4.5,8,0,3.5,6,10,6.5,8,6619391,6,1,349,8,1,13330,6,1,100,6.5,8,2,8,5,15,4,1,9,10,1,0,3.5,6,1000000000,7.5,6,181.8,8,1
wingman_2ca3c-20261004-215302_noe_kill,356.5,boss phase,Sword Phase,10,Troubadour,4.8,81271,0,1,0,5,0,0,0,3,0,3,1,210.3,1,1,10,8,5,10,9.5,2,10,8.5,4,0,1.5,2,377736,2,1,12341,1,1,11292,3,1,100,6,9,1,3,5,11,1,1,0,1,1,1,8,5,313746,5,1,514.7,8,1
wingman_2ca3c-20261004-215302_noe_kill,423.9,boss phase,Sword Phase,9,Specter,7.4,80483,0,1,0,4,0,0,1,3,0,3,0,297.4,9,1,0,2.5,4,0,4,7,10,7.5,4,10,6,7,7757391,4,1,149510,3,1,35439,6,1,100,8,3,2,7,5,12,2,1,5,5,1,1,6.5,4,227504,4,1,433.6,9,1
wingman_2ca3c-20261004-215302_noe_kill,518.3,last phase,Final Form Phase,10,Scourge,34.4,81071,0,1,1,5,0,0,0,4,0,3,0,580,8,1,10,8,5,0,4.5,8,0,3.5,6,10,6.5,8,9877228,5,1,161179,5,1,0,2,3,100,5.5,10,1,3,5,24,6,1,4,5,1,0,3,5,1000000000,8,5,684.9,8,1
wingman_3273c-20261001-011226_noe_fail,67.7,boss phase,Staff Phase,10,Scourge,7.7,81209,0,1,1,9,0,0,0,3,0,3,0,395.9,4,1,0,4.5,8,0,4.5,8,0,3.5,6,10,6.5,8,1888263,9,1,275551,5,1,6744,4,1,94,1,1,2,3,5,20,9,1,3,4,1,0,5,9,1000000000,6,9,213,3,1
wingman_3273c-20261001-011226_noe_fail,144.7,phase entry (bar break),Spear Phase,10,Chronomancer,17.0,80420,0,1,1,8,0,0,0,0,0,3,0,384.1,8,1,0,4.5,8,0,4.5,8,0,3.5,6,10,6.5,8,3632614,9,1,0,5.5,10,12150,9,1,100,6,9,3,8,5,17,7,1,8,9,1,0,4.5,8,1000000000,6.5,8,529,10,1
wingman_3273c-20261001-011226_noe_fail,185.2,boss phase,Spear Phase,10,Scourge,16.6,80809,0,1,1,7,0,0,0,3,1,3,0,223.4,5,1,0,4.5,8,0,4.5,8,0,3.5,6,10,6.5,8,4185128,5,1,204677,6,1,36108,10,1,91.1,1,1,2,3,5,13,3,1,0,1,1,0,4,7,1000000000,7,7,638.8,10,1
wingman_3273c-20261001-011226_noe_fail,228.7,boss phase,Spear Phase,10,Troubadour,3.4,80555,0,1,0,6,0,0,0,3,0,0,1,286.8,5,1,10,9.5,2,10,9.5,2,10,8.5,4,0,1.5,2,301064,2,1,14541,1,1,15038,6,1,100,6,9,2,3,5,22,10,1,1,2,1,1,8.5,4,168686,4,1,98.4,6,1
wingman_3273c-20261001-011226_noe_fail,307.2,phase entry (bar break),Sword Phase,9,Chronomancer,37.6,81017,0,1,0,6,0,0,0,0,0,0,0,372.2,9,1,0,4,7,0,4,7,0,3,5,10,6,7,7115195,8,1,0,5,9,9384,8,1,100,5,9,3,7,5,17,6,1,8,8,1,1,7.5,2,138648,2,1,90,4,1
wingman_3273c-20261001-011226_noe_fail,372.8,boss phase,Sword Phase,10,Specter,7.3,81271,0,1,1,6,0,0,0,3,0,0,0,560.3,3,1,0,4.5,8,0,4.5,8,10,8.5,4,10,6.5,8,5741149,4,1,153995,3,1,26554,9,1,32.6,1,1,3,8,5,15,5,1,5,6,1,0,3.5,6,1000000000,7.5,6,241.1,4,1
wingman_3273c-20261001-011226_noe_fail,440.3,boss phase,Sword Phase,9,Scourge,11.7,80483,0,1,1,5,0,0,0,3,0,2,0,518,8,1,0,4,7,0,4,7,0,3,5,10,6,7,9718042,7,1,234238,9,1,10171,4,1,100,6,7,3,7.5,4,16,6,1,7,8,1,0,3,5,1000000000,7,5,707.7,8,1
wingman_3273c-20261001-011226_noe_fail,528.7,last phase,Split 3,10,Scourge,28.4,81071,0,1,0,4,0,0,0,3,0,0,0,506.5,9,1,0,4.5,8,0,4.5,8,0,3.5,6,10,6.5,8,11200241,10,1,0,5.5,10,9426,2,1,100,6,9,2,3,5,20,9,1,3,4,1,1,6.5,4,401056,6,1,49,2,1
wingman_3OrP-20261004-023256_boss,67.7,boss phase,Staff Phase,10,Specter,7.7,81209,0,1,1,9,0,0,1,3,0,3,0,273.4,1,1,0,2.5,4,0,4.5,8,10,9,3,10,6.5,8,1600329,3,1,262681,3,1,10606,4,1,100,7,7,1,3,5,14,5,1,0,1,1,0,5,9,1000000000,6,9,919.9,10,1
wingman_3OrP-20261004-023256_boss,146.0,phase entry (bar break),Spear Phase,10,Scourge,18.3,80420,0,1,1,8,0,0,0,0,0,0,0,277,8,1,10,7.5,6,0,4.5,8,0,4,7,10,6.5,8,3362186,7,1,574,9,1,21029,7,1,100,9.5,2,1,3,5,10,1,1,2,3,1,0,4.5,8,1000000000,6.5,8,197.3,8,1
wingman_3OrP-20261004-023256_boss,173.2,boss phase,Spear Phase,10,Scourge,0.8,80810,0,1,1,7,0,0,0,3,0,0,0,351,3,1,0,2.5,4,0,4.5,8,0,4,7,10,6.5,8,4255476,9,1,297226,10,1,0,3,5,100,5.5,10,2,8,5,12,3,1,8,9,1,0,4,7,1000000000,7,7,75.5,4,1
wingman_3OrP-20261004-023256_boss,193.3,boss phase,Spear Phase,10,Evoker,17.8,80555,0,1,1,6,0,0,0,0,0,3,0,148.5,5,1,10,7.5,6,0,4.5,8,0,4,7,10,6.5,8,4192054,4,1,315770,10,1,7987,3,1,100,6.5,8,2,8,5,21,9,1,9,10,1,0,3.5,6,1000000000,7.5,6,213.6,9,1
wingman_3OrP-20261004-023256_boss,289.3,phase entry (bar break),Sword Phase,10,Scourge,36.0,81017,0,1,1,5,0,0,0,0,0,0,0,201.4,5,1,10,7.5,6,0,4.5,8,0,4,7,10,6.5,8,6459565,6,1,2969,10,1,3532,8,1,100,7,7,2,8,5,24,10,1,7,8,1,0,3,5,1000000000,8,5,186.9,5,1
wingman_3OrP-20261004-023256_boss,356.3,boss phase,Sword Phase,10,Troubadour,15.3,80629,0,1,1,4,0,0,0,3,1,3,0,737.3,10,1,10,7.5,6,10,9.5,2,10,9,3,0,1.5,2,299890,2,1,6085,2,1,9697,1,1,89.6,2,1,2,8,5,17,8,1,5,6,1,0,2.5,4,1000000000,8.5,4,586.9,10,1
wingman_3OrP-20261004-023256_boss,422.0,boss phase,Sword Phase,10,Scourge,5.7,80483,0,1,1,3,0,0,0,3,0,3,0,270.4,7,1,0,2.5,4,0,4.5,8,0,4,7,10,6.5,8,10583927,10,1,189112,5,1,31803,6,1,96.8,5,1,1,3,5,16,7,1,1,2,1,0,2,3,1000000000,9,3,649.2,6,1
wingman_3OrP-20261004-023256_boss,504.7,last phase,Final Form Phase,10,Scourge,22.7,81071,0,1,0,2,0,0,1,5,1,3,0,494.2,3,1,10,7.5,6,0,4.5,8,0,4,7,10,6.5,8,10632100,9,1,199855,9,1,9921,6,1,100,6,9,1,3,5,10,1,1,2,3,1,1,6.5,8,332282,6,1,148.4,3,1
wingman_3c4a4-20260930-233824_noe_fail,67.0,boss phase,Staff Phase,10,Scourge,7.0,81209,0,1,1,9,0,0,0,3,1,3,0,855.3,9,1,0,4,7,0,4.5,8,0,3.5,6,10,6.5,8,1948645,10,1,300250,7,1,4402,2,1,100,8,5,2,3,5,15,4,1,2,3,1,0,5,9,1000000000,6,9,396.6,4,1
wingman_3c4a4-20260930-233824_noe_fail,140.9,phase entry (bar break),Spear Phase,10,Scourge,13.9,80420,0,1,1,8,0,0,0,0,0,3,0,140.9,2,1,0,4,7,0,4.5,8,0,3.5,6,10,6.5,8,3610183,8,1,0,5.5,10,1431,7,1,100,5.5,10,3,8,5,16,5,1,9,10,1,0,4.5,8,1000000000,6.5,8,220.6,10,1
wingman_3c4a4-20260930-233824_noe_fail,210.0,boss phase,Spear Phase,10,Scourge,9.1,80512,0,1,1,7,0,0,0,3,0,3,0,475.5,8,1,0,4,7,0,4.5,8,0,3.5,6,10,6.5,8,4883690,5,1,236658,5,1,19826,9,1,97.4,3,1,2,3,5,17,6,1,0,1,1,0,4,7,1000000000,7,7,698.4,10,1
wingman_3c4a4-20260930-233824_noe_fail,234.0,boss phase,Spear Phase,10,Troubadour,4.5,80916,0,1,1,6,0,0,0,3,1,3,0,635.7,9,1,10,9,3,10,9.5,2,10,8.5,4,0,1.5,2,311503,2,1,7739,1,1,7081,4,1,100,5.5,10,3,8,5,22,9,1,6,7,1,0,3.5,6,1000000000,7.5,6,134,9,1
wingman_3c4a4-20260930-233824_noe_fail,304.0,phase entry (bar break),Sword Phase,10,Chronomancer,10.0,81017,0,1,1,5,0,0,0,0,0,0,0,333.5,9,1,0,4,7,0,4.5,8,0,3.5,6,10,6.5,8,7254368,10,1,0,5.5,10,3745,5,1,100,5.5,10,3,8,5,12,2,1,8,9,1,0,3,5,1000000000,8,5,97.7,4,1
wingman_3c4a4-20260930-233824_noe_fail,347.4,boss phase,Sword Phase,10,Scourge,6.2,81053,0,1,1,4,0,0,0,0,1,3,0,410.9,4,1,10,9,3,0,4.5,8,0,3.5,6,10,6.5,8,7836921,7,1,167662,5,1,9657,2,1,100,6,9,2,3,5,19,7,1,3,4,1,0,2.5,4,1000000000,8.5,4,263.5,6,1
wingman_3c4a4-20260930-233824_noe_fail,369.0,boss phase,Sword Phase,10,Scourge,1.9,81271,0,1,1,3,0,2,0,2,1,3,0,313.2,3,1,0,4,7,0,4.5,8,0,3.5,6,10,6.5,8,8473508,9,1,133214,6,1,39028,10,1,74.1,2,1,3,8,5,14,3,1,7,8,1,0,2,3,1000000000,9,3,392.9,3,1
wingman_3c4a4-20260930-233824_noe_fail,437.1,boss phase,Sword Phase,10,Scourge,8.0,80483,0,1,0,2,0,0,0,3,1,3,0,874,10,1,0,4,7,0,4.5,8,0,3.5,6,10,6.5,8,9239874,5,1,160038,6,1,32613,9,1,100,8,5,2,3,5,17,6,1,0,1,1,1,6.5,8,207550,5,1,630.1,10,1
wingman_3c4a4-20260930-233824_noe_fail,516.7,last phase,Split 3,10,Chronomancer,38.8,81071,0,1,0,2,0,0,0,0,0,0,0,417.9,5,1,0,4,7,0,4.5,8,0,3.5,6,10,6.5,8,10496225,7,1,0,5,9,2446,5,1,100,5.5,10,3,8,5,12,2,1,8,9,1,1,6,7,175520,4,1,109.7,5,1
wingman_3c4a4-20260930-233824_noe_fail,556.7,last phase,Final Form Phase,5,Scourge,1.0,81071,0,0,0,1,0,0,0,2,0,0,0,802.4,5,1,10,5,1,0,3,5,0,2.5,4,10,3,5,11144060,3,1,169324,3,1,32368,5,1,76.1,2,1,2,2,3,19,4,1,3,2,1,1,3,3,189554,3,1,647.9,3,1
wingman_45f7e-Account-81AD_20261004-012814_noe_kill,68.2,fight start,Staff Phase,10,Evoker,,81209,,,1,10,0,0,0,3,1,3,0,803.7,10,1,10,6.5,8,0,4.5,8,0,4.5,8,10,6.5,8,1912987,8,1,354645,8,1,4717,2,1,100,9,3,2,8,5,11,1,1,7,8,1,0,5.5,10,1000000000,5.5,10,0,5.5,10
wingman_45f7e-Account-81AD_20261004-012814_noe_kill,134.5,phase entry (bar break),Spear Phase,10,Evoker,6.3,80420,1,1,0,9,0,0,1,3,0,0,0,511.1,10,1,10,6.5,8,0,4.5,8,0,4.5,8,10,6.5,8,3135046,7,1,0,5.5,10,545,1,1,100,6,9,2,8,5,11,1,1,7,8,1,1,10,1,6288,1,1,0,1,1
wingman_45f7e-Account-81AD_20261004-012814_noe_kill,200.6,boss phase,Spear Phase,10,Scourge,6.1,80916,0,1,1,9,0,0,1,3,0,3,0,424.6,4,1,10,6.5,8,0,4.5,8,0,4.5,8,10,6.5,8,5040572,8,1,286614,7,1,1445,5,1,100,5.5,10,1,3,5,25,9,1,1,2,1,0,5,9,1000000000,6,9,548.9,9,1
wingman_45f7e-Account-81AD_20261004-012814_noe_kill,282.4,phase entry (bar break),Sword Phase,10,Evoker,21.9,81017,0,1,1,8,0,0,0,0,0,0,0,447,10,1,0,1.5,2,0,4.5,8,0,4.5,8,10,6.5,8,6363139,7,1,0,3.5,6,3695,2,1,99.5,3,1,2,8,5,22,8,1,9,10,1,0,4.5,8,1000000000,6.5,8,594.6,10,1
wingman_45f7e-Account-81AD_20261004-012814_noe_kill,348.2,boss phase,Sword Phase,10,Evoker,5.8,81271,0,1,0,7,0,0,0,3,0,0,0,260.5,5,1,10,6.5,8,0,4.5,8,0,4.5,8,10,6.5,8,7516902,7,1,240981,4,1,24026,5,1,88.4,2,1,2,8,5,11,1,1,7,8,1,2,10,1,153716,3,1,445.1,9,1
wingman_45f7e-Account-81AD_20261004-012814_noe_kill,415.7,boss phase,Sword Phase,8,Scourge,7.6,80483,0,1,1,6,0,0,0,3,0,3,0,303.8,5,1,10,5.5,6,0,4,7,0,4,7,10,5,7,9723717,7,1,215590,5,1,22591,4,1,48.9,6,1,1,2.5,4,35,8,1,4,4,1,0,3.5,6,1000000000,5.5,6,470.6,5,1
wingman_45f7e-Account-81AD_20261004-012814_noe_kill,512.1,last phase,Final Form Phase,9,Evoker,36.4,81071,0,1,0,6,0,0,0,5,0,3,0,549.3,2,1,0,1.5,2,0,4,7,0,4,7,10,6,7,10278985,7,1,206109,8,1,6622,4,1,100,6.5,6,2,7.5,4,22,7,1,9,9,1,1,8,3,169676,2,1,714.2,6,1
wingman_47495-Account-8B25_20261001-234602_noe_fail,67.5,boss phase,Staff Phase,10,Specter,7.5,81209,0,1,1,9,0,0,0,3,1,3,0,434,9,1,0,4,7,0,4.5,8,10,9,3,10,6.5,8,903481,3,1,103105,3,1,12891,8,1,100,7,7,2,8,5,17,5,1,7,8,1,0,5,9,1000000000,6,9,722.3,9,1
wingman_47495-Account-8B25_20261001-234602_noe_fail,144.3,phase entry (bar break),Spear Phase,10,Harbinger,16.8,80420,0,1,1,8,0,0,0,0,0,3,0,296,6,1,0,4,7,0,4.5,8,0,4,7,10,6.5,8,4122239,10,1,21763,9,1,5092,5,1,100,7,7,1,3,5,50,10,1,2,3,1,0,4.5,8,1000000000,6.5,8,74.5,3,1
wingman_47495-Account-8B25_20261001-234602_noe_fail,205.6,boss phase,Spear Phase,10,Troubadour,1.3,80629,0,1,1,7,0,0,0,3,1,3,1,775.9,10,1,10,9,3,10,9.5,2,10,9,3,0,1.5,2,203507,2,1,11449,2,1,0,4,7,100,5.5,10,1,3,5,25,9,1,3,4,1,0,4,7,1000000000,7,7,293.9,10,1
wingman_47495-Account-8B25_20261001-234602_noe_fail,292.3,phase entry (bar break),Sword Phase,10,Scourge,26.7,81017,0,1,1,6,0,0,0,0,0,0,0,175.1,1,1,0,4,7,0,4.5,8,0,4,7,10,6.5,8,7006370,7,1,209,4,1,17094,10,1,92.6,1,1,2,8,5,13,1,1,6,7,1,0,3.5,6,1000000000,7.5,6,643.7,10,1
wingman_47495-Account-8B25_20261001-234602_noe_fail,363.1,boss phase,Sword Phase,10,Scourge,10.8,80483,0,1,1,5,0,0,0,3,1,5,0,114.3,1,1,10,9,3,0,4.5,8,0,4,7,10,6.5,8,8798756,9,1,280367,9,1,18679,5,1,100,9.5,2,2,8,5,15,3,1,8,9,1,0,3,5,1000000000,8,5,750.7,6,1
wingman_47495-Account-8B25_20261001-234602_noe_fail,384.8,boss phase,Sword Phase,10,Scourge,17.5,80585,1,1,0,4,0,0,0,0,0,3,0,410.8,8,1,10,9,3,0,4.5,8,0,4,7,10,6.5,8,9354910,9,1,215227,5,1,20242,3,1,100,5.5,10,2,8,5,15,3,1,8,9,1,1,7.5,6,17474,1,1,0,1,1
wingman_47495-Account-8B25_20261001-234602_noe_fail,406.3,boss phase,Sword Phase,6,Troubadour,1.5,81271,0,0,1,2,0,0,0,2,0,0,0,602.7,4,1,10,5.5,2,10,5.5,2,10,5,3,0,1.5,2,346494,1,1,3034,1,1,19224,3,1,87.8,3,1,2,5,3,21,4,1,9,6,1,0,1.5,2,1000000000,5.5,2,334.8,1,1
wingman_47495-Account-8B25_20261001-234602_noe_fail,430.6,boss phase,Sword Phase,10,Evoker,1.3,81053,0,1,1,3,0,2,1,3,0,3,0,262.4,4,1,0,4,7,0,4.5,8,0,4,7,10,6.5,8,7749425,5,1,144464,7,1,3448,1,1,100,6.5,8,1,3,5,14,2,1,1,2,1,0,2,3,1000000000,9,3,238.2,6,1
wingman_47495-Account-8B25_20261001-234602_noe_fail,476.7,boss phase,Sword Phase,7,Troubadour,20.2,80483,0,1,0,1,0,0,0,2,1,2,1,565.8,6,1,10,6,3,10,6.5,2,10,6,3,0,1.5,2,442467,2,1,4435,2,1,30307,5,1,94.6,3,1,1,2,3,25,7,1,3,3,1,1,4,5,211130,5,1,522.2,6,1
wingman_47495-Account-8B25_20261001-234602_noe_fail,514.3,last phase,Split 3,10,Scourge,34.4,81071,0,1,1,2,0,0,0,0,0,0,0,328.1,9,1,0,4,7,0,4.5,8,0,4,7,10,6.5,8,10112558,6,1,0,5.5,10,9058,8,1,100,7,7,1,3,5,19,7,1,0,1,1,0,1.5,2,1000000000,9.5,2,40.4,2,1
wingman_47495-Account-8B25_20261001-234602_noe_fail,594.3,last phase,Final Form Phase,8,Evoker,20.0,81071,0,1,0,1,0,0,0,1,1,3,0,366.5,6,1,0,3,5,0,3.5,6,0,3,5,10,5.5,6,9222245,4,1,97266,4,1,5472,6,1,100,4.5,8,1,2,3,14,2,1,1,2,1,1,4,5,137812,3,1,268.9,5,1
wingman_47d67-20261004-012811_noe_kill,67.8,boss phase,Staff Phase,10,Scourge,7.8,81209,0,1,1,9,0,0,0,3,0,3,0,761,9,1,10,7.5,6,0,4.5,8,0,4,7,10,6.5,8,1664128,7,1,277327,5,1,18982,9,1,100,7.5,6,2,8,5,14,4,1,6,7,1,0,5,9,1000000000,6,9,222.8,2,1
wingman_47d67-20261004-012811_noe_kill,154.0,phase entry (bar break),Spear Phase,10,Scourge,26.2,80420,0,1,1,8,0,0,0,0,1,3,0,148.5,2,1,10,7.5,6,0,4.5,8,0,4,7,10,6.5,8,3453220,7,1,0,5.5,10,5518,3,1,100,8.5,4,2,8,5,27,8,1,7,8,1,0,4.5,8,1000000000,6.5,8,317,9,1
wingman_47d67-20261004-012811_noe_kill,222.4,boss phase,Spear Phase,10,Scourge,8.4,80512,0,1,1,7,0,0,0,3,1,3,0,387.6,3,1,10,7.5,6,0,4.5,8,0,4,7,10,6.5,8,5284499,9,1,253264,9,1,6509,4,1,95.1,5,1,1,3,5,20,6,1,2,3,1,0,4,7,1000000000,7,7,75.6,2,1
wingman_47d67-20261004-012811_noe_kill,246.8,boss phase,Spear Phase,10,Specter,16.7,80916,0,1,1,6,0,0,1,3,1,3,0,305.1,2,1,0,2.5,4,0,4.5,8,10,9,3,10,6.5,8,4841544,4,1,266719,4,1,1486,2,1,100,6,9,1,3,5,13,3,1,0,1,1,0,3.5,6,1000000000,7.5,6,145.5,7,1
wingman_47d67-20261004-012811_noe_kill,267.8,boss phase,Spear Phase,10,Specter,8.4,80512,1,1,0,5,0,0,1,3,1,3,0,235.9,1,1,0,2.5,4,0,4.5,8,10,9,3,10,6.5,8,5166040,4,1,106488,3,1,7611,4,1,100,5.5,10,1,3,5,13,3,1,0,1,1,1,8,5,8430,1,1,0,1,1
wingman_47d67-20261004-012811_noe_kill,333.7,boss phase,Sword Phase,10,Scourge,5.9,81053,0,1,1,5,0,0,1,3,0,0,0,475.4,5,1,0,2.5,4,0,4.5,8,0,4,7,10,6.5,8,6975297,7,1,176853,8,1,12028,5,1,100,6,9,1,3,5,42,10,1,4,5,1,0,3,5,1000000000,8,5,137.4,3,1
wingman_47d67-20261004-012811_noe_kill,401.1,boss phase,Sword Phase,10,Scourge,7.4,80585,0,1,0,4,0,0,0,0,1,3,0,265.9,1,1,10,7.5,6,0,4.5,8,0,4,7,10,6.5,8,8092429,5,1,230953,8,1,29621,8,1,100,5.5,10,2,8,5,14,4,1,6,7,1,1,7,5,273240,5,1,344.2,7,1
wingman_47d67-20261004-012811_noe_kill,468.4,boss phase,Sword Phase,10,Evoker,7.3,80585,0,1,1,4,0,0,0,3,0,0,0,251.3,2,1,10,7.5,6,0,4.5,8,0,4,7,10,6.5,8,9686302,7,1,210202,7,1,5414,1,1,100,6,9,2,8,5,17,5,1,9,10,1,0,2.5,4,1000000000,8.5,4,572.4,6,1
wingman_47d67-20261004-012811_noe_kill,548.5,last phase,Final Form Phase,10,Scourge,20.1,81071,0,1,1,3,0,0,1,5,0,2,0,494.8,3,1,0,2.5,4,0,4.5,8,0,4,7,10,6.5,8,8339157,4,1,136367,5,1,18517,10,1,100,6.5,8,2,8,5,12,2,1,8,9,1,0,2,3,1000000000,9,3,508.5,9,1
wingman_4bfb1-Account-F0CC_20261004-232956_noe_kill,68.4,boss phase,Staff Phase,10,Renegade,8.4,81209,0,1,1,9,0,0,1,3,0,3,0,219,2,1,0,2,3,0,4.5,8,0,3.5,6,10,6.5,8,1795287,5,1,393533,10,1,10477,6,1,81.2,2,1,2,8,5,18,3,1,7,8,1,0,5,9,1000000000,6,9,236.9,7,1
wingman_4bfb1-Account-F0CC_20261004-232956_noe_kill,137.9,phase entry (bar break),Spear Phase,10,Renegade,9.5,80420,1,1,0,8,0,0,0,0,0,0,0,190.7,2,1,0,2,3,0,4.5,8,0,3.5,6,10,6.5,8,3371703,6,1,0,5.5,10,1206,5,1,100,5.5,10,2,8,5,18,3,1,7,8,1,1,9.5,2,9524,1,1,0,1,1
wingman_4bfb1-Account-F0CC_20261004-232956_noe_kill,199.1,boss phase,Spear Phase,10,Scourge,1.2,80629,0,1,1,8,0,0,0,3,0,3,0,810.6,9,1,10,7,7,0,4.5,8,0,3.5,6,10,6.5,8,5451677,10,1,298647,10,1,779,7,1,100,6,9,1,3,5,11,1,1,4,5,1,0,4.5,8,1000000000,6.5,8,211,2,1
wingman_4bfb1-Account-F0CC_20261004-232956_noe_kill,293.0,phase entry (bar break),Sword Phase,10,Specter,33.9,81017,0,1,1,7,0,0,0,0,0,0,0,259.2,5,1,0,2,3,0,4.5,8,10,8.5,4,10,6.5,8,5179846,4,1,0,5.5,10,2168,2,1,100,7,7,2,8,5,14,2,1,9,10,1,0,4,7,1000000000,7,7,95.9,7,1
wingman_4bfb1-Account-F0CC_20261004-232956_noe_kill,358.9,boss phase,Sword Phase,10,Scourge,17.2,81271,0,1,1,6,0,0,0,3,0,0,0,552.8,9,1,10,7,7,0,4.5,8,0,3.5,6,10,6.5,8,7928558,7,1,231605,9,1,12218,5,1,87.4,3,1,1,3,5,23,5,1,0,1,1,0,3.5,6,1000000000,7.5,6,481.9,9,1
wingman_4bfb1-Account-F0CC_20261004-232956_noe_kill,427.1,boss phase,Sword Phase,8,Troubadour,9.4,80483,0,1,1,5,0,0,0,3,0,3,1,230.1,6,1,10,5,7,10,7.5,2,10,7,3,0,1.5,2,371089,1,1,5309,1,1,38731,5,1,16.7,1,1,2,7,3,26,4,1,5,6,1,0,3,5,1000000000,6,5,464.3,7,1
wingman_4bfb1-Account-F0CC_20261004-232956_noe_kill,450.0,boss phase,Sword Phase,10,Troubadour,22.1,80585,1,1,0,4,0,0,0,3,0,0,1,2383.6,10,1,10,7,7,10,9.5,2,10,8.5,4,0,1.5,2,381233,1,1,1723,1,1,23566,4,1,100,8,5,2,8,5,26,6,1,5,6,1,1,7,5,22120,1,1,0,1,1
wingman_4bfb1-Account-F0CC_20261004-232956_noe_kill,500.3,last phase,Split 3,10,Specter,3.0,81071,0,1,0,4,0,0,0,0,0,0,0,217.3,1,1,0,2,3,0,4.5,8,10,8.5,4,10,6.5,8,6328267,3,1,0,5,9,5224,3,1,100,5.5,10,1,3,5,43,9,1,2,3,1,1,6.5,4,440322,6,1,194.9,10,1
wingman_4c55f-20261005-181952_noe_kill,67.7,fight start,Staff Phase,10,Scourge,,81209,,,1,10,0,0,0,3,1,3,0,476,8,1,10,7,7,0,4.5,8,0,4,7,10,6.5,8,1594755,6,1,256823,3,1,22481,9,1,100,7,7,1,3,5,32,9,1,1,2,1,0,5.5,10,1000000000,5.5,10,0,5.5,10
wingman_4c55f-20261005-181952_noe_kill,150.5,phase entry (bar break),Spear Phase,10,Renegade,22.9,80420,0,1,1,9,0,0,0,0,0,3,0,220.1,5,1,10,7,7,0,4.5,8,0,4,7,10,6.5,8,3280042,8,1,406,10,1,4516,7,1,100,5.5,10,2,8,5,12,3,1,7,8,1,0,5,9,1000000000,6,9,355,6,1
wingman_4c55f-20261005-181952_noe_kill,211.2,boss phase,Spear Phase,10,Evoker,0.6,80629,0,1,1,8,0,0,0,3,0,3,0,928.4,7,1,0,2,3,0,4.5,8,0,4,7,10,6.5,8,4471166,3,1,297631,7,1,1088,2,1,100,5.5,10,1,3,5,15,6,1,3,4,1,0,4.5,8,1000000000,6.5,8,82.4,3,1
wingman_4c55f-20261005-181952_noe_kill,303.9,phase entry (bar break),Sword Phase,10,Scourge,32.7,81017,0,1,1,7,0,0,0,0,0,0,0,402,9,1,0,2,3,0,4.5,8,0,4,7,10,6.5,8,7396957,10,1,0,4.5,8,30982,9,1,93.5,1,1,1,3,5,13,4,1,0,1,1,0,4,7,1000000000,7,7,424.1,9,1
wingman_4c55f-20261005-181952_noe_kill,369.4,boss phase,Sword Phase,10,Scourge,5.5,81271,0,1,1,6,0,0,0,3,0,0,0,258,5,1,10,7,7,0,4.5,8,0,4,7,10,6.5,8,7495573,7,1,172299,5,1,33621,6,1,80.8,6,1,1,3,5,31,8,1,2,3,1,0,3.5,6,1000000000,7.5,6,88.2,4,1
wingman_4c55f-20261005-181952_noe_kill,437.8,boss phase,Sword Phase,9,Scourge,8.4,80483,0,1,0,5,0,0,0,3,1,3,0,134.5,1,1,0,2,3,0,4,7,0,3.5,6,10,6,7,10080253,8,1,239011,9,1,47643,6,1,91.6,8,1,1,3,5,13,3,1,0,1,1,1,7.5,4,73886,2,1,303.4,9,1
wingman_4c55f-20261005-181952_noe_kill,507.0,last phase,Final Form Phase,10,Troubadour,9.2,81071,0,1,1,5,0,0,0,3,0,0,1,793.1,8,1,10,7,7,10,9.5,2,10,9,3,0,1.5,2,452697,1,1,4621,1,1,4546,2,1,100,7,7,2,8,5,11,2,1,9,10,1,0,3,5,1000000000,8,5,94.7,7,1
wingman_4f111-Account-81AD_20260930-183104_noe_fail,67.6,fight start,Staff Phase,10,Scourge,,81209,,,1,10,0,0,0,3,0,3,0,518.9,3,1,0,2.5,4,0,4.5,8,0,4.5,8,10,6.5,8,1593112,5,1,242590,4,1,10146,7,1,100,7.5,6,1,3,5,18,4,1,2,3,1,0,5.5,10,1000000000,5.5,10,0,5.5,10
wingman_4f111-Account-81AD_20260930-183104_noe_fail,150.6,phase entry (bar break),Spear Phase,10,Specter,23.0,80420,0,1,1,9,0,0,0,0,0,3,0,182.8,1,1,0,2.5,4,0,4.5,8,10,9.5,2,10,6.5,8,2273218,3,1,0,5.5,10,20946,10,1,100,5.5,10,2,8,5,19,5,1,6,7,1,0,5,9,1000000000,6,9,207.6,10,1
wingman_4f111-Account-81AD_20260930-183104_noe_fail,211.4,boss phase,Spear Phase,10,Scourge,0.8,80629,0,1,0,8,0,0,0,3,0,3,0,327.1,2,1,0,2.5,4,0,4.5,8,0,4.5,8,10,6.5,8,5113539,8,1,340585,9,1,0,5.5,10,100,5.5,10,1,3,5,18,4,1,2,3,1,1,9.5,2,83800,2,1,41.6,2,1
wingman_4f111-Account-81AD_20260930-183104_noe_fail,304.6,phase entry (bar break),Sword Phase,10,Troubadour,33.2,81017,0,1,1,8,0,0,0,0,0,0,0,224.1,3,1,10,7.5,6,10,9.5,2,0,4.5,8,0,1.5,2,160923,1,1,0,2.5,4,5093,1,1,100,5.5,10,1,3,5,23,8,1,4,5,1,0,4.5,8,1000000000,6.5,8,346.9,8,1
wingman_4f111-Account-81AD_20260930-183104_noe_fail,370.8,boss phase,Sword Phase,10,Scourge,6.2,81271,0,1,0,7,0,0,0,3,0,0,0,185.1,2,1,0,2.5,4,0,4.5,8,0,4.5,8,10,6.5,8,8213872,8,1,211220,6,1,19186,8,1,92,3,1,1,3,5,18,4,1,2,3,1,2,10,1,99372,2,1,284.1,9,1
wingman_4f111-Account-81AD_20260930-183104_noe_fail,438.2,boss phase,Sword Phase,8,Scourge,7.4,80483,0,0,1,6,0,0,0,2,0,1,0,353.3,6,1,10,5.5,6,0,3.5,6,0,3.5,6,10,5.5,6,9377837,6,1,76349,5,1,41781,5,1,48.3,2,1,2,6,5,20,5,1,7,6,1,0,3.5,6,1000000000,5.5,6,583.9,7,1
wingman_4f111-Account-81AD_20260930-183104_noe_fail,512.6,last phase,Split 3,10,Scourge,14.4,81071,0,1,1,6,0,0,0,0,0,0,0,480.3,7,1,10,7.5,6,0,4.5,8,0,4.5,8,10,6.5,8,9824397,7,1,0,5.5,10,1134,8,1,100,5.5,10,2,8,5,22,7,1,9,10,1,0,3.5,6,1000000000,7.5,6,121.9,4,1
wingman_4f111-Account-81AD_20260930-183104_noe_fail,552.6,last phase,Final Form Phase,5,Scourge,1.0,81071,0,0,0,2,0,0,0,1,0,2,0,274.9,2,1,10,4,3,0,2.5,4,0,3,5,10,3.5,4,10408430,4,1,104315,2,1,54345,5,1,59.1,2,1,2,5,1,20,3,1,7,5,1,1,3.5,2,54402,1,1,415.5,4,1
wingman_5398e-20260930-162239_noe_fail,67.4,fight start,Staff Phase,10,Weaver,,81209,,,1,10,0,0,1,3,0,3,0,295.2,1,1,10,7,7,0,4.5,8,0,3.5,6,10,6.5,8,1831763,9,1,397477,10,1,2014,1,1,100,8,5,1,3,5,15,4,1,2,3,1,0,5.5,10,1000000000,5.5,10,0,5.5,10
wingman_5398e-20260930-162239_noe_fail,159.6,phase entry (bar break),Spear Phase,10,Specter,32.2,80420,0,1,1,9,0,0,0,0,0,0,0,293.2,5,1,0,2,3,0,4.5,8,10,8.5,4,10,6.5,8,1300180,3,1,606,6,1,25789,10,1,100,5.5,10,1,3,5,14,3,1,4,5,1,0,5,9,1000000000,6,9,208,10,1
wingman_5398e-20260930-162239_noe_fail,205.7,boss phase,Spear Phase,10,Specter,15.5,80555,1,1,0,8,0,0,0,0,1,3,0,509.9,8,1,0,2,3,0,4.5,8,10,8.5,4,10,6.5,8,1660940,3,1,17208,3,1,10325,2,1,100,8,5,1,3,5,14,3,1,4,5,1,1,9.5,2,15478,1,1,0,1,1
wingman_5398e-20260930-162239_noe_fail,252.0,boss phase,Spear Phase,10,Weaver,12.7,80916,0,1,0,8,0,0,1,3,0,3,0,374.8,8,1,10,7,7,0,4.5,8,0,3.5,6,10,6.5,8,7078448,10,1,333644,7,1,5638,4,1,100,8,5,1,3,5,15,4,1,2,3,1,1,9,1,124644,2,1,112.5,7,1
wingman_5398e-20260930-162239_noe_fail,318.6,phase entry (bar break),Sword Phase,10,Evoker,6.6,81017,0,1,1,8,0,0,0,0,0,0,0,293.7,2,1,10,7,7,0,4.5,8,0,3.5,6,10,6.5,8,7734810,9,1,936,10,1,12329,9,1,100,5.5,10,2,8,5,23,8,1,9,10,1,0,4.5,8,1000000000,6.5,8,107.4,5,1
wingman_5398e-20260930-162239_noe_fail,341.5,boss phase,Sword Phase,10,Evoker,10.6,80585,1,1,0,7,0,0,1,3,0,0,0,307,4,1,10,7,7,0,4.5,8,0,3.5,6,10,6.5,8,8083745,9,1,87403,4,1,9487,3,1,100,7.5,6,2,8,5,23,8,1,9,10,1,1,8,1,10640,1,1,0,1,1
wingman_5398e-20260930-162239_noe_fail,406.4,boss phase,Sword Phase,10,Evoker,4.9,81271,1,1,0,7,0,0,1,3,1,3,0,117.4,1,1,10,7,7,0,4.5,8,0,3.5,6,10,6.5,8,9191413,9,1,134049,5,1,39526,9,1,100,7,7,2,8,5,23,8,1,9,10,1,2,9,3,4892,1,1,0,1,1
wingman_5398e-20260930-162239_noe_fail,474.2,boss phase,Sword Phase,10,Scourge,7.8,80483,0,1,1,7,0,0,0,0,0,3,0,302.6,7,1,10,7,7,0,4.5,8,0,3.5,6,10,6.5,8,9696413,5,1,220251,7,1,61195,8,1,51.8,3,1,2,8,5,11,1,1,8,9,1,0,4,7,1000000000,7,7,48.2,2,1
wingman_5398e-20260930-162239_noe_fail,545.7,last phase,Split 3,10,Troubadour,35.8,81071,0,1,1,6,0,0,0,0,1,3,0,345.6,8,1,10,7,7,10,9.5,2,10,8.5,4,0,1.5,2,376368,2,1,0,5.5,10,0,2,3,100,5.5,10,2,8,5,16,5,1,7,8,1,0,3.5,6,1000000000,7.5,6,378.7,10,1
wingman_5771f-Account-CDD2_20261003-011714_noe_kill,67.9,boss phase,Staff Phase,10,Troubadour,7.9,81209,0,1,1,9,0,0,1,3,0,3,0,294.8,1,1,10,10,1,10,10,1,10,9,3,0,1.5,2,88412,1,1,15747,1,1,26053,8,1,95.6,4,1,2,8,5,15,4,1,8,9,1,0,5,9,1000000000,6,9,560.4,9,1
wingman_5771f-Account-CDD2_20261003-011714_noe_kill,144.1,phase entry (bar break),Spear Phase,10,Scourge,16.2,80420,0,1,1,8,0,0,0,0,1,3,0,362.8,10,1,0,5,9,0,5,9,0,4,7,10,6.5,8,2979759,4,1,0,5.5,10,2325,6,1,100,5.5,10,2,8,5,12,2,1,6,7,1,0,4.5,8,1000000000,6.5,8,265.1,10,1
wingman_5771f-Account-CDD2_20261003-011714_noe_kill,191.9,boss phase,Spear Phase,10,Specter,13.6,80555,0,1,0,7,0,0,0,0,0,3,0,124.4,4,1,0,5,9,0,5,9,10,9,3,10,6.5,8,3039339,3,1,224812,3,1,8045,3,1,94.4,1,1,2,8,5,21,9,1,9,10,1,1,9,3,131878,3,1,152.9,8,1
wingman_5771f-Account-CDD2_20261003-011714_noe_kill,287.6,phase entry (bar break),Sword Phase,10,Troubadour,51.8,81017,0,1,1,7,0,0,0,0,0,0,1,189.4,2,1,0,5,9,0,5,9,10,9,3,0,1.5,2,2514628,2,1,1385,2,1,8539,4,1,100,5.5,10,1,3,5,13,3,1,4,5,1,0,4,7,1000000000,7,7,222.5,9,1
wingman_5771f-Account-CDD2_20261003-011714_noe_kill,353.7,boss phase,Sword Phase,10,Specter,6.0,80629,0,1,0,6,0,0,1,3,0,3,0,278.6,5,1,0,5,9,0,5,9,10,9,3,10,6.5,8,4511135,3,1,102979,3,1,11781,2,1,100,5.5,10,2,8,5,21,9,1,9,10,1,2,10,1,117838,2,1,316.5,5,1
wingman_5771f-Account-CDD2_20261003-011714_noe_kill,419.7,boss phase,Sword Phase,10,Scourge,6.0,80809,0,1,1,6,0,0,0,3,1,3,0,315.5,6,1,0,5,9,0,5,9,0,4,7,10,6.5,8,8729527,6,1,175363,5,1,31129,9,1,60.9,5,1,2,8,5,17,6,1,7,8,1,0,3.5,6,1000000000,7.5,6,162.1,5,1
wingman_5771f-Account-CDD2_20261003-011714_noe_kill,518.5,last phase,Final Form Phase,9,Troubadour,38.8,81071,0,1,0,4,0,0,1,5,0,3,1,451,3,1,0,4.5,8,0,4.5,8,10,8,3,0,1.5,2,3111453,2,1,27102,2,1,15458,5,1,100,6,7,1,3,5,13,3,1,4,5,1,1,6.5,4,170878,3,1,375.1,8,1
wingman_5771f-Account-CDD2_20261003-011714_noe_kill,558.5,last phase,Final Form Phase,5,Troubadour,15.6,81071,1,1,0,3,0,0,1,3,1,1,1,152.1,1,1,0,3,5,0,3,5,10,4.5,2,0,1,1,3181016,1,1,5589,1,1,12076,3,1,47.9,2,1,1,2.5,4,13,2,1,4,4,1,2,4,1,15596,1,1,0,1,1
wingman_704cb-20261003-193028_noe_kill,67.9,fight start,Staff Phase,10,Scourge,,81209,,,1,10,0,0,0,3,1,3,0,619.2,10,1,0,4,7,0,4.5,8,0,4.5,8,10,7.5,6,1942150,9,1,347611,7,1,26074,10,1,72.5,1,1,3,8,5,20,7,1,5,6,1,0,5.5,10,1000000000,5.5,10,0,5.5,10
wingman_704cb-20261003-193028_noe_kill,146.5,phase entry (bar break),Spear Phase,10,Troubadour,18.6,80420,0,1,1,9,0,0,0,0,0,0,0,265.4,7,1,10,9,3,10,9.5,2,10,9.5,2,0,2.5,4,120318,1,1,0,1,1,8808,7,1,100,5.5,10,3,8,5,21,8,1,6,7,1,0,5,9,1000000000,6,9,44.1,3,1
wingman_704cb-20261003-193028_noe_kill,215.5,boss phase,Spear Phase,10,Scourge,9.0,80512,0,1,0,8,0,0,0,3,0,3,0,332.3,4,1,0,4,7,0,4.5,8,0,4.5,8,10,7.5,6,5355869,6,1,241398,6,1,9658,8,1,100,6,9,3,8,5,20,7,1,5,6,1,1,9.5,2,87596,2,1,344.5,4,1
wingman_704cb-20261003-193028_noe_kill,304.9,phase entry (bar break),Sword Phase,10,Scourge,37.2,81017,0,1,1,8,0,0,0,0,0,0,0,415.4,5,1,0,4,7,0,4.5,8,0,4.5,8,10,7.5,6,6547411,6,1,0,5.5,10,3395,8,1,100,5.5,10,3,8,5,19,6,1,8,9,1,0,4.5,8,1000000000,6.5,8,119.4,5,1
wingman_704cb-20261003-193028_noe_kill,370.0,boss phase,Sword Phase,10,Evoker,5.1,81271,0,1,1,7,0,0,0,3,0,3,0,280.2,8,1,0,4,7,0,4.5,8,0,4.5,8,10,7.5,6,8013991,8,1,285079,9,1,19616,4,1,100,8,5,3,8,5,24,10,1,9,10,1,0,4,7,1000000000,7,7,26.5,2,1
wingman_704cb-20261003-193028_noe_kill,437.2,boss phase,Sword Phase,9,Vindicator,7.2,80483,0,1,1,5,0,0,1,3,1,3,0,186.1,7,1,0,3.5,6,0,4,7,0,4,7,0,2,3,6850884,3,1,287087,8,1,19308,6,1,74.5,1,1,2,2.5,4,12,2,1,0,1,1,0,3,5,1000000000,7,5,440.6,8,1
wingman_704cb-20261003-193028_noe_kill,498.2,last phase,Split 3,10,Scourge,1.0,81071,0,1,0,5,0,0,0,0,0,0,0,312,6,1,0,4,7,0,4.5,8,0,4.5,8,10,7.5,6,9883257,8,1,0,5,9,11332,10,1,100,6,9,3,8,5,20,7,1,5,6,1,2,10,1,230562,4,1,453.7,8,1
wingman_755ee-Account-059D_20261004-184040_noe_kill,68.0,fight start,Staff Phase,10,Tempest,,81209,,,1,10,0,0,1,3,0,3,0,381.2,4,1,0,3.5,6,0,5,9,0,4.5,8,10,7.5,6,1116254,3,1,230845,4,1,13414,8,1,90.1,5,1,6,3,5,26,9,1,3,4,1,0,5.5,10,1000000000,5.5,10,0,5.5,10
wingman_755ee-Account-059D_20261004-184040_noe_kill,149.6,phase entry (bar break),Spear Phase,10,Troubadour,21.5,80420,0,1,1,9,0,0,0,0,0,3,1,242.4,4,1,0,3.5,6,0,5,9,10,9.5,2,0,2.5,4,1249978,2,1,1580,7,1,2171,4,1,100,5.5,10,7,8,5,11,1,1,6,7,1,0,5,9,1000000000,6,9,247.4,3,1
wingman_755ee-Account-059D_20261004-184040_noe_kill,218.0,boss phase,Spear Phase,10,Scourge,8.5,80512,0,1,1,8,0,0,0,3,0,3,0,550.5,10,1,0,3.5,6,0,5,9,0,4.5,8,10,7.5,6,4472311,5,1,249954,8,1,1275,3,1,100,5.5,10,7,8,5,14,3,1,5,6,1,0,4.5,8,1000000000,6.5,8,383.7,10,1
wingman_755ee-Account-059D_20261004-184040_noe_kill,329.5,phase entry (bar break),Sword Phase,10,Troubadour,51.5,81017,0,1,0,7,0,0,0,0,0,0,1,341.4,9,1,0,3.5,6,0,5,9,10,9.5,2,0,2.5,4,2388159,2,1,0,5,9,13200,10,1,100,6.5,8,7,8,5,11,1,1,6,7,1,1,9,3,119964,2,1,628.7,8,1
wingman_755ee-Account-059D_20261004-184040_noe_kill,396.0,boss phase,Sword Phase,10,Scourge,6.5,81271,0,1,1,7,0,0,0,3,0,0,0,205.3,2,1,0,3.5,6,0,5,9,0,4.5,8,10,7.5,6,8720621,9,1,253297,9,1,17832,8,1,100,7.5,6,6,3,5,88,10,1,4,5,1,0,4,7,1000000000,7,7,191.1,3,1
wingman_755ee-Account-059D_20261004-184040_noe_kill,465.0,boss phase,Sword Phase,10,Troubadour,9.0,80483,0,1,0,6,0,0,0,3,0,3,1,120.6,4,1,0,3.5,6,0,5,9,10,9.5,2,0,2.5,4,3144889,2,1,65744,2,1,17478,2,1,100,5.5,10,7,8,5,11,1,1,6,7,1,2,10,1,75474,2,1,298.1,9,1
wingman_755ee-Account-059D_20261004-184040_noe_kill,561.1,last phase,Final Form Phase,10,Luminary,36.1,81071,0,1,1,6,0,0,1,5,0,3,0,282.3,1,1,0,3.5,6,0,5,9,0,4.5,8,0,2.5,4,7006088,4,1,87277,4,1,7661,3,1,100,7,7,7,8,5,20,7,1,7,8,1,0,3.5,6,1000000000,7.5,6,450.3,10,1
wingman_7b6a0-20261004-201330_noe_kill,68.3,fight start,Staff Phase,10,Scourge,,81209,,,1,10,0,0,0,3,0,3,0,432.2,5,1,10,8.5,4,0,4.5,8,0,3.5,6,10,6.5,8,1786371,9,1,325888,10,1,11484,5,1,94.9,4,1,2,8,5,14,4,1,6,7,1,0,5.5,10,1000000000,5.5,10,0,5.5,10
wingman_7b6a0-20261004-201330_noe_kill,146.1,phase entry (bar break),Spear Phase,10,Troubadour,17.9,80420,0,1,1,9,0,0,0,0,1,3,0,300.8,7,1,0,3.5,6,10,9.5,2,10,8.5,4,0,1.5,2,131833,2,1,0,5.5,10,14374,4,1,100,6,9,2,8,5,15,5,1,8,9,1,0,5,9,1000000000,6,9,168.4,6,1
wingman_7b6a0-20261004-201330_noe_kill,207.4,boss phase,Spear Phase,10,Scourge,1.3,80629,0,1,0,8,0,0,0,3,0,3,0,705.9,2,1,10,8.5,4,0,4.5,8,0,3.5,6,10,6.5,8,5212713,9,1,243017,4,1,0,4,7,100,5.5,10,2,8,5,14,4,1,6,7,1,1,9.5,2,79152,2,1,405,9,1
wingman_7b6a0-20261004-201330_noe_kill,253.9,boss phase,Spear Phase,10,Scourge,22.7,80629,1,1,0,8,0,0,0,3,0,3,0,614.7,5,1,10,8.5,4,0,4.5,8,0,3.5,6,10,6.5,8,6575419,9,1,225158,6,1,7483,5,1,100,6,9,2,8,5,14,4,1,6,7,1,2,10,1,22690,1,1,0,1,1
wingman_7b6a0-20261004-201330_noe_kill,299.5,phase entry (bar break),Sword Phase,10,Scourge,12.0,81017,0,1,1,8,0,0,0,0,0,0,0,219.5,2,1,0,3.5,6,0,4.5,8,0,3.5,6,10,6.5,8,6842352,6,1,796,10,1,4362,2,1,100,8,5,2,8,5,31,10,1,5,6,1,0,4.5,8,1000000000,6.5,8,465.6,8,1
wingman_7b6a0-20261004-201330_noe_kill,342.8,boss phase,Sword Phase,10,Scourge,7.4,81053,0,1,1,7,0,0,0,0,1,3,0,54.5,1,1,0,3.5,6,0,4.5,8,0,3.5,6,10,6.5,8,7572298,6,1,176945,5,1,32205,9,1,94.2,2,1,1,3,5,17,6,1,0,1,1,0,4,7,1000000000,7,7,162.1,8,1
wingman_7b6a0-20261004-201330_noe_kill,389.2,boss phase,Sword Phase,10,Specter,31.3,80585,0,1,1,6,0,0,0,1,1,3,0,376.8,4,1,0,3.5,6,0,4.5,8,10,8.5,4,10,6.5,8,5270287,3,1,148057,5,1,25657,7,1,100,7,7,1,3,5,13,3,1,2,3,1,0,3.5,6,1000000000,7.5,6,493.7,5,1
wingman_7b6a0-20261004-201330_noe_kill,432.7,boss phase,Sword Phase,10,Troubadour,13.9,80483,0,1,0,5,0,0,0,3,0,3,0,380.9,7,1,0,3.5,6,10,9.5,2,10,8.5,4,0,1.5,2,381467,2,1,5560,1,1,14395,9,1,100,5.5,10,2,8,5,15,5,1,8,9,1,1,7.5,4,226572,5,1,81.9,6,1
wingman_7b6a0-20261004-201330_noe_kill,509.9,last phase,Split 3,10,Scourge,17.1,81071,0,1,1,5,0,0,0,0,0,0,0,408.1,10,1,0,3.5,6,0,4.5,8,0,3.5,6,10,6.5,8,10799476,10,1,0,5,9,6976,5,1,100,6,9,1,3,5,28,9,1,3,4,1,0,3,5,1000000000,8,5,89.6,5,1
wingman_7bf41-20261006-231822_noe_kill,68.2,fight start,Staff Phase,10,Harbinger,,81209,,,1,10,0,0,0,3,0,3,0,313.3,2,1,0,3,5,0,4.5,8,0,4.5,8,10,6.5,8,2394559,10,1,470925,9,1,18413,8,1,88,5,1,2,8,5,32,10,1,7,8,1,0,5.5,10,1000000000,5.5,10,0,5.5,10
wingman_7bf41-20261006-231822_noe_kill,131.2,phase entry (bar break),Spear Phase,10,Evoker,3.0,80420,0,1,1,9,0,0,1,3,0,0,0,365.2,8,1,10,8,5,0,4.5,8,0,4.5,8,10,6.5,8,2776463,5,1,27301,7,1,2663,4,1,100,7.5,6,1,3,5,28,8,1,0,1,1,0,5,9,1000000000,6,9,90.3,4,1
wingman_7bf41-20261006-231822_noe_kill,211.4,boss phase,Spear Phase,10,Scourge,20.2,80555,0,1,1,8,0,0,0,3,0,0,0,368.7,9,1,0,3,5,0,4.5,8,0,4.5,8,10,6.5,8,5614815,8,1,238095,4,1,16773,6,1,100,8,5,2,8,5,15,3,1,8,9,1,0,4.5,8,1000000000,6.5,8,100,9,1
wingman_7bf41-20261006-231822_noe_kill,285.8,boss phase,Sword Phase,9,Troubadour,14.5,81053,0,1,1,7,0,0,1,3,0,0,1,393.2,7,1,0,2.5,4,10,8.5,2,10,8.5,2,0,1.5,2,2505945,2,1,34840,1,1,9387,3,1,100,6,7,1,3,5,21,5,1,3,4,1,0,4,7,1000000000,6,7,377.3,3,1
wingman_7bf41-20261006-231822_noe_kill,351.8,boss phase,Sword Phase,10,Harbinger,5.9,80585,0,1,1,6,0,0,1,3,1,3,0,413.9,5,1,10,8,5,0,4.5,8,0,4.5,8,10,6.5,8,9119819,10,1,207655,3,1,9508,6,1,100,7.5,6,1,3,5,19,4,1,2,3,1,0,3.5,6,1000000000,7.5,6,739.6,5,1
wingman_7bf41-20261006-231822_noe_kill,375.4,boss phase,Sword Phase,9,Evoker,1.2,80483,0,0,1,5,0,0,1,2,1,2,0,856.5,9,1,10,7.5,4,0,4,7,0,4,7,10,6,7,6218386,3,1,133985,3,1,9466,5,1,97.9,1,1,2,7,5,11,1,1,5,5,1,0,3,5,1000000000,7,5,1192.2,9,1
wingman_7bf41-20261006-231822_noe_kill,452.9,last phase,Final Form Phase,10,Scourge,17.5,81071,0,1,1,4,0,0,0,3,0,0,0,608.2,7,1,0,3,5,0,4.5,8,0,4.5,8,10,6.5,8,8740883,4,1,152240,7,1,19125,10,1,92.6,1,1,1,3,5,29,9,1,1,2,1,0,2.5,4,1000000000,8.5,4,87.8,4,1
wingman_81daf-20261002-154733_noe_kill,67.7,fight start,Staff Phase,10,Scourge,,81209,,,1,10,0,0,0,3,1,3,0,516.9,8,1,10,7,7,0,4.5,8,0,4.5,8,10,6.5,8,1606083,4,1,268324,4,1,4930,1,1,100,7.5,6,3,8,5,20,7,1,8,9,1,0,5.5,10,1000000000,5.5,10,0,5.5,10
wingman_81daf-20261002-154733_noe_kill,141.1,phase entry (bar break),Spear Phase,10,Scourge,13.4,80420,0,1,1,9,0,0,0,0,0,0,0,441.3,10,1,10,7,7,0,4.5,8,0,4.5,8,10,6.5,8,3161340,6,1,0,5.5,10,1530,2,1,100,6,9,3,8,5,15,4,1,9,10,1,0,5,9,1000000000,6,9,222.8,10,1
wingman_81daf-20261002-154733_noe_kill,210.1,boss phase,Spear Phase,10,Scourge,9.0,80512,0,1,1,8,0,0,0,3,0,3,0,604.1,9,1,10,7,7,0,4.5,8,0,4.5,8,10,6.5,8,4947661,7,1,251390,7,1,20546,9,1,97.7,1,1,2,3,5,29,8,1,4,5,1,0,4.5,8,1000000000,6.5,8,484.2,10,1
wingman_81daf-20261002-154733_noe_kill,292.9,phase entry (bar break),Sword Phase,10,Scourge,22.8,81017,0,1,0,7,0,0,0,0,0,0,0,355.9,8,1,10,7,7,0,4.5,8,0,4.5,8,10,6.5,8,6060320,5,1,650,8,1,7878,4,1,100,6,9,3,8,5,20,7,1,8,9,1,1,9,3,165242,3,1,135.5,7,1
wingman_81daf-20261002-154733_noe_kill,358.0,boss phase,Sword Phase,10,Troubadour,5.1,81271,0,1,1,7,0,0,0,3,0,3,1,294.3,9,1,10,7,7,10,9.5,2,10,9.5,2,0,1.5,2,361976,2,1,9017,2,1,14445,4,1,91.7,3,1,2,3,5,11,1,1,3,4,1,0,4,7,1000000000,7,7,202.9,4,1
wingman_81daf-20261002-154733_noe_kill,426.6,boss phase,Sword Phase,9,Evoker,8.6,80483,0,1,1,5,0,0,0,3,0,3,0,329.5,6,1,0,2,3,0,4.5,8,0,4.5,8,10,5.5,8,8032542,2,1,175927,2,1,29879,4,1,100,8,3,3,7.5,4,33,8,1,7,7,1,0,3,5,1000000000,7,5,142.2,5,1
wingman_81daf-20261002-154733_noe_kill,522.4,last phase,Final Form Phase,10,Evoker,35.8,81071,0,1,1,5,0,0,0,3,1,4,0,474.4,4,1,0,2,3,0,4.5,8,0,4.5,8,10,6.5,8,10134244,5,1,235754,9,1,7576,1,1,100,6.5,8,2,3,5,38,10,1,0,1,1,0,3,5,1000000000,8,5,606.4,6,1
wingman_886ff-20261004-223748_noe_kill,47.2,boss phase,Staff Phase,10,Troubadour,5.1,80323,0,1,1,9,0,0,0,0,1,3,0,917.8,3,1,10,8.5,4,10,9.5,2,10,8.5,4,0,1.5,2,59057,2,1,10817,2,1,11722,9,1,100,6,9,2,8,5,15,4,1,7,8,1,0,5,9,1000000000,6,9,308.2,4,1
wingman_886ff-20261004-223748_noe_kill,134.2,phase entry (bar break),Spear Phase,10,Scourge,26.9,80420,0,1,1,8,0,0,1,3,0,0,0,40.2,1,1,0,3.5,6,0,4.5,8,0,3.5,6,10,6.5,8,3363325,7,1,0,5.5,10,2165,4,1,100,6,9,1,3,5,20,8,1,2,3,1,0,4.5,8,1000000000,6.5,8,345.6,10,1
wingman_886ff-20261004-223748_noe_kill,200.4,boss phase,Spear Phase,10,Scourge,6.3,80916,0,1,1,7,0,0,0,3,0,3,0,444,9,1,0,3.5,6,0,4.5,8,0,3.5,6,10,6.5,8,5517979,10,1,359155,10,1,447,6,1,100,5.5,10,2,8,5,12,2,1,9,10,1,0,4,7,1000000000,7,7,416.3,5,1
wingman_886ff-20261004-223748_noe_kill,299.8,phase entry (bar break),Sword Phase,10,Scourge,39.4,81017,0,1,0,6,0,0,0,0,0,0,0,52,1,1,0,3.5,6,0,4.5,8,0,3.5,6,10,6.5,8,6741122,7,1,0,3.5,6,16661,10,1,100,5.5,10,1,3,5,20,8,1,2,3,1,1,8.5,4,105640,2,1,302.1,7,1
wingman_886ff-20261004-223748_noe_kill,365.0,boss phase,Sword Phase,10,Scourge,5.2,81271,1,1,0,6,0,0,1,3,1,3,0,468.9,4,1,0,3.5,6,0,4.5,8,0,3.5,6,10,6.5,8,8172201,6,1,187303,4,1,16471,5,1,100,7.5,6,1,3,5,20,8,1,2,3,1,2,10,1,5245,1,1,0,1,1
wingman_886ff-20261004-223748_noe_kill,433.0,boss phase,Sword Phase,10,Specter,7.9,80483,0,1,1,6,0,0,1,3,0,3,0,134.7,3,1,0,3.5,6,0,4.5,8,10,8.5,4,10,6.5,8,7714936,3,1,139977,5,1,30782,7,1,86.9,2,1,1,3,5,21,9,1,3,4,1,0,3.5,6,1000000000,7.5,6,186.5,6,1
wingman_886ff-20261004-223748_noe_kill,502.7,last phase,Final Form Phase,10,Specter,9.8,81071,0,1,1,5,0,0,1,3,0,0,0,303.1,1,1,0,3.5,6,0,4.5,8,10,8.5,4,10,6.5,8,8375382,4,1,142687,3,1,0,5,9,100,5.5,10,2,8,5,13,3,1,5,6,1,0,3,5,1000000000,8,5,46.3,7,1