log,tick_s,greens,circle,marker_offset_ms,holder_state,up_inside,downed_inside,up_on_the_edge,shared_up_inside,up_inside_not_in_an_earlier_circle,nearest_other_holder,farthest_inside,nearest_outside,failed,players_hit,shared_players_hit,ascension_removals,empowered_applications,resolve_ms_after_marker
20260930-211921,3,3,1,0,up,4,0,0,0,4,549,71,544,0,0,0,0,0,
20260930-211921,3,3,2,76,up,3,0,0,0,3,426,99,426,0,0,0,0,0,
20260930-211921,3,3,3,152,up,3,0,0,0,3,426,92,424,0,0,0,0,0,
20260930-211921,33,3,1,0,up,3,0,1,0,3,515,241,308,0,0,0,0,0,
20260930-211921,33,3,2,86,up,3,0,0,0,3,865,168,756,0,0,0,0,0,
20260930-211921,33,3,3,162,up,2,0,0,0,2,515,210,297,1,2,0,6,6,7996
20260930-211921,63,1,1,0,up,3,0,1,0,3,,249,,0,0,0,0,0,
20260930-214712,3,3,1,0,up,3,0,0,0,3,440,116,441,0,0,0,0,0,
20260930-214712,3,3,2,90,up,3,0,0,0,3,469,29,383,0,0,0,0,0,
20260930-214712,3,3,3,168,up,4,0,0,0,4,440,157,417,0,0,0,0,0,
20260930-214712,33,3,1,0,up,3,0,0,0,3,407,103,377,0,0,0,0,0,
20260930-214712,33,3,2,74,up,3,0,0,0,3,572,67,567,0,0,0,0,0,
20260930-214712,33,3,3,158,dead,0,3,0,0,0,407,153,400,1,3,0,9,25,7994
20260930-230802,3,3,1,0,up,3,0,0,0,3,504,108,503,0,0,0,0,0,
20260930-230802,3,3,2,76,up,3,0,0,0,3,376,132,376,0,0,0,0,0,
20260930-230802,3,3,3,160,up,4,0,0,0,4,376,108,375,0,0,0,0,0,
20260930-230802,33,2,1,0,dead,0,1,0,0,0,496,146,323,1,1,0,3,0,8002
20260930-230802,33,2,2,80,dead,0,0,0,0,0,496,,566,1,0,0,0,0,7996
20260930-233450,3,3,1,0,up,3,0,0,0,3,382,80,358,0,0,0,0,0,
20260930-233450,3,3,2,80,up,4,0,0,0,4,382,45,381,0,0,0,0,0,
20260930-233450,3,3,3,154,up,3,0,0,0,3,474,122,428,0,0,0,0,0,
20260930-233450,33,3,1,0,up,4,0,0,0,4,472,140,336,0,0,0,0,0,
20260930-233450,33,3,2,82,up,1,1,0,0,1,391,97,301,1,2,0,6,6,8000
20260930-233450,33,3,3,164,down,1,2,0,0,1,391,90,389,1,4,0,12,12,7998
20260930-234618,3,3,1,0,up,4,0,0,0,4,395,236,301,0,0,0,0,0,
20260930-234618,3,3,2,78,up,4,0,0,1,4,433,214,429,0,0,0,0,0,
20260930-234618,3,3,3,158,up,3,0,0,1,2,395,238,300,1,3,1,9,9,7996
20260930-234618,33,3,1,0,up,3,0,0,0,3,424,64,358,0,0,0,0,0,
20260930-234618,33,3,2,84,up,4,0,0,0,4,417,102,352,0,0,0,0,0,
20260930-234618,33,3,3,166,up,3,0,0,0,3,417,72,387,0,0,0,0,0,
20260930-234618,63,3,1,0,up,3,0,0,0,3,417,191,360,1,3,0,9,9,8004
20260930-234618,63,3,2,88,dead,0,0,0,0,0,326,,337,1,0,0,0,0,7996
20260930-234618,63,3,3,162,up,3,0,0,0,3,326,151,417,0,0,0,0,0,
20261001-195456,3,3,1,0,up,5,0,0,0,5,462,106,457,0,0,0,0,0,
20261001-195456,3,3,2,72,up,3,0,0,0,3,360,145,362,0,0,0,0,0,
20261001-195456,3,3,3,154,up,2,0,0,0,2,360,63,360,1,2,0,6,6,7998
20261001-201030,3,3,1,0,up,3,0,0,0,3,395,100,395,0,0,0,0,0,
20261001-201030,3,3,2,82,up,3,0,0,0,3,395,115,384,0,0,0,0,0,
20261001-201030,3,3,3,164,up,4,0,0,0,4,433,50,418,0,0,0,0,0,
20261001-201030,33,3,1,0,up,2,0,0,0,2,485,189,335,1,2,0,6,6,8000
20261001-201030,33,3,2,82,up,3,0,0,0,3,370,200,330,0,0,0,0,0,
20261001-201030,33,3,3,156,up,5,0,0,0,5,370,220,362,0,0,0,0,0,
20261001-201030,63,1,1,0,dead,0,1,0,0,0,,74,269,1,1,0,3,0,8002
20261001-210120,3,3,1,0,up,3,0,0,0,3,369,70,360,0,0,0,0,0,
20261001-210120,3,3,2,84,up,4,0,0,0,4,369,102,369,0,0,0,0,0,
20261001-210120,3,3,3,162,up,3,0,0,0,3,417,97,416,0,0,0,0,0,
20261001-210120,33,3,1,0,up,2,0,0,0,2,482,128,482,1,2,0,6,6,8004
20261001-210120,33,3,2,78,up,3,0,0,0,3,437,116,436,0,0,0,0,0,
20261001-210120,33,3,3,156,up,4,0,0,0,4,437,82,394,0,0,0,0,0,
20261001-213946,3,3,1,0,up,4,0,0,0,4,363,157,363,0,0,0,0,0,
20261001-213946,3,3,2,76,up,3,0,0,0,3,363,145,363,0,0,0,0,0,
20261001-213946,3,3,3,160,up,3,0,0,0,3,572,56,572,0,0,0,0,0,
20261001-213946,33,3,1,0,up,3,0,0,0,3,657,87,659,0,0,0,0,0,
20261001-213946,33,3,2,80,up,3,0,0,0,3,425,81,377,0,0,0,0,0,
20261001-213946,33,3,3,162,up,4,0,0,0,4,425,80,426,0,0,0,0,0,
20261001-223543,3,3,1,0,up,2,0,0,0,2,382,94,384,1,2,0,6,6,8002
20261001-223543,3,3,2,76,up,4,0,0,0,4,343,142,343,0,0,0,0,0,
20261001-223543,3,3,3,156,up,4,0,0,0,4,343,139,343,0,0,0,0,0,
20261001-223543,33,3,1,0,up,3,0,0,0,3,352,71,311,0,0,0,0,0,
20261001-223543,33,3,2,86,up,6,0,2,4,6,249,251,259,0,0,0,0,0,
20261001-223543,33,3,3,168,up,5,0,1,4,1,249,249,349,0,0,0,0,0,
20261001-223543,63,3,1,0,up,3,0,0,0,3,794,87,450,0,0,0,0,0,
20261001-223543,63,3,2,84,down,1,2,0,0,1,794,198,312,1,3,0,9,18,8002
20261001-223543,63,3,3,168,up,3,0,0,0,3,831,125,786,0,0,0,0,0,
20261002-225404,3,3,1,0,up,4,0,0,0,4,393,124,394,0,0,0,0,0,
20261002-225404,3,3,2,86,up,3,0,0,0,3,393,156,297,0,0,0,0,0,
20261002-225404,3,3,3,168,up,3,0,0,0,3,419,81,349,0,0,0,0,0,
20261002-225404,33,3,1,0,up,4,0,1,1,4,403,245,302,0,0,0,0,0,
20261002-225404,33,3,2,75,up,4,0,0,1,3,406,220,395,0,0,0,0,0,
20261002-225404,33,3,3,157,up,3,0,0,0,3,403,131,388,0,0,0,0,0,
20261002-232932,3,3,1,0,up,3,0,0,0,3,400,93,400,0,0,0,0,0,
20261002-232932,3,3,2,76,up,3,0,0,0,3,351,102,352,0,0,0,0,0,
20261002-232932,3,3,3,156,up,4,0,0,0,4,351,144,351,0,0,0,0,0,
20261002-232932,33,3,1,0,up,3,0,0,0,3,422,74,374,0,0,0,0,0,
20261002-232932,33,3,2,82,up,3,0,0,0,3,422,112,384,0,0,0,0,0,
20261002-232932,33,3,3,168,dead,3,0,0,0,3,835,91,726,0,0,0,0,0,
20261003-153810,3,3,1,0,up,3,0,0,0,3,385,54,368,0,0,0,0,0,
20261003-153810,3,3,2,74,up,4,0,0,0,4,385,76,371,0,0,0,0,0,
20261003-153810,3,3,3,160,up,3,0,0,0,3,480,162,443,0,0,0,0,0,
20261003-165843,3,3,1,0,up,3,0,0,2,3,282,65,277,0,0,0,0,0,
20261003-165843,3,3,2,74,up,4,0,0,0,4,380,111,380,0,0,0,0,0,
20261003-165843,3,3,3,154,up,5,0,2,2,3,282,252,313,0,0,0,0,0,
20261003-165843,33,3,1,0,up,2,0,0,0,2,469,96,403,1,2,0,6,6,8010
20261003-165843,33,3,2,84,up,4,0,0,0,4,398,185,324,0,0,0,0,0,
20261003-165843,33,3,3,156,up,4,0,0,0,4,398,86,397,0,0,0,0,0,
20261003-165843,63,1,1,0,up,9,0,0,0,9,,140,,0,0,0,0,0,
20261003-174507,3,3,1,0,up,3,0,0,0,3,408,62,322,0,0,0,0,0,
20261003-174507,3,3,2,80,up,3,0,0,0,3,412,90,363,0,0,0,0,0,
20261003-174507,3,3,3,154,up,4,0,0,0,4,408,38,398,0,0,0,0,0,
20261003-174507,33,3,1,0,up,2,1,0,0,2,435,86,435,1,3,0,9,9,8000
20261003-174507,33,3,2,80,up,4,0,0,0,4,412,109,370,0,0,0,0,0,
20261003-174507,33,3,3,160,up,3,0,0,0,3,412,153,371,0,0,0,0,0,
20261003-175607,3,3,1,0,up,3,0,0,0,3,383,43,383,0,0,0,0,0,
20261003-175607,3,3,2,70,up,3,0,0,0,3,383,78,382,0,0,0,0,0,
20261003-175607,3,3,3,154,up,4,0,0,0,4,416,120,392,0,0,0,0,0,
20261003-175607,33,3,1,0,up,3,0,0,0,3,386,156,387,0,0,0,0,0,
20261003-175607,33,3,2,80,up,3,0,0,0,3,386,82,334,0,0,0,0,0,
20261003-175607,33,3,3,154,up,4,0,0,0,4,490,66,434,0,0,0,0,0,
20261003-175607,63,1,1,0,up,7,0,1,0,7,,230,267,0,0,0,0,0,
20261003-211223,3,3,1,0,up,3,0,0,0,3,364,104,362,0,0,0,0,0,
20261003-211223,3,3,2,80,up,3,0,0,0,3,425,113,380,0,0,0,0,0,
20261003-211223,3,3,3,156,up,4,0,0,0,4,364,33,363,0,0,0,0,0,
20261003-211223,33,3,1,0,up,4,0,0,0,4,306,125,278,0,0,0,0,0,
20261003-211223,33,3,2,80,up,3,0,0,0,3,352,97,350,0,0,0,0,0,
20261003-211223,33,3,3,168,up,3,0,0,0,3,306,37,303,0,0,0,0,0,
20261003-220139,3,3,1,0,up,3,0,1,0,3,354,173,267,0,0,0,0,0,
20261003-220139,3,3,2,78,up,4,0,0,0,4,324,161,273,0,0,0,0,0,
20261003-220139,3,3,3,160,up,3,0,0,0,3,324,125,321,0,0,0,0,0,
20261003-220139,33,3,1,0,up,3,0,0,0,3,436,71,393,0,0,0,0,0,
20261003-220139,33,3,2,76,up,3,0,0,0,3,365,42,366,0,0,0,0,0,
20261003-220139,33,3,3,158,up,4,0,0,0,4,365,76,331,0,0,0,0,0,
20261003-220139,63,1,1,0,dead,1,0,0,0,1,,222,957,1,1,0,3,1,7998
20261003-222355,3,3,1,0,up,3,0,0,0,3,336,72,338,0,0,0,0,0,
20261003-222355,3,3,2,82,up,3,0,0,0,3,398,98,312,0,0,0,0,0,
20261003-222355,3,3,3,158,up,4,0,0,0,4,336,112,337,0,0,0,0,0,
20261003-222355,33,3,1,0,up,4,0,0,0,4,364,75,359,0,0,0,0,0,
20261003-222355,33,3,2,82,up,3,0,0,0,3,364,117,362,0,0,0,0,0,
20261003-222355,33,3,3,164,up,3,0,0,0,3,376,103,373,0,0,0,0,0,
20261003-222355,63,2,1,0,down,1,1,0,0,1,575,179,286,1,2,0,6,6,7998
20261003-222355,63,2,2,76,up,1,0,0,0,1,575,2,293,1,1,0,3,3,8000
20261003-234425,3,3,1,0,up,4,0,0,0,4,435,62,422,0,0,0,0,0,
20261003-234425,3,3,2,80,up,3,0,0,0,3,416,118,416,0,0,0,0,0,
20261003-234425,3,3,3,164,up,3,0,0,0,3,416,94,410,0,0,0,0,0,
20261003-234425,33,3,1,0,up,3,1,0,1,3,273,214,274,0,0,0,0,0,
20261003-234425,33,3,2,78,up,4,0,0,1,3,273,98,270,0,0,0,0,0,
20261003-234425,33,3,3,160,up,3,0,0,0,3,401,122,372,0,0,0,0,0,
20261003-234425,63,2,1,0,up,4,0,0,0,4,751,159,723,0,0,0,0,0,
20261003-234425,63,2,2,72,up,3,0,0,0,3,751,89,720,0,0,0,0,0,
20261004-154121,3,3,1,0,up,3,0,0,0,3,462,83,419,0,0,0,0,0,
20261004-154121,3,3,2,76,up,4,0,0,0,4,462,91,390,0,0,0,0,0,
20261004-154121,3,3,3,154,up,3,0,0,0,3,680,94,614,0,0,0,0,1,
20261004-154121,33,3,1,0,dead,0,2,0,0,0,401,191,401,1,2,0,6,6,8004
20261004-154121,33,3,2,86,up,2,0,0,0,2,456,69,404,1,2,0,6,6,7996
20261004-154121,33,3,3,164,up,3,0,0,0,3,401,66,347,0,0,0,0,0,
20261004-155218,3,3,1,0,up,3,0,0,0,3,451,134,451,0,0,0,0,0,
20261004-155218,3,3,2,82,up,3,0,0,0,3,502,100,502,0,0,0,0,0,
20261004-155218,3,3,3,166,up,4,0,0,0,4,451,145,437,0,0,0,0,0,
20261004-155218,33,3,1,0,up,3,0,0,0,3,531,185,414,0,0,0,0,0,
20261004-155218,33,3,2,84,up,3,0,0,0,3,335,159,342,0,0,0,0,0,
20261004-155218,33,3,3,156,up,4,0,0,0,4,335,156,334,0,0,0,0,0,
20261004-155218,63,1,1,0,dead,0,2,0,0,0,,164,298,1,2,0,6,16,8000
20261004-155218,93,1,1,0,up,1,0,0,0,1,,12,806,1,1,0,3,0,8006
20261004-160448,3,3,1,0,up,4,0,0,0,4,422,93,397,0,0,0,0,0,
20261004-160448,3,3,2,80,up,3,0,0,0,3,558,62,466,0,0,0,0,0,
20261004-160448,3,3,3,162,up,3,0,0,0,3,422,123,413,0,0,0,0,0,
20261004-160448,33,3,1,0,up,4,1,0,0,4,473,181,454,0,0,0,0,0,
20261004-160448,33,3,2,78,up,3,0,0,0,3,402,100,398,0,0,0,0,0,
20261004-160448,33,3,3,156,up,2,0,0,0,2,402,85,341,1,2,0,6,6,8000
20261004-160448,63,2,1,0,dead,0,0,0,0,0,568,,689,1,0,0,0,0,8004
20261004-160448,63,2,2,82,dead,0,0,0,0,0,568,,313,1,0,0,0,0,8000
20261004-161448,3,3,1,0,up,3,0,0,0,3,399,115,360,0,0,0,0,0,
20261004-161448,3,3,2,76,up,3,0,0,0,3,413,107,395,0,0,0,0,0,
20261004-161448,3,3,3,154,up,4,0,0,0,4,399,122,389,0,0,0,0,0,
20261004-161448,33,3,1,0,up,3,0,0,0,3,561,75,540,0,0,0,0,0,
20261004-161448,33,3,2,86,down,0,2,0,0,0,561,238,541,1,2,0,6,16,8004
20261004-161448,33,3,3,160,up,4,0,0,0,4,619,179,386,0,0,0,0,0,
20261004-163454,3,3,1,0,up,3,0,0,0,3,526,72,471,0,0,0,0,0,
20261004-163454,3,3,2,82,up,4,0,0,0,4,526,143,525,0,0,0,0,0,
20261004-163454,3,3,3,164,up,3,0,0,0,3,603,154,566,0,0,0,0,0,
20261004-163454,33,3,1,0,up,4,0,0,0,4,677,197,585,0,0,0,0,0,
20261004-163454,33,3,2,74,up,3,0,0,0,3,457,69,458,0,0,0,0,0,
20261004-163454,33,3,3,158,up,3,0,0,0,3,457,120,402,0,0,0,0,0,
20261004-163454,63,1,1,0,up,6,0,0,0,6,,208,299,0,0,0,0,0,
20261004-165754,3,3,1,0,up,3,0,0,0,3,512,173,512,0,0,0,0,0,
20261004-165754,3,3,2,78,up,3,0,0,0,3,618,147,585,0,0,0,0,0,
20261004-165754,3,3,3,160,up,4,0,0,0,4,512,145,441,0,0,0,0,0,
20261004-165754,33,3,1,0,up,2,0,0,0,2,445,104,357,1,2,0,6,6,7988
20261004-165754,33,3,2,72,up,3,0,0,0,3,486,89,357,0,0,0,0,0,
20261004-165754,33,3,3,158,up,4,0,1,0,4,445,108,266,0,0,0,0,0,
20261004-165754,63,2,1,0,dead,0,0,0,0,0,489,,273,1,0,0,0,10,8000
20261004-165754,63,2,2,80,up,3,1,0,0,3,489,114,,0,0,0,0,0,
20261004-165754,93,1,1,0,down,0,1,0,0,0,,2,,1,1,0,3,0,8004
20261004-223752,3,3,1,0,up,3,0,0,0,3,361,94,363,0,0,0,0,0,
20261004-223752,3,3,2,72,up,4,0,0,0,4,419,115,395,0,0,0,0,0,
20261004-223752,3,3,3,156,up,3,0,0,0,3,361,127,362,0,0,0,0,0,
20261004-223752,33,3,1,0,dead,1,0,0,0,1,392,77,393,1,1,0,3,3,8010
20261004-223752,33,3,2,88,up,3,0,0,0,3,372,91,337,0,0,0,0,0,
20261004-223752,33,3,3,162,up,3,0,0,0,3,372,135,356,0,0,0,0,0,
20261004-234835,3,3,1,0,up,3,0,0,0,3,325,110,326,0,0,0,0,0,
20261004-234835,3,3,2,76,up,4,0,0,0,4,310,163,310,0,0,0,0,0,
20261004-234835,3,3,3,146,up,2,1,0,0,2,310,102,308,0,0,0,0,0,
20261004-234835,33,3,1,0,up,3,1,0,0,3,418,69,329,0,0,0,0,0,
20261004-234835,33,3,2,82,up,5,0,0,0,5,418,129,414,0,0,0,0,0,
20261004-234835,33,3,3,160,up,1,0,0,0,1,485,13,485,1,1,0,3,3,7996
20261004-234835,63,2,1,0,up,1,1,0,0,1,1162,58,318,1,2,0,6,6,8004
20261004-234835,63,2,2,80,up,2,0,0,0,2,1162,110,1150,1,2,0,6,6,8006
20261005-001631,3,3,1,0,up,4,0,0,0,4,327,144,320,0,0,0,0,0,
20261005-001631,3,3,2,82,up,3,0,0,0,3,313,122,314,0,0,0,0,0,
20261005-001631,3,3,3,162,up,3,0,0,0,3,313,137,318,0,0,0,0,0,
20261005-001631,33,3,1,0,up,4,0,0,0,4,427,103,411,0,0,0,0,0,
20261005-001631,33,3,2,70,up,3,0,0,0,3,399,55,326,0,0,0,0,0,
20261005-001631,33,3,3,156,up,3,0,0,0,3,399,106,380,0,0,0,0,0,
20261005-001631,63,3,1,0,up,3,0,1,2,3,246,246,275,0,0,0,0,0,
20261005-001631,63,3,2,84,up,3,0,1,2,1,246,246,332,1,3,2,9,9,8006
20261005-001631,63,3,3,166,up,2,1,0,0,2,728,138,315,1,3,0,9,9,8000
20261005-001631,93,1,1,0,up,2,0,1,0,2,,254,,1,2,0,6,0,7996
20261005-145748,3,3,1,0,up,3,0,0,0,3,392,43,351,0,0,0,0,0,
20261005-145748,3,3,2,78,up,4,0,0,0,4,398,112,399,0,0,0,0,0,
20261005-145748,3,3,3,156,up,3,0,0,0,3,392,62,389,0,0,0,0,0,
20261005-145748,33,3,1,0,up,4,0,0,0,4,381,37,364,0,0,0,0,0,
20261005-145748,33,3,2,80,up,3,0,0,0,3,356,92,330,0,0,0,0,0,
20261005-145748,33,3,3,158,up,3,0,0,0,3,356,36,352,0,0,0,0,0,
20261005-220403,3,3,1,0,up,4,0,0,1,4,381,156,341,0,0,0,0,0,
20261005-220403,3,3,2,80,up,3,0,0,0,3,385,99,367,0,0,0,0,0,
20261005-220403,3,3,3,156,up,4,0,1,1,3,381,242,337,0,0,0,0,0,
20261005-220403,33,3,1,0,up,3,0,0,0,3,439,141,435,0,0,0,0,0,
20261005-220403,33,3,2,82,up,4,0,0,0,4,566,126,440,0,0,0,0,0,
20261005-220403,33,3,3,162,up,3,0,0,0,3,439,147,412,0,0,0,0,0,
20261005-220403,63,3,1,0,dead,0,0,0,0,0,529,,523,1,0,0,0,0,8000
20261005-220403,63,3,2,80,up,5,0,0,0,5,407,222,420,0,0,0,0,0,
20261005-220403,63,3,3,164,up,2,0,0,0,2,407,24,329,1,2,0,6,6,7998
20261005-220403,93,1,1,0,up,2,0,0,0,2,,102,628,1,2,0,6,0,8002
20261006-010653,3,3,1,0,up,3,0,0,0,3,409,149,411,0,0,0,0,0,
20261006-010653,3,3,2,80,up,4,0,0,0,4,409,87,286,0,0,0,0,0,
20261006-010653,3,3,3,158,up,3,0,0,0,3,440,101,406,0,0,0,0,0,
20261006-010653,33,3,1,0,up,5,0,0,0,5,322,158,323,0,0,0,0,0,
20261006-010653,33,3,2,80,up,3,0,0,0,3,322,82,317,0,0,0,0,0,
20261006-010653,33,3,3,162,up,2,0,0,0,2,417,76,368,1,2,0,6,6,7996
20261006-010653,63,3,1,0,up,4,0,1,0,4,592,231,259,0,0,0,0,0,
20261006-010653,63,3,2,34,up,1,0,0,0,1,838,4,786,1,1,0,3,3,8009
20261006-010653,63,3,3,120,up,1,1,0,0,1,592,62,336,1,2,0,6,6,7994
20261006-223141,3,3,1,0,up,4,0,0,0,4,375,92,370,0,0,0,0,0,
20261006-223141,3,3,2,72,up,3,0,0,0,3,375,39,373,0,0,0,0,0,
20261006-223141,3,3,3,150,up,3,0,0,0,3,418,181,397,0,0,0,0,0,
20261006-223141,33,2,1,0,up,1,0,0,0,1,698,5,327,1,1,0,3,3,8000
20261006-223141,33,2,2,88,up,3,0,0,0,3,698,132,339,0,0,0,0,0,
20261006-223141,63,3,1,0,up,3,0,0,0,3,658,172,540,1,3,0,9,9,8000
20261006-223141,63,3,2,72,up,2,1,0,0,2,658,157,564,1,3,0,9,9,8004
20261006-223141,63,3,3,160,down,1,1,0,0,1,1041,175,567,1,2,0,6,6,7998
20261006-225342,3,3,1,0,up,3,0,0,0,3,335,46,324,0,0,0,0,0,
20261006-225342,3,3,2,80,up,3,0,0,0,3,335,89,334,0,0,0,0,0,
20261006-225342,3,3,3,162,up,4,0,0,0,4,353,129,337,0,0,0,0,0,
20261006-225342,33,3,1,0,up,4,0,0,0,4,323,124,305,0,0,0,0,0,
20261006-225342,33,3,2,78,up,3,0,0,0,3,331,50,330,0,0,0,0,0,
20261006-225342,33,3,3,158,up,3,0,0,0,3,323,60,288,0,0,0,0,0,
20261006-225342,63,3,1,0,up,3,0,0,0,3,455,156,437,0,0,0,0,0,
20261006-225342,63,3,2,82,up,3,0,0,0,3,709,65,702,0,0,0,0,0,
20261006-225342,63,3,3,168,up,3,0,0,0,3,455,220,413,0,0,0,0,0,
20261006-230725,3,3,1,0,up,3,0,0,0,3,425,123,390,0,0,0,0,0,
20261006-230725,3,3,2,84,up,4,0,0,0,4,328,96,326,0,0,0,0,0,
20261006-230725,3,3,3,163,up,3,0,0,0,3,328,34,295,0,0,0,0,0,
20261006-230725,33,3,1,0,up,4,0,0,0,4,325,113,324,0,0,0,0,0,
20261006-230725,33,3,2,84,up,3,0,0,0,3,365,46,284,0,0,0,0,0,
20261006-230725,33,3,3,167,up,3,0,1,0,3,325,134,255,0,0,0,0,0,
20261006-232143,3,3,1,0,up,3,0,0,0,3,356,46,357,0,0,0,0,0,
20261006-232143,3,3,2,88,up,3,0,0,0,3,349,59,349,0,0,0,0,0,
20261006-232143,3,3,3,162,up,4,0,0,0,4,349,109,327,0,0,0,0,0,
20261006-232143,33,3,1,0,up,3,0,0,0,3,308,120,308,0,0,0,0,0,
20261006-232143,33,3,2,74,up,3,0,0,0,3,308,81,305,0,0,0,0,0,
20261006-232143,33,3,3,158,up,4,0,0,0,4,381,121,366,0,0,0,0,0,
20261006-232143,63,3,1,0,up,3,0,0,0,3,318,98,297,0,0,0,0,0,
20261006-232143,63,3,2,72,up,5,0,0,0,5,318,113,283,0,0,0,0,0,
20261006-232143,63,3,3,156,up,1,0,0,0,1,434,3,364,1,1,0,3,3,7998
