log,phase,tick_s,select_s,resolve_delay_ms,split_before_resolve,greens,players_alive,players_per_circle,up_players_per_circle,players_in_any_circle,players_in_2plus_circles,players_in_all_circles,shared_players_punished,holder_separation,circle_groups,punished_players,punished_per_circle,punished_outside_all_circles,empowered_gained,asc_stacks_lost,floated,stacked_short_group,stacked_short_group_punished
20260930-211921,early,,3.0,,0,1,10,10,10,10,0,,0,,1c:10p,0,0,0,0,0,0,0,0
20260930-211921,early,,50.7,,0,3,10,4/3/3,4/3/3,10,0,0,0,367/607/339,1c:4p 1c:3p 1c:3p,0,0/0/0,0,0,0,0,0,0
20260930-211921,early,,95.3,,0,3,10,3/3/4,3/3/4,10,0,0,0,428/397/445,1c:3p 1c:3p 1c:4p,0,0/0/0,0,0,0,0,0,0
20260930-211921,early,,151.5,,0,3,10,4/3/3,4/3/3,10,0,0,0,530/621/339,1c:4p 1c:3p 1c:3p,0,0/0/0,0,0,0,0,0,0
20260930-211921,early,,206.5,,0,3,10,3/3/4,3/3/4,10,0,0,0,461/425/430,1c:3p 1c:3p 1c:4p,0,0/0/0,0,0,0,0,0,0
20260930-211921,early,,267.4,,0,3,10,4/3/3,4/3/3,10,0,0,0,613/467/494,1c:4p 1c:3p 1c:3p,0,0/0/0,0,0,0,0,0,0
20260930-211921,early,,313.3,,0,3,10,3/4/3,3/4/3,10,0,0,0,585/544/442,1c:3p 1c:4p 1c:3p,0,0/0/0,0,0,0,0,0,0
20260930-211921,early,,360.4,,0,3,10,3/4/3,3/4/3,10,0,0,0,490/443/464,1c:3p 1c:4p 1c:3p,0,0/0/0,0,0,0,0,0,0
20260930-211921,early,,408.2,,0,3,10,4/3/3,4/3/3,10,0,0,0,425/429/409,1c:4p 1c:3p 1c:3p,0,0/0/0,0,0,0,0,0,0
20260930-211921,early,,452.9,,0,3,10,3/4/3,3/4/2,10,0,0,0,491/495/494,1c:3p 1c:4p 1c:2p,0,0/0/0,0,0,0,0,0,0
20260930-211921,last,3,516.6,,0,3,10,4/3/3,4/3/3,10,0,0,0,912/583/465,1c:4p 1c:3p 1c:3p,0,0/0/0,0,1,0,0,0,0
20260930-211921,last,33,546.6,8160,0,3,9,4/3/2,4/3/2,9,0,0,0,863/497/907,1c:4p 1c:3p 1c:2p,2,0/0/2,0,6,6,2,0,0
20260930-211921,last,63,576.6,,0,1,3,3,3,3,0,,0,,1c:3p,0,0,0,0,0,0,0,0
20260930-214712,early,,3.1,,0,1,10,10,10,10,0,,0,,1c:10p,0,0,0,0,0,0,0,0
20260930-214712,early,,50.7,,0,3,10,3/4/3,3/4/3,10,0,0,0,391/414/453,1c:3p 1c:4p 1c:3p,0,0/0/0,0,0,0,0,0,0
20260930-214712,early,,95.9,,0,3,10,3/4/3,3/4/3,10,0,0,0,565/501/453,1c:3p 1c:4p 1c:3p,0,0/0/0,0,0,0,0,0,0
20260930-214712,early,,151.3,,0,3,10,4/3/3,4/3/3,10,0,0,0,540/498/497,1c:4p 1c:3p 1c:3p,0,0/0/0,0,0,0,0,0,0
20260930-214712,early,,206.1,,0,3,10,4/3/3,4/3/3,10,0,0,0,375/699/443,1c:4p 1c:3p 1c:3p,0,0/0/0,0,0,0,0,0,0
20260930-214712,early,,251.2,8076,0,3,10,4/2/5,4/2/5,10,1,0,0,475/372/356,2c:8p 1c:2p,2,0/2/0,0,6,6,2,0,0
20260930-214712,early,,311.6,,0,3,10,4/3/3,4/3/3,10,0,0,0,464/516/335,1c:4p 1c:3p 1c:3p,0,0/0/0,0,0,0,0,0,0
20260930-214712,early,,358.4,,0,3,10,4/3/3,4/3/3,10,0,0,0,474/406/412,1c:4p 1c:3p 1c:3p,0,0/0/0,0,0,0,0,0,0
20260930-214712,early,,409.1,8078,0,3,10,4/1/4,4/1/4,9,0,0,0,804/589/608,1c:4p 1c:1p 1c:4p,1,0/1/0,0,3,3,1,0,0
20260930-214712,early,,453.5,8162,0,3,10,3/4/2,3/4/2,9,0,0,0,573/639/458,1c:3p 1c:4p 1c:2p,2,0/0/2,0,6,6,2,0,0
20260930-214712,last,3,531.1,,0,3,10,3/3/4,3/3/4,10,0,0,0,442/496/753,1c:3p 1c:3p 1c:4p,0,0/0/0,0,0,0,0,0,0
20260930-214712,last,33,561.2,8166,0,3,9,3/3/3,3/3/0,9,0,0,0,582/459/646,1c:3p 1c:3p 1c:0p,3,0/0/3,0,32,9,0,0,0
20260930-230802,early,,2.9,,0,1,10,9,9,9,0,,0,,1c:9p,0,0,0,0,0,0,0,0
20260930-230802,early,,50.5,,0,3,10,3/3/3,3/3/3,9,0,0,0,454/397/467,1c:3p 1c:3p 1c:3p,0,0/0/0,0,0,0,0,0,0
20260930-230802,early,,95.6,,0,3,10,3/3/4,3/3/4,10,0,0,0,400/520/376,1c:3p 1c:3p 1c:4p,0,0/0/0,0,0,0,0,0,0
20260930-230802,early,,145.9,,0,3,10,4/3/3,4/3/3,10,0,0,0,546/427/494,1c:4p 1c:3p 1c:3p,0,0/0/0,0,0,0,0,0,0
20260930-230802,early,,200.6,,0,3,10,4/3/3,4/3/3,10,0,0,0,837/560/321,1c:4p 1c:3p 1c:3p,0,0/0/0,0,0,0,0,0,0
20260930-230802,early,,247.3,,0,3,10,4/3/3,4/3/3,10,0,0,0,399/662/570,1c:4p 1c:3p 1c:3p,0,0/0/0,0,0,0,0,0,0
20260930-230802,early,,304.7,,0,3,10,4/3/3,4/3/3,10,0,0,0,425/478/428,1c:4p 1c:3p 1c:3p,0,0/0/0,0,0,0,0,0,0
20260930-230802,early,,352.1,,0,3,10,3/3/4,3/3/4,10,0,0,0,516/566/439,1c:3p 1c:3p 1c:4p,0,0/0/0,0,0,0,0,0,0
20260930-230802,early,,400.9,,0,3,10,3/4/3,3/4/3,10,0,0,0,438/413/433,1c:3p 1c:4p 1c:3p,0,0/0/0,0,0,0,0,0,0
20260930-230802,early,,445.5,,0,3,10,3/3/4,3/3/4,10,0,0,0,691/590/434,1c:3p 1c:3p 1c:4p,0,0/0/0,0,0,0,0,0,0
20260930-230802,last,3,495.4,,0,3,10,3/3/4,3/3/4,10,0,0,0,498/569/400,1c:3p 1c:3p 1c:4p,0,0/0/0,0,0,0,0,0,0
20260930-230802,last,33,525.4,8004,0,2,2,1/0,0/0,1,0,0,0,503,1c:0p 1c:0p,1,1/0,0,0,3,0,0,0
20260930-233450,early,,2.8,,0,1,10,9,9,9,0,,0,,1c:9p,0,0,0,0,0,0,0,0
20260930-233450,early,,50.5,,0,3,10,3/3/4,3/3/4,10,0,0,0,531/374/365,1c:3p 1c:3p 1c:4p,0,0/0/0,0,0,0,0,0,0
20260930-233450,early,,95.4,,0,3,10,4/3/3,4/3/3,10,0,0,0,485/446/451,1c:4p 1c:3p 1c:3p,0,0/0/0,0,0,0,0,0,0
20260930-233450,early,,147.9,,0,3,10,3/3/4,3/3/4,10,0,0,0,390/639/479,1c:3p 1c:3p 1c:4p,0,0/0/0,0,0,0,0,0,0
20260930-233450,early,,202.7,,0,3,10,4/3/3,4/3/3,10,0,0,0,410/418/482,1c:4p 1c:3p 1c:3p,0,0/0/0,0,0,0,0,0,0
20260930-233450,early,,247.3,8156,0,3,10,3/5/2,3/4/2,10,0,0,0,726/383/439,1c:3p 1c:4p 1c:2p,2,0/0/2,0,6,6,1,0,0
20260930-233450,early,,314.9,,0,3,10,3/3/4,3/3/4,10,0,0,0,377/449/387,1c:3p 1c:3p 1c:4p,0,0/0/0,0,0,0,0,0,0
20260930-233450,early,,361.4,,0,3,10,4/3/3,4/3/3,10,0,0,0,462/538/403,1c:4p 1c:3p 1c:3p,0,0/0/0,0,0,0,0,0,0
20260930-233450,early,,412.4,,0,3,10,3/3/4,3/3/4,10,0,0,0,373/446/462,1c:3p 1c:3p 1c:4p,0,0/0/0,0,0,0,0,0,0
20260930-233450,early,,458.0,,0,3,10,4/3/3,4/3/3,10,0,0,0,757/473/502,1c:4p 1c:3p 1c:3p,0,0/0/0,0,0,0,0,0,0
20260930-233450,last,3,529.1,,0,3,10,3/4/3,3/4/3,10,0,0,0,402/536/480,1c:3p 1c:4p 1c:3p,0,0/0/0,0,0,0,0,0,0
20260930-233450,last,33,559.1,8082,0,3,10,4/2/3,4/1/1,9,0,0,0,472/829/388,1c:4p 1c:1p 1c:1p,6,0/2/3,1,18,18,3,0,0
20260930-234618,early,,3.2,,0,1,10,8,8,8,0,,0,,1c:8p,0,0,0,0,0,0,0,0
20260930-234618,early,,50.6,,0,3,10,3/4/3,3/4/3,10,0,0,0,495/440/405,1c:3p 1c:4p 1c:3p,0,0/0/0,0,0,0,0,0,0
20260930-234618,early,,146.1,,0,3,10,3/3/4,3/3/4,10,0,0,0,357/498/470,1c:3p 1c:3p 1c:4p,0,0/0/0,0,0,0,0,0,0
20260930-234618,early,,200.9,,0,3,10,3/3/4,3/3/4,10,0,0,0,530/430/465,1c:3p 1c:3p 1c:4p,0,0/0/0,0,0,0,0,0,0
20260930-234618,early,,248.1,,0,3,10,4/3/3,4/3/3,10,0,0,0,486/544/343,1c:4p 1c:3p 1c:3p,0,0/0/0,0,0,0,0,0,0
20260930-234618,early,,303.7,,0,3,10,4/3/3,4/3/3,10,0,0,0,685/435/501,1c:4p 1c:3p 1c:3p,0,0/0/0,0,0,0,0,0,0
20260930-234618,early,,351.1,,0,3,10,3/4/3,3/4/3,10,0,0,0,373/554/412,1c:3p 1c:4p 1c:3p,0,0/0/0,0,0,0,0,0,0
20260930-234618,early,,397.9,,0,3,10,4/3/3,4/3/3,10,0,0,0,455/462/409,1c:4p 1c:3p 1c:3p,0,0/0/0,0,0,0,0,0,0
20260930-234618,early,,442.8,,0,3,10,8/9/9,8/9/9,9,9,8,0,214/216/60,3c:9p,0,0/0/0,0,0,0,0,0,0
20260930-234618,last,3,477.3,8172,0,3,10,4/3/3,4/3/3,10,0,0,0,530/432/434,1c:4p 1c:3p 1c:3p,3,0/0/3,0,9,9,3,0,0
20260930-234618,last,33,507.4,,0,3,10,3/4/3,3/4/3,10,0,0,0,414/773/424,1c:3p 1c:4p 1c:3p,0,0/0/0,0,0,0,0,0,0
20260930-234618,last,63,537.3,8004,0,3,7,3/0/3,3/0/3,6,0,0,0,619/423/370,1c:3p 1c:0p 1c:3p,3,3/0/0,0,9,9,2,0,0
20261001-213946,early,,3.1,,0,1,10,10,10,10,0,,0,,1c:10p,0,0,0,0,0,0,0,0
20261001-213946,early,,50.0,,0,3,10,4/3/3,4/3/3,10,0,0,0,420/410/451,1c:4p 1c:3p 1c:3p,0,0/0/0,0,0,0,0,0,0
20261001-213946,early,,95.0,,0,3,10,4/3/3,4/3/3,10,0,0,0,353/352/556,1c:4p 1c:3p 1c:3p,0,0/0/0,0,0,0,0,0,0
20261001-213946,early,,147.7,,0,3,10,3/4/3,3/4/3,10,0,0,0,377/471/579,1c:3p 1c:4p 1c:3p,0,0/0/0,0,0,0,0,0,0
20261001-213946,early,,202.5,,0,3,10,4/3/3,4/3/3,10,0,0,0,533/386/407,1c:4p 1c:3p 1c:3p,0,0/0/0,0,0,0,0,0,0
20261001-213946,early,,247.5,,0,3,10,3/3/4,3/3/4,10,0,0,0,388/673/432,1c:3p 1c:3p 1c:4p,0,0/0/0,0,0,0,0,0,0
20261001-213946,early,,311.3,,0,3,10,3/3/4,3/3/4,10,0,0,0,513/429/698,1c:3p 1c:3p 1c:4p,0,0/0/0,0,0,0,0,0,0
20261001-213946,early,,358.5,,0,3,10,3/3/4,3/3/4,10,0,0,0,416/781/388,1c:3p 1c:3p 1c:4p,0,0/0/0,0,0,0,0,0,0
20261001-213946,early,,407.0,,0,3,10,4/3/3,4/3/3,10,0,0,0,451/395/614,1c:4p 1c:3p 1c:3p,0,0/0/0,0,0,0,0,0,0
20261001-213946,early,,451.9,,0,3,10,3/3/4,3/3/4,10,0,0,0,606/312/368,1c:3p 1c:3p 1c:4p,0,0/0/0,0,0,0,0,0,0
20261001-213946,last,3,487.1,,0,3,10,4/3/3,4/3/3,10,0,0,0,383/606/574,1c:4p 1c:3p 1c:3p,0,0/0/0,0,0,0,0,0,0
20261001-213946,last,33,517.2,,0,3,10,3/3/4,3/3/4,10,0,0,0,680/997/412,1c:3p 1c:3p 1c:4p,0,0/0/0,0,0,0,0,0,0
20261002-225404,early,,2.5,,0,1,10,10,10,10,0,,0,,1c:10p,0,0,0,0,0,0,0,0
20261002-225404,early,,49.2,,0,3,10,3/3/4,3/3/4,10,0,0,0,335/385/519,1c:3p 1c:3p 1c:4p,0,0/0/0,0,0,0,0,0,0
20261002-225404,early,,93.9,,0,3,10,4/3/3,4/3/3,10,0,0,0,495/340/389,1c:4p 1c:3p 1c:3p,0,0/0/0,0,0,0,0,0,0
20261002-225404,early,,151.7,,0,3,10,4/3/3,4/3/3,10,0,0,0,369/410/550,1c:4p 1c:3p 1c:3p,0,0/0/0,0,0,0,0,0,0
20261002-225404,early,,206.6,,0,3,10,3/3/4,3/3/4,10,0,0,0,380/387/461,1c:3p 1c:3p 1c:4p,0,0/0/0,0,0,0,0,0,0
20261002-225404,early,,252.8,,0,3,10,3/3/4,3/3/4,10,0,0,0,423/447/870,1c:3p 1c:3p 1c:4p,0,0/0/0,0,1,0,0,0,0
20261002-225404,early,,299.6,,0,3,10,3/3/4,3/3/4,10,0,0,0,362/384/395,1c:3p 1c:3p 1c:4p,0,0/0/0,0,1,0,0,0,0
20261002-225404,early,,346.9,,0,3,10,3/4/3,3/4/3,10,0,0,0,382/339/375,1c:3p 1c:4p 1c:3p,0,0/0/0,0,0,0,0,0,0
20261002-225404,early,,394.9,,0,3,10,4/3/3,4/3/3,10,0,0,0,312/370/425,1c:4p 1c:3p 1c:3p,0,0/0/0,0,0,0,0,0,0
20261002-225404,last,3,465.8,,0,3,10,4/3/3,4/3/3,10,0,0,0,404/440/546,1c:4p 1c:3p 1c:3p,0,0/0/0,0,0,0,0,0,0
20261002-225404,last,33,495.9,,0,3,10,4/3/3,4/3/3,10,0,0,0,428/395/701,1c:4p 1c:3p 1c:3p,0,0/0/0,0,0,0,0,0,0
20261003-211223,early,,2.8,,0,1,10,10,10,10,0,,0,,1c:10p,0,0,0,0,0,0,0,0
20261003-211223,early,,50.0,,0,3,10,3/4/3,3/4/3,10,0,0,0,365/368/420,1c:3p 1c:4p 1c:3p,0,0/0/0,0,0,0,0,0,0
20261003-211223,early,,94.6,,0,3,10,4/3/3,4/3/3,10,0,0,0,353/491/379,1c:4p 1c:3p 1c:3p,0,0/0/0,0,0,0,0,0,0
20261003-211223,early,,150.7,,0,3,10,3/4/3,3/4/3,10,0,0,0,406/529/351,1c:3p 1c:4p 1c:3p,0,0/0/0,0,0,0,0,0,0
20261003-211223,early,,205.3,,0,3,10,4/3/3,4/3/3,10,0,0,0,353/353/425,1c:4p 1c:3p 1c:3p,0,0/0/0,0,0,0,0,0,0
20261003-211223,early,,250.1,,0,3,10,3/4/3,3/3/3,10,0,0,0,610/379/405,1c:3p 1c:3p 1c:3p,0,0/0/0,0,0,0,0,0,0
20261003-211223,early,,305.5,,0,3,10,4/3/3,4/3/3,10,0,0,0,516/402/417,1c:4p 1c:3p 1c:3p,0,0/0/0,0,0,0,0,0,0
20261003-211223,early,,352.4,,0,3,10,3/4/3,3/4/3,10,0,0,0,332/356/458,1c:3p 1c:4p 1c:3p,0,0/0/0,0,0,0,0,0,0
20261003-211223,early,,400.6,,0,3,10,3/4/3,3/4/3,10,0,0,0,394/448/358,1c:3p 1c:4p 1c:3p,0,0/0/0,0,0,0,0,0,0
20261003-211223,last,3,482.4,,0,3,10,3/3/4,3/3/4,10,0,0,0,446/384/429,1c:3p 1c:3p 1c:4p,0,0/0/0,0,0,0,0,0,0
20261003-211223,last,33,512.5,,0,3,10,4/3/3,4/3/3,10,0,0,0,635/329/348,1c:4p 1c:3p 1c:3p,0,0/0/0,0,0,0,0,0,0
20261003-222355,early,,2.7,,0,1,10,10,10,10,0,,0,,1c:10p,0,0,0,0,0,0,0,0
20261003-222355,early,,50.8,,0,3,10,4/3/3,4/3/3,10,0,0,0,329/339/327,1c:4p 1c:3p 1c:3p,0,0/0/0,0,0,0,0,0,0
20261003-222355,early,,95.6,,0,3,10,4/3/3,4/3/3,10,0,0,0,367/381/355,1c:4p 1c:3p 1c:3p,0,0/0/0,0,0,0,0,0,0
20261003-222355,early,,147.0,,0,3,10,4/3/3,4/3/3,10,0,0,0,527/515/755,1c:4p 1c:3p 1c:3p,0,0/0/0,0,0,0,0,0,0
20261003-222355,early,,193.3,,0,3,10,3/4/3,3/4/3,10,0,0,0,446/652/729,1c:3p 1c:4p 1c:3p,0,0/0/0,0,0,0,0,0,0
20261003-222355,early,,242.7,,0,3,10,3/4/3,3/4/3,10,0,0,0,542/371/365,1c:3p 1c:4p 1c:3p,0,0/0/0,0,0,0,0,0,0
20261003-222355,early,,303.5,,0,3,10,3/4/3,3/4/3,10,0,0,0,481/306/362,1c:3p 1c:4p 1c:3p,0,0/0/0,0,0,0,0,0,0
20261003-222355,early,,351.0,,0,3,10,4/3/3,4/3/3,10,0,0,0,471/391/437,1c:4p 1c:3p 1c:3p,0,0/0/0,0,0,0,0,0,0
20261003-222355,early,,399.6,,0,3,10,3/3/4,3/3/4,10,0,0,0,424/376/342,1c:3p 1c:3p 1c:4p,0,0/0/0,0,0,0,0,0,0
20261003-222355,last,3,480.1,,0,3,10,3/3/4,3/3/4,10,0,0,0,556/353/397,1c:3p 1c:3p 1c:4p,0,0/0/0,0,0,0,0,0,0
20261003-222355,last,33,510.2,,0,3,10,4/3/3,4/3/3,10,0,0,0,361/389/592,1c:4p 1c:3p 1c:3p,0,0/0/0,0,0,0,0,0,0
20261003-222355,last,63,540.2,8004,0,2,10,2/1,1/1,3,0,0,0,577,1c:1p 1c:1p,3,2/1,0,9,9,0,0,0
20261006-225342,early,,2.7,,0,1,10,10,10,10,0,,0,,1c:10p,0,0,0,0,0,0,0,0
20261006-225342,early,,50.1,,0,3,10,4/3/3,4/3/3,10,0,0,0,365/389/432,1c:4p 1c:3p 1c:3p,0,0/0/0,0,0,0,0,0,0
20261006-225342,early,,94.6,,0,3,10,3/3/4,3/3/4,10,0,0,0,404/447/414,1c:3p 1c:3p 1c:4p,0,0/0/0,0,0,0,0,0,0
20261006-225342,early,,152.7,,0,3,10,4/3/3,4/3/3,10,0,0,0,604/660/400,1c:4p 1c:3p 1c:3p,0,0/0/0,0,0,0,0,0,0
20261006-225342,early,,207.5,,0,3,10,4/3/3,4/3/3,10,0,0,0,443/377/579,1c:4p 1c:3p 1c:3p,0,0/0/0,0,0,0,0,0,0
20261006-225342,early,,253.0,8086,0,3,10,3/1/6,3/1/6,10,0,0,0,288/479/293,1c:3p 1c:1p 1c:6p,1,0/1/0,0,3,3,0,0,0
20261006-225342,early,,317.4,,0,3,10,3/3/4,3/3/4,10,0,0,0,398/325/354,1c:3p 1c:3p 1c:4p,0,0/0/0,0,0,0,0,0,0
20261006-225342,early,,364.6,,0,3,10,3/4/3,3/4/3,10,0,0,0,395/360/373,1c:3p 1c:4p 1c:3p,0,0/0/0,0,1,0,0,0,0
20261006-225342,early,,413.1,,0,3,10,3/3/4,3/3/4,10,0,0,0,445/453/406,1c:3p 1c:3p 1c:4p,0,0/0/0,0,0,0,0,0,0
20261006-225342,last,3,492.5,,0,3,10,3/3/4,3/3/4,10,0,0,0,345/365/448,1c:3p 1c:3p 1c:4p,0,0/0/0,0,0,0,0,0,0
20261006-225342,last,33,522.5,,0,3,10,4/3/3,4/3/3,10,0,0,0,350/310/588,1c:4p 1c:3p 1c:3p,0,0/0/0,0,0,0,0,0,0
20261006-225342,last,63,552.5,,0,3,9,3/3/3,3/3/3,9,0,0,0,671/420/743,1c:3p 1c:3p 1c:3p,0,0/0/0,0,10,0,0,0,0
20261006-232143,early,,2.9,,0,1,10,9,9,9,0,,0,,1c:9p,0,0,0,0,0,0,0,0
20261006-232143,early,,50.3,,0,3,10,4/3/3,4/3/3,10,0,0,0,379/354/441,1c:4p 1c:3p 1c:3p,0,0/0/0,0,0,0,0,0,0
20261006-232143,early,,95.1,,0,3,10,3/4/3,3/4/3,10,0,0,0,419/756/403,1c:3p 1c:4p 1c:3p,0,0/0/0,0,0,0,0,0,0
20261006-232143,early,,155.9,,0,3,10,3/4/3,3/4/3,10,0,0,0,636/635/362,1c:3p 1c:4p 1c:3p,0,0/0/0,0,0,0,0,0,0
20261006-232143,early,,210.6,,0,3,10,4/3/3,4/3/3,10,0,0,0,443/530/639,1c:4p 1c:3p 1c:3p,0,0/0/0,0,0,0,0,0,0
20261006-232143,early,,309.0,,0,3,10,3/3/4,3/3/4,10,0,0,0,480/406/464,1c:3p 1c:3p 1c:4p,0,0/0/0,0,0,0,0,0,0
20261006-232143,early,,356.3,,0,3,10,3/4/3,3/4/3,10,0,0,0,384/548/369,1c:3p 1c:4p 1c:3p,0,0/0/0,0,0,0,0,0,0
20261006-232143,early,,404.2,,0,3,10,4/3/3,4/3/3,10,0,0,0,485/533/367,1c:4p 1c:3p 1c:3p,0,0/0/0,0,0,0,0,0,0
20261006-232143,last,3,486.1,,0,3,10,3/3/4,3/3/4,10,0,0,0,403/358/330,1c:3p 1c:3p 1c:4p,0,0/0/0,0,0,0,0,0,0
20261006-232143,last,33,516.2,,0,3,10,3/3/4,3/3/4,10,0,0,0,324/388/640,1c:3p 1c:3p 1c:4p,0,0/0/0,0,0,0,0,0,0
20261006-232143,last,63,546.1,8148,0,3,9,3/5/1,3/5/1,9,0,0,0,343/639/433,1c:3p 1c:5p 1c:1p,1,0/0/1,0,3,3,0,0,0
wingman_005f1-20261001-215126_noe_kill,early,,2.8,,0,1,10,9,9,9,0,,0,,1c:9p,0,0,0,0,0,0,0,0
wingman_005f1-20261001-215126_noe_kill,early,,49.7,,0,3,10,4/3/3,4/3/3,10,0,0,0,588/364/330,1c:4p 1c:3p 1c:3p,0,0/0/0,0,0,0,0,0,0
wingman_005f1-20261001-215126_noe_kill,early,,94.4,,0,3,10,3/4/3,3/4/3,10,0,0,0,455/474/421,1c:3p 1c:4p 1c:3p,0,0/0/0,0,0,0,0,0,0
wingman_005f1-20261001-215126_noe_kill,early,,139.5,,0,3,10,2/3/3,2/3/3,8,0,0,0,518/476/557,1c:2p 1c:3p 1c:3p,0,0/0/0,0,0,0,0,0,0
wingman_005f1-20261001-215126_noe_kill,early,,194.3,,0,3,10,4/3/3,4/3/3,10,0,0,0,434/508/565,1c:4p 1c:3p 1c:3p,0,0/0/0,0,0,0,0,0,0
wingman_005f1-20261001-215126_noe_kill,early,,239.2,,0,3,10,4/3/3,3/3/3,10,0,0,0,454/405/447,1c:3p 1c:3p 1c:3p,0,0/0/0,0,0,0,0,0,0
wingman_005f1-20261001-215126_noe_kill,early,,303.0,,0,3,10,3/4/3,3/4/3,10,0,0,0,412/527/724,1c:3p 1c:4p 1c:3p,0,0/0/0,0,0,0,0,0,0
wingman_005f1-20261001-215126_noe_kill,early,,347.6,,0,3,10,3/3/4,3/3/4,10,0,0,0,448/413/515,1c:3p 1c:3p 1c:4p,0,0/0/0,0,0,0,0,0,0
wingman_005f1-20261001-215126_noe_kill,early,,398.6,,0,3,10,3/4/3,3/4/3,10,0,0,0,414/463/468,1c:3p 1c:4p 1c:3p,0,0/0/0,0,0,0,0,0,0
wingman_005f1-20261001-215126_noe_kill,early,,443.5,,0,3,10,3/4/3,3/4/3,10,0,0,0,599/862/364,1c:3p 1c:4p 1c:3p,0,0/0/0,0,0,0,0,0,0
wingman_005f1-20261001-215126_noe_kill,last,3,496.7,,0,3,10,3/4/3,3/4/3,10,0,0,0,534/501/405,1c:3p 1c:4p 1c:3p,0,0/0/0,0,0,0,0,0,0
wingman_005f1-20261001-215126_noe_kill,last,33,526.7,,0,3,10,4/3/3,4/3/3,10,0,0,0,994/599/395,1c:4p 1c:3p 1c:3p,0,0/0/0,0,0,0,0,0,0
wingman_005f1-20261001-215126_noe_kill,last,63,556.8,,0,2,10,4/6,4/6,10,0,0,0,508,1c:4p 1c:6p,0,0/0,0,0,0,0,0,0
wingman_081e5-Account-81AD_20261001-210656_noe_kill,early,,3.1,,0,1,10,8,8,8,0,,0,,1c:8p,0,0,0,0,0,0,0,0
wingman_081e5-Account-81AD_20261001-210656_noe_kill,early,,50.5,,0,3,10,3/4/3,3/4/3,10,0,0,0,418/344/480,1c:3p 1c:4p 1c:3p,0,0/0/0,0,0,0,0,0,0
wingman_081e5-Account-81AD_20261001-210656_noe_kill,early,,95.5,,0,3,10,4/3/3,4/3/3,10,0,0,0,348/454/371,1c:4p 1c:3p 1c:3p,0,0/0/0,0,0,0,0,0,0
wingman_081e5-Account-81AD_20261001-210656_noe_kill,early,,141.1,,0,3,10,3/3/4,3/3/4,10,0,0,0,387/776/623,1c:3p 1c:3p 1c:4p,0,0/0/0,0,0,0,0,0,0
wingman_081e5-Account-81AD_20261001-210656_noe_kill,early,,188.0,,0,3,10,3/3/3,3/3/3,9,0,0,0,755/583/425,1c:3p 1c:3p 1c:3p,0,0/0/0,0,0,0,0,0,0
wingman_081e5-Account-81AD_20261001-210656_noe_kill,early,,238.9,,0,3,10,4/3/3,4/3/3,10,0,0,0,397/441/662,1c:4p 1c:3p 1c:3p,0,0/0/0,0,0,0,0,0,0
wingman_081e5-Account-81AD_20261001-210656_noe_kill,early,,288.6,,0,3,10,3/4/3,3/4/3,10,0,0,0,452/978/636,1c:3p 1c:4p 1c:3p,0,0/0/0,0,0,0,0,0,0
wingman_081e5-Account-81AD_20261001-210656_noe_kill,early,,335.6,,0,3,10,4/2/4,4/2/4,10,0,0,0,432/413/374,1c:4p 1c:2p 1c:4p,0,0/0/0,0,0,0,0,0,0
wingman_081e5-Account-81AD_20261001-210656_noe_kill,early,,383.3,,0,3,10,3/4/3,3/4/3,10,0,0,0,442/460/454,1c:3p 1c:4p 1c:3p,0,0/0/0,0,0,0,0,0,0
wingman_081e5-Account-81AD_20261001-210656_noe_kill,early,,428.2,,1,3,10,7/7/6,7/7/6,7,7,6,0,131/187/70,3c:7p,0,0/0/0,0,0,0,0,1,0
wingman_081e5-Account-81AD_20261001-210656_noe_kill,last,3,463.7,,0,3,10,3/3/4,3/3/4,10,0,0,0,449/525/857,1c:3p 1c:3p 1c:4p,0,0/0/0,0,0,0,0,0,0
wingman_081e5-Account-81AD_20261001-210656_noe_kill,last,33,493.7,,0,3,9,3/3/3,3/3/3,9,0,0,0,496/486/915,1c:3p 1c:3p 1c:3p,0,0/0/0,0,0,0,0,0,0
wingman_081e5-Account-81AD_20261001-210656_noe_kill,last,63,523.8,,0,1,9,6,6,6,0,,0,,1c:6p,0,0,0,1,0,0,0,0
wingman_0893f-20261006-224122_noe_kill,early,,2.8,,0,1,10,10,10,10,0,,0,,1c:10p,0,0,0,0,0,0,0,0
wingman_0893f-20261006-224122_noe_kill,early,,50.9,,0,3,10,3/4/3,3/4/3,10,0,0,0,326/366/572,1c:3p 1c:4p 1c:3p,0,0/0/0,0,0,0,0,0,0
wingman_0893f-20261006-224122_noe_kill,early,,95.4,,0,3,10,4/3/3,4/3/3,10,0,0,0,510/489/592,1c:4p 1c:3p 1c:3p,0,0/0/0,0,0,0,0,0,0
wingman_0893f-20261006-224122_noe_kill,early,,152.9,,0,3,10,4/3/3,4/3/3,10,0,0,0,865/517/880,1c:4p 1c:3p 1c:3p,0,0/0/0,0,1,0,0,0,0
wingman_0893f-20261006-224122_noe_kill,early,,207.7,,0,3,10,4/3/3,4/3/3,10,0,0,0,451/507/858,1c:4p 1c:3p 1c:3p,0,0/0/0,0,0,0,0,0,0
wingman_0893f-20261006-224122_noe_kill,early,,252.6,,0,3,10,4/3/3,4/3/3,10,0,0,0,384/327/711,1c:4p 1c:3p 1c:3p,0,0/0/0,0,0,0,0,0,0
wingman_0893f-20261006-224122_noe_kill,early,,301.2,,0,3,10,4/3/3,4/3/3,10,0,0,0,729/390/868,1c:4p 1c:3p 1c:3p,0,0/0/0,0,0,0,0,0,0
wingman_0893f-20261006-224122_noe_kill,early,,356.1,,0,3,10,3/4/3,3/4/3,10,0,0,0,321/336/538,1c:3p 1c:4p 1c:3p,0,0/0/0,0,0,0,0,0,0
wingman_0893f-20261006-224122_noe_kill,early,,407.3,,0,3,10,3/3/4,3/3/4,10,0,0,0,598/483/455,1c:3p 1c:3p 1c:4p,0,0/0/0,0,0,0,0,0,0
wingman_0893f-20261006-224122_noe_kill,last,3,490.4,,0,3,10,4/3/3,4/3/3,10,0,0,0,399/454/593,1c:4p 1c:3p 1c:3p,0,0/0/0,0,0,0,0,0,0
wingman_0893f-20261006-224122_noe_kill,last,33,520.4,,0,3,10,3/3/4,3/3/4,10,0,0,0,424/540/514,1c:3p 1c:3p 1c:4p,0,0/0/0,0,0,0,0,0,0
wingman_14de4-20261004-011214_noe_kill,early,,3.1,,0,1,10,10,10,10,0,,0,,1c:10p,0,0,0,0,0,0,0,0
wingman_14de4-20261004-011214_noe_kill,early,,50.6,,0,3,10,4/3/3,4/3/3,10,0,0,0,481/415/455,1c:4p 1c:3p 1c:3p,0,0/0/0,0,0,0,0,0,0
wingman_14de4-20261004-011214_noe_kill,early,,140.5,,0,3,10,4/3/3,4/3/3,10,0,0,0,475/496/686,1c:4p 1c:3p 1c:3p,0,0/0/0,0,0,0,0,0,0
wingman_14de4-20261004-011214_noe_kill,early,,195.7,,0,3,10,4/3/3,4/3/3,10,0,0,0,543/480/481,1c:4p 1c:3p 1c:3p,0,0/0/0,0,0,0,0,0,0
wingman_14de4-20261004-011214_noe_kill,early,,274.9,,0,3,10,3/3/4,3/3/4,10,0,0,0,530/414/343,1c:3p 1c:3p 1c:4p,0,0/0/0,0,0,0,0,0,0
wingman_14de4-20261004-011214_noe_kill,early,,321.6,,0,3,10,3/3/4,3/3/4,10,0,0,0,484/624/530,1c:3p 1c:3p 1c:4p,0,0/0/0,0,0,0,0,0,0
wingman_14de4-20261004-011214_noe_kill,early,,373.3,,0,3,10,3/4/3,3/4/3,10,0,0,0,453/330/604,1c:3p 1c:4p 1c:3p,0,0/0/0,0,0,0,0,0,0
wingman_14de4-20261004-011214_noe_kill,last,3,453.6,,0,3,10,4/3/3,4/3/3,10,0,0,0,398/443/687,1c:4p 1c:3p 1c:3p,0,0/0/0,0,0,0,0,0,0
wingman_14de4-20261004-011214_noe_kill,last,33,483.7,,0,3,10,3/4/3,3/4/3,10,0,0,0,604/458/391,1c:3p 1c:4p 1c:3p,0,0/0/0,0,0,0,0,0,0
wingman_15e32-20261005-154659_noe_kill,early,,2.9,,0,1,10,9,9,9,0,,0,,1c:9p,0,0,0,0,0,0,0,0
wingman_15e32-20261005-154659_noe_kill,early,,50.6,,0,3,10,3/4/3,3/4/3,10,0,0,0,374/391/381,1c:3p 1c:4p 1c:3p,0,0/0/0,0,0,0,0,0,0
wingman_15e32-20261005-154659_noe_kill,early,,95.3,,0,3,10,3/4/3,3/4/3,10,0,0,0,360/340/382,1c:3p 1c:4p 1c:3p,0,0/0/0,0,0,0,0,0,0
wingman_15e32-20261005-154659_noe_kill,early,,147.0,,0,3,10,3/4/3,3/4/3,10,0,0,0,438/642/695,1c:3p 1c:4p 1c:3p,0,0/0/0,0,0,0,0,0,0
wingman_15e32-20261005-154659_noe_kill,early,,201.8,,0,3,10,3/4/4,3/4/4,10,1,0,0,326/386/368,1c:3p 2c:7p,0,0/0/0,0,0,0,0,0,0
wingman_15e32-20261005-154659_noe_kill,early,,246.6,,0,3,10,3/3/4,3/3/4,10,0,0,0,444/368/391,1c:3p 1c:3p 1c:4p,0,0/0/0,0,0,0,0,0,0
wingman_15e32-20261005-154659_noe_kill,early,,294.9,,0,3,10,3/3/4,3/3/4,10,0,0,0,413/437/630,1c:3p 1c:3p 1c:4p,0,0/0/0,0,0,0,0,0,0
wingman_15e32-20261005-154659_noe_kill,early,,342.1,,0,3,10,3/3/4,3/3/4,10,0,0,0,414/393/392,1c:3p 1c:3p 1c:4p,0,0/0/0,0,0,0,0,0,0
wingman_15e32-20261005-154659_noe_kill,early,,389.3,,0,3,10,3/3/4,3/3/4,10,0,0,0,502/503/504,1c:3p 1c:3p 1c:4p,0,0/0/0,0,0,0,0,0,0
wingman_15e32-20261005-154659_noe_kill,last,3,468.8,,0,3,10,3/4/3,3/4/3,10,0,0,0,312/457/380,1c:3p 1c:4p 1c:3p,0,0/0/0,0,0,0,0,0,0
wingman_15e32-20261005-154659_noe_kill,last,33,498.9,8004,0,3,10,2/5/3,2/5/3,10,0,0,0,633/343/304,1c:2p 1c:5p 1c:3p,2,2/0/0,0,6,6,0,0,0
wingman_1f564-20260930-164742_noe_fail,early,,2.5,,0,1,10,10,10,10,0,,0,,1c:10p,0,0,0,0,0,0,0,0
wingman_1f564-20260930-164742_noe_fail,early,,49.7,,0,3,10,3/3/4,3/3/4,10,0,0,0,412/398/455,1c:3p 1c:3p 1c:4p,0,0/0/0,0,0,0,0,0,0
wingman_1f564-20260930-164742_noe_fail,early,,94.2,,0,3,10,3/3/4,3/3/4,10,0,0,0,389/400/435,1c:3p 1c:3p 1c:4p,0,0/0/0,0,0,0,0,0,0
wingman_1f564-20260930-164742_noe_fail,early,,145.6,,0,3,10,3/3/4,3/3/4,10,0,0,0,433/625/525,1c:3p 1c:3p 1c:4p,0,0/0/0,0,0,0,0,0,0
wingman_1f564-20260930-164742_noe_fail,early,,200.9,,0,3,10,3/3/4,3/3/4,10,0,0,0,488/403/406,1c:3p 1c:3p 1c:4p,0,0/0/0,0,0,0,0,0,0
wingman_1f564-20260930-164742_noe_fail,early,,245.4,,0,3,10,3/3/4,3/3/4,10,0,0,0,515/460/369,1c:3p 1c:3p 1c:4p,0,0/0/0,0,0,0,0,0,0
wingman_1f564-20260930-164742_noe_fail,early,,303.8,,0,3,10,3/3/4,3/3/4,10,0,0,0,489/421/428,1c:3p 1c:3p 1c:4p,0,0/0/0,0,0,0,0,0,0
wingman_1f564-20260930-164742_noe_fail,early,,351.1,,0,3,10,3/3/4,3/3/4,10,0,0,0,365/338/490,1c:3p 1c:3p 1c:4p,0,0/0/0,0,0,0,0,0,0
wingman_1f564-20260930-164742_noe_fail,early,,398.8,,0,3,10,3/3/4,3/3/4,10,0,0,0,381/395/535,1c:3p 1c:3p 1c:4p,0,0/0/0,0,0,0,0,0,0
wingman_1f564-20260930-164742_noe_fail,early,,443.9,,0,3,10,3/3/3,3/3/3,9,0,0,0,560/597/476,1c:3p 1c:3p 1c:3p,0,0/0/0,0,0,0,0,0,0
wingman_1f564-20260930-164742_noe_fail,last,3,520.7,,0,3,10,3/4/3,3/4/3,10,0,0,0,402/471/767,1c:3p 1c:4p 1c:3p,0,0/0/0,0,0,0,0,0,0
wingman_1f564-20260930-164742_noe_fail,last,33,550.8,,0,1,3,0,0,0,0,,0,,1c:0p,0,0,0,0,0,0,0,0
wingman_1fa32-20261004-213126_noe_kill,early,,2.9,,0,3,10,3/3/4,3/3/4,10,0,0,0,379/283/330,1c:3p 1c:3p 1c:4p,0,0/0/0,0,0,0,0,0,0
wingman_1fa32-20261004-213126_noe_kill,early,,50.9,,0,3,10,4/3/3,4/3/3,10,0,0,0,369/391/405,1c:4p 1c:3p 1c:3p,0,0/0/0,0,0,0,0,0,0
wingman_1fa32-20261004-213126_noe_kill,early,,96.2,,0,3,10,4/3/3,4/3/3,10,0,0,0,329/357/451,1c:4p 1c:3p 1c:3p,0,0/0/0,0,0,0,0,0,0
wingman_1fa32-20261004-213126_noe_kill,early,,156.8,,0,3,10,3/4/3,3/4/3,10,0,0,0,387/600/487,1c:3p 1c:4p 1c:3p,0,0/0/0,0,0,0,0,0,0
wingman_1fa32-20261004-213126_noe_kill,early,,211.7,,0,3,10,3/3/4,3/3/4,10,0,0,0,554/376/429,1c:3p 1c:3p 1c:4p,0,0/0/0,0,0,0,0,0,0
wingman_1fa32-20261004-213126_noe_kill,early,,256.2,,0,3,10,3/3/4,3/3/4,10,0,0,0,376/568/590,1c:3p 1c:3p 1c:4p,0,0/0/0,0,0,0,0,0,0
wingman_1fa32-20261004-213126_noe_kill,early,,316.4,,0,3,10,3/3/4,3/3/4,10,0,0,0,421/407/465,1c:3p 1c:3p 1c:4p,0,0/0/0,0,0,0,0,0,0
wingman_1fa32-20261004-213126_noe_kill,early,,363.7,,0,3,10,3/4/3,3/4/3,10,0,0,0,327/584/385,1c:3p 1c:4p 1c:3p,0,0/0/0,0,0,0,0,0,0
wingman_1fa32-20261004-213126_noe_kill,early,,412.2,,0,3,10,3/3/4,3/3/4,10,0,0,0,411/420/409,1c:3p 1c:3p 1c:4p,0,0/0/0,0,0,0,0,0,0
wingman_1fa32-20261004-213126_noe_kill,early,,456.8,,0,3,10,3/4/3,3/4/3,10,0,0,0,453/396/461,1c:3p 1c:4p 1c:3p,0,0/0/0,0,0,0,0,0,0
wingman_1fa32-20261004-213126_noe_kill,last,3,501.2,,0,3,10,3/4/3,3/4/3,10,0,0,0,424/464/577,1c:3p 1c:4p 1c:3p,0,0/0/0,0,0,0,0,0,0
wingman_1fa32-20261004-213126_noe_kill,last,33,531.3,,0,3,10,3/4/3,3/4/3,10,0,0,0,432/387/819,1c:3p 1c:4p 1c:3p,0,0/0/0,0,1,0,0,0,0
wingman_1fa32-20261004-213126_noe_kill,last,63,561.2,,0,3,9,0/3/6,0/3/4,9,0,0,0,860/469/408,1c:0p 1c:3p 1c:4p,0,0/0/0,0,0,0,0,0,0
wingman_202f1-20261002-212232_noe_kill,early,,2.6,,0,1,10,7,7,7,0,,0,,1c:7p,0,0,0,0,0,0,0,0
wingman_202f1-20261002-212232_noe_kill,early,,50.2,,0,3,10,3/4/3,3/4/3,10,0,0,0,395/486/444,1c:3p 1c:4p 1c:3p,0,0/0/0,0,0,0,0,0,0
wingman_202f1-20261002-212232_noe_kill,early,,95.2,,0,3,10,3/3/4,3/3/4,10,0,0,0,434/519/408,1c:3p 1c:3p 1c:4p,0,0/0/0,0,0,0,0,0,0
wingman_202f1-20261002-212232_noe_kill,early,,141.9,,0,3,10,3/3/3,3/3/3,9,0,0,0,833/595/479,1c:3p 1c:3p 1c:3p,0,0/0/0,0,0,0,0,0,0
wingman_202f1-20261002-212232_noe_kill,early,,196.7,,0,3,10,3/4/3,3/4/3,10,0,0,0,414/649/631,1c:3p 1c:4p 1c:3p,0,0/0/0,0,0,0,0,0,0
wingman_202f1-20261002-212232_noe_kill,early,,257.3,,0,3,10,3/4/3,3/4/3,10,0,0,0,449/466/388,1c:3p 1c:4p 1c:3p,0,0/0/0,0,0,0,0,0,0
wingman_202f1-20261002-212232_noe_kill,early,,311.9,,0,3,10,3/3/4,3/3/4,10,0,0,0,685/469/495,1c:3p 1c:3p 1c:4p,0,0/0/0,0,0,0,0,0,0
wingman_202f1-20261002-212232_noe_kill,early,,358.7,,0,3,10,3/4/3,3/4/3,10,0,0,0,441/559/519,1c:3p 1c:4p 1c:3p,0,0/0/0,0,0,0,0,0,0
wingman_202f1-20261002-212232_noe_kill,early,,411.5,,0,3,10,3/3/4,3/3/4,10,0,0,0,475/438/512,1c:3p 1c:3p 1c:4p,0,0/0/0,0,0,0,0,0,0
wingman_202f1-20261002-212232_noe_kill,early,,461.3,,0,3,10,3/3/4,3/3/4,10,0,0,0,519/491/489,1c:3p 1c:3p 1c:4p,0,0/0/0,0,0,0,0,0,0
wingman_202f1-20261002-212232_noe_kill,last,3,505.7,,0,3,10,4/3/3,4/3/3,10,0,0,0,399/789/392,1c:4p 1c:3p 1c:3p,0,0/0/0,0,1,0,0,0,0
wingman_202f1-20261002-212232_noe_kill,last,33,535.7,,0,3,10,4/3/3,4/3/3,10,0,0,0,692/558/596,1c:4p 1c:3p 1c:3p,0,0/0/0,0,0,0,0,0,0
wingman_202f1-20261002-212232_noe_kill,last,63,565.7,,0,3,10,4/3/3,4/3/3,10,0,0,0,558/337/305,1c:4p 1c:3p 1c:3p,0,0/0/0,0,0,0,0,0,0
wingman_22ade-20261004-165755_noe_kill,early,,3.1,,0,1,10,6,6,6,0,,0,,1c:6p,0,0,0,0,0,0,0,0
wingman_22ade-20261004-165755_noe_kill,early,,50.2,,0,3,10,3/3/4,3/3/4,10,0,0,0,406/356/542,1c:3p 1c:3p 1c:4p,0,0/0/0,0,0,0,0,0,0
wingman_22ade-20261004-165755_noe_kill,early,,95.5,,0,3,10,4/3/3,4/3/3,10,0,0,0,405/502/690,1c:4p 1c:3p 1c:3p,0,0/0/0,0,0,0,0,0,0
wingman_22ade-20261004-165755_noe_kill,early,,144.3,,0,3,10,4/3/3,4/3/3,10,0,0,0,1012/359/954,1c:4p 1c:3p 1c:3p,0,0/0/0,0,0,0,0,0,0
wingman_22ade-20261004-165755_noe_kill,early,,198.8,,0,3,10,4/3/3,4/3/3,10,0,0,0,772/752/668,1c:4p 1c:3p 1c:3p,0,0/0/0,0,0,0,0,0,0
wingman_22ade-20261004-165755_noe_kill,early,,244.3,,0,3,10,3/4/3,3/4/3,10,0,0,0,583/370/364,1c:3p 1c:4p 1c:3p,0,0/0/0,0,0,0,0,0,0
wingman_22ade-20261004-165755_noe_kill,early,,290.2,,0,3,10,3/4/3,3/4/3,10,0,0,0,411/420/542,1c:3p 1c:4p 1c:3p,0,0/0/0,0,0,0,0,0,0
wingman_22ade-20261004-165755_noe_kill,early,,340.1,,0,3,10,3/4/3,3/4/3,10,0,0,0,454/487/437,1c:3p 1c:4p 1c:3p,0,0/0/0,0,0,0,0,0,0
wingman_22ade-20261004-165755_noe_kill,early,,393.8,,0,3,10,4/3/3,4/3/3,10,0,0,0,432/466/558,1c:4p 1c:3p 1c:3p,0,0/0/0,0,0,0,0,0,0
wingman_22ade-20261004-165755_noe_kill,last,3,458.5,,0,3,10,4/3/3,4/3/3,10,0,0,0,404/413/519,1c:4p 1c:3p 1c:3p,0,0/0/0,0,0,0,0,0,0
wingman_22ade-20261004-165755_noe_kill,last,33,488.6,,0,3,10,3/4/3,3/4/3,10,0,0,0,624/412/426,1c:3p 1c:4p 1c:3p,0,0/0/0,0,0,0,0,0,0
wingman_23819-20261004-223108_noe_kill,early,,2.7,,0,1,10,8,8,8,0,,0,,1c:8p,0,0,0,0,0,0,0,0
wingman_23819-20261004-223108_noe_kill,early,,50.0,,0,3,10,4/3/3,4/3/3,10,0,0,0,436/390/580,1c:4p 1c:3p 1c:3p,0,0/0/0,0,0,0,0,0,0
wingman_23819-20261004-223108_noe_kill,early,,95.0,,0,3,10,4/3/3,4/3/3,10,0,0,0,447/402/664,1c:4p 1c:3p 1c:3p,0,0/0/0,0,0,0,0,0,0
wingman_23819-20261004-223108_noe_kill,early,,140.1,,0,3,10,3/3/4,3/3/4,10,0,0,0,867/454/863,1c:3p 1c:3p 1c:4p,0,0/0/0,0,0,0,0,0,0
wingman_23819-20261004-223108_noe_kill,early,,194.8,,0,3,10,3/3/3,3/3/3,9,0,0,0,658/350/506,1c:3p 1c:3p 1c:3p,0,0/0/0,0,0,0,0,0,0
wingman_23819-20261004-223108_noe_kill,early,,239.4,,0,3,10,4/3/3,3/3/3,10,0,0,0,443/623/355,1c:3p 1c:3p 1c:3p,0,0/0/0,0,0,0,0,0,0
wingman_23819-20261004-223108_noe_kill,early,,284.2,,0,3,10,3/3/4,3/3/4,10,0,0,0,454/481/703,1c:3p 1c:3p 1c:4p,0,0/0/0,0,0,0,0,0,0
wingman_23819-20261004-223108_noe_kill,early,,331.1,,0,3,10,4/3/3,4/3/3,10,0,0,0,422/381/679,1c:4p 1c:3p 1c:3p,0,0/0/0,0,0,0,0,0,0
wingman_23819-20261004-223108_noe_kill,early,,380.2,,0,3,10,4/3/3,4/3/3,10,0,0,0,580/408/537,1c:4p 1c:3p 1c:3p,0,0/0/0,0,0,0,0,0,0
wingman_23819-20261004-223108_noe_kill,last,3,444.2,,0,3,10,4/3/3,4/3/3,10,0,0,0,558/415/634,1c:4p 1c:3p 1c:3p,0,0/0/0,0,0,0,0,0,0
wingman_23819-20261004-223108_noe_kill,last,33,474.2,8162,0,3,10,4/3/2,4/3/2,9,0,0,0,532/375/690,1c:4p 1c:3p 1c:2p,3,1/0/2,0,9,9,2,0,0
wingman_23f47-Account-013D_20261002-004636_noe_kill,early,,3.0,,0,1,10,8,8,8,0,,0,,1c:8p,0,0,0,0,0,0,0,0
wingman_23f47-Account-013D_20261002-004636_noe_kill,early,,51.0,,0,3,10,3/3/4,3/3/4,10,0,0,0,434/368/451,1c:3p 1c:3p 1c:4p,0,0/0/0,0,0,0,0,0,0
wingman_23f47-Account-013D_20261002-004636_noe_kill,early,,95.6,,0,3,10,4/3/3,4/3/3,10,0,0,0,360/416/599,1c:4p 1c:3p 1c:3p,0,0/0/0,0,0,0,0,0,0
wingman_23f47-Account-013D_20261002-004636_noe_kill,early,,146.7,,0,3,10,3/3/4,3/3/4,10,0,0,0,514/483/311,1c:3p 1c:3p 1c:4p,0,0/0/0,0,0,0,0,0,0
wingman_23f47-Account-013D_20261002-004636_noe_kill,early,,201.3,,0,3,10,3/3/4,3/3/4,10,0,0,0,548/438/332,1c:3p 1c:3p 1c:4p,0,0/0/0,0,0,0,0,0,0
wingman_23f47-Account-013D_20261002-004636_noe_kill,early,,246.0,,0,3,10,3/4/3,3/4/3,10,0,0,0,437/406/423,1c:3p 1c:4p 1c:3p,0,0/0/0,0,0,0,0,0,0
wingman_23f47-Account-013D_20261002-004636_noe_kill,early,,294.7,,0,3,10,4/3/3,4/3/3,10,0,0,0,376/422/651,1c:4p 1c:3p 1c:3p,0,0/0/0,0,0,0,0,0,0
wingman_23f47-Account-013D_20261002-004636_noe_kill,early,,341.8,,0,3,10,4/3/3,4/3/3,10,0,0,0,476/403/733,1c:4p 1c:3p 1c:3p,0,0/0/0,0,0,0,0,0,0
wingman_23f47-Account-013D_20261002-004636_noe_kill,early,,392.9,,0,3,10,4/3/3,4/3/3,10,0,0,0,462/575/410,1c:4p 1c:3p 1c:3p,0,0/0/0,0,1,0,0,0,0
wingman_23f47-Account-013D_20261002-004636_noe_kill,early,,438.3,,0,3,10,3/4/3,3/4/3,10,0,0,0,385/398/777,1c:3p 1c:4p 1c:3p,0,0/0/0,0,0,0,0,0,0
wingman_23f47-Account-013D_20261002-004636_noe_kill,last,3,508.6,,0,3,10,4/3/3,4/3/3,10,0,0,0,556/323/357,1c:4p 1c:3p 1c:3p,0,0/0/0,0,0,0,0,0,0
wingman_23f47-Account-013D_20261002-004636_noe_kill,last,33,538.7,,0,3,10,3/4/3,3/4/3,10,0,0,0,402/865/585,1c:3p 1c:4p 1c:3p,0,0/0/0,0,0,0,0,0,0
wingman_23f47-Account-013D_20261002-004636_noe_kill,last,63,568.6,8004,0,3,10,3/2/3,2/2/3,8,0,0,0,485/435/665,1c:2p 1c:2p 1c:3p,5,3/2/0,0,22,15,2,0,0
wingman_2ca3c-20261004-215302_noe_kill,early,,3.0,,0,1,10,7,7,7,0,,0,,1c:7p,0,0,0,0,0,0,0,0
wingman_2ca3c-20261004-215302_noe_kill,early,,50.7,,0,3,10,3/3/4,3/3/4,10,0,0,0,449/400/579,1c:3p 1c:3p 1c:4p,0,0/0/0,0,0,0,0,0,0
wingman_2ca3c-20261004-215302_noe_kill,early,,95.2,,0,3,10,4/3/3,4/3/3,10,0,0,0,471/425/486,1c:4p 1c:3p 1c:3p,0,0/0/0,0,0,0,0,0,0
wingman_2ca3c-20261004-215302_noe_kill,early,,146.6,,0,3,10,3/3/4,3/3/4,10,0,0,0,434/702/698,1c:3p 1c:3p 1c:4p,0,0/0/0,0,1,0,0,0,0
wingman_2ca3c-20261004-215302_noe_kill,early,,193.2,,0,3,10,4/3/3,4/3/3,10,0,0,0,421/583/832,1c:4p 1c:3p 1c:3p,0,0/0/0,0,0,0,0,0,0
wingman_2ca3c-20261004-215302_noe_kill,early,,244.7,,0,3,10,3/2/4,3/2/4,9,0,0,0,428/354/545,1c:3p 1c:2p 1c:4p,0,0/0/0,0,0,0,0,0,0
wingman_2ca3c-20261004-215302_noe_kill,early,,294.2,,0,3,10,4/3/3,4/3/3,10,0,0,0,430/418/550,1c:4p 1c:3p 1c:3p,0,0/0/0,0,0,0,0,0,0
wingman_2ca3c-20261004-215302_noe_kill,early,,341.7,,0,3,10,4/3/3,4/3/3,10,0,0,0,581/445/687,1c:4p 1c:3p 1c:3p,0,0/0/0,0,0,0,0,0,0
wingman_2ca3c-20261004-215302_noe_kill,early,,388.7,,0,3,10,3/3/4,3/3/4,10,0,0,0,445/495/415,1c:3p 1c:3p 1c:4p,0,0/0/0,0,0,0,0,0,0
wingman_2ca3c-20261004-215302_noe_kill,early,,434.1,,0,3,10,3/3/4,3/3/4,10,0,0,0,637/420/650,1c:3p 1c:3p 1c:4p,0,0/0/0,0,0,0,0,0,0
wingman_2ca3c-20261004-215302_noe_kill,last,3,478.8,,0,3,10,4/3/3,4/3/3,10,0,0,0,426/393/611,1c:4p 1c:3p 1c:3p,0,0/0/0,0,0,0,0,0,0
wingman_2ca3c-20261004-215302_noe_kill,last,33,508.9,,0,3,10,3/4/3,3/4/3,10,0,0,0,659/555/309,1c:3p 1c:4p 1c:3p,0,0/0/0,0,0,0,0,0,0
wingman_3273c-20261001-011226_noe_fail,early,,2.8,,0,1,10,8,8,8,0,,0,,1c:8p,0,0,0,0,0,0,0,0
wingman_3273c-20261001-011226_noe_fail,early,,50.0,,0,3,10,4/3/3,4/3/3,10,0,0,0,531/392/478,1c:4p 1c:3p 1c:3p,0,0/0/0,0,0,0,0,0,0
wingman_3273c-20261001-011226_noe_fail,early,,95.0,,0,3,10,4/3/3,4/3/3,10,0,0,0,412/485/481,1c:4p 1c:3p 1c:3p,0,0/0/0,0,0,0,0,0,0
wingman_3273c-20261001-011226_noe_fail,early,,147.7,,0,3,10,4/3/3,4/3/3,10,0,0,0,681/594/805,1c:4p 1c:3p 1c:3p,0,0/0/0,0,0,0,0,0,0
wingman_3273c-20261001-011226_noe_fail,early,,203.0,,0,3,10,4/3/3,4/3/3,10,0,0,0,431/538/729,1c:4p 1c:3p 1c:3p,0,0/0/0,0,0,0,0,0,0
wingman_3273c-20261001-011226_noe_fail,early,,248.5,,0,3,10,4/3/3,4/3/3,10,0,0,0,607/361/687,1c:4p 1c:3p 1c:3p,0,0/0/0,0,0,0,0,0,0
wingman_3273c-20261001-011226_noe_fail,early,,309.9,,0,3,10,4/3/3,4/3/3,10,0,0,0,742/993/1026,1c:4p 1c:3p 1c:3p,0,0/0/0,0,1,0,0,0,0
wingman_3273c-20261001-011226_noe_fail,early,,357.1,,0,3,10,4/3/3,4/3/3,10,0,0,0,518/475/852,1c:4p 1c:3p 1c:3p,0,0/0/0,0,0,0,0,0,0
wingman_3273c-20261001-011226_noe_fail,early,,404.8,,0,3,10,4/3/3,4/3/3,10,0,0,0,563/503/497,1c:4p 1c:3p 1c:3p,0,0/0/0,0,0,0,0,0,0
wingman_3273c-20261001-011226_noe_fail,early,,449.3,,0,3,10,3/4/3,3/4/3,10,0,0,0,620/764/559,1c:3p 1c:4p 1c:3p,0,0/0/0,0,0,0,0,0,0
wingman_3273c-20261001-011226_noe_fail,early,,497.2,,0,3,10,4/3/3,4/3/3,7,3,0,0,567/105/588,2c:4p 1c:3p,0,0/0/0,0,0,0,0,1,0
wingman_3273c-20261001-011226_noe_fail,last,3,529.2,,0,3,10,4/3/3,4/3/3,10,0,0,0,368/299/594,1c:4p 1c:3p 1c:3p,0,0/0/0,0,0,0,0,0,0
wingman_3273c-20261001-011226_noe_fail,last,33,559.2,,0,3,10,3/3/3,3/3/3,9,0,0,0,653/392/936,1c:3p 1c:3p 1c:3p,0,0/0/0,0,0,0,0,0,0
wingman_3OrP-20261004-023256_boss,early,,2.9,,0,1,10,8,8,8,0,,0,,1c:8p,0,0,0,0,0,0,0,0
wingman_3OrP-20261004-023256_boss,early,,50.1,,0,3,10,4/3/3,4/3/3,10,0,0,0,389/403/497,1c:4p 1c:3p 1c:3p,0,0/0/0,0,0,0,0,0,0
wingman_3OrP-20261004-023256_boss,early,,95.1,,0,3,10,3/3/4,3/3/4,10,0,0,0,411/375/557,1c:3p 1c:3p 1c:4p,0,0/0/0,0,0,0,0,0,0
wingman_3OrP-20261004-023256_boss,early,,148.7,,0,3,10,4/3/3,4/3/3,10,0,0,0,496/414/664,1c:4p 1c:3p 1c:3p,0,0/0/0,0,0,0,0,0,0
wingman_3OrP-20261004-023256_boss,early,,203.3,,0,3,10,3/3/4,3/3/4,10,0,0,0,343/510/454,1c:3p 1c:3p 1c:4p,0,0/0/0,0,0,0,0,0,0
wingman_3OrP-20261004-023256_boss,early,,248.2,,0,3,10,3/3/4,3/3/4,10,0,0,0,380/381/382,1c:3p 1c:3p 1c:4p,0,0/0/0,0,0,0,0,0,0
wingman_3OrP-20261004-023256_boss,early,,297.6,,0,3,10,3/3/4,3/3/4,10,0,0,0,381/319/526,1c:3p 1c:3p 1c:4p,0,0/0/0,0,0,0,0,0,0
wingman_3OrP-20261004-023256_boss,early,,353.3,,0,3,10,3/3/4,3/3/4,10,0,0,0,695/468/492,1c:3p 1c:3p 1c:4p,0,0/0/0,0,0,0,0,0,0
wingman_3OrP-20261004-023256_boss,early,,398.0,,0,3,10,4/3/3,4/3/3,10,0,0,0,511/408/899,1c:4p 1c:3p 1c:3p,0,0/0/0,0,1,0,0,0,0
wingman_3OrP-20261004-023256_boss,last,3,465.2,,0,3,10,4/3/3,4/3/3,10,0,0,0,367/357/497,1c:4p 1c:3p 1c:3p,0,0/0/0,0,0,0,0,0,0
wingman_3OrP-20261004-023256_boss,last,33,495.3,,0,3,10,3/4/3,3/4/3,10,0,0,0,420/368/535,1c:3p 1c:4p 1c:3p,0,0/0/0,0,0,0,0,0,0
wingman_3c4a4-20260930-233824_noe_fail,early,,2.6,,0,1,10,7,7,7,0,,0,,1c:7p,0,0,0,0,0,0,0,0
wingman_3c4a4-20260930-233824_noe_fail,early,,50.1,,0,3,10,3/3/4,3/3/4,10,0,0,0,496/406/577,1c:3p 1c:3p 1c:4p,0,0/0/0,0,0,0,0,0,0
wingman_3c4a4-20260930-233824_noe_fail,early,,94.9,,0,3,10,4/3/3,4/3/3,10,0,0,0,466/425/665,1c:4p 1c:3p 1c:3p,0,0/0/0,0,0,0,0,0,0
wingman_3c4a4-20260930-233824_noe_fail,early,,143.6,,0,3,10,3/4/3,3/4/3,10,0,0,0,697/590/694,1c:3p 1c:4p 1c:3p,0,0/0/0,0,0,0,0,0,0
wingman_3c4a4-20260930-233824_noe_fail,early,,199.0,,0,3,10,3/3/3,3/3/3,9,0,0,0,558/445/718,1c:3p 1c:3p 1c:3p,0,0/0/0,0,0,0,0,0,0
wingman_3c4a4-20260930-233824_noe_fail,early,,243.9,,0,3,10,4/3/3,4/3/3,10,0,0,0,596/403/359,1c:4p 1c:3p 1c:3p,0,0/0/0,0,0,0,0,0,0
wingman_3c4a4-20260930-233824_noe_fail,early,,307.0,,0,3,10,4/3/3,4/3/3,10,0,0,0,789/761/1198,1c:4p 1c:3p 1c:3p,0,0/0/0,0,0,0,0,0,0
wingman_3c4a4-20260930-233824_noe_fail,early,,354.2,,0,2,10,5/4,5/4,9,0,0,0,356,1c:5p 1c:4p,0,0/0,0,0,0,0,0,0
wingman_3c4a4-20260930-233824_noe_fail,early,,401.2,,0,3,10,3/3/4,3/3/4,10,0,0,0,522/680/469,1c:3p 1c:3p 1c:4p,0,0/0/0,0,0,0,0,0,0
wingman_3c4a4-20260930-233824_noe_fail,early,,445.7,,0,3,10,3/4/3,3/4/3,10,0,0,0,723/639/601,1c:3p 1c:4p 1c:3p,0,0/0/0,0,1,0,0,0,0
wingman_3c4a4-20260930-233824_noe_fail,last,3,517.2,,0,3,10,4/3/3,4/3/3,10,0,0,0,568/687/1048,1c:4p 1c:3p 1c:3p,0,0/0/0,0,0,0,0,0,0
wingman_3c4a4-20260930-233824_noe_fail,last,33,547.2,8080,0,3,10,3/3/4,3/2/4,10,0,0,0,556/665/941,1c:3p 1c:2p 1c:4p,3,0/3/0,0,9,9,2,0,0
wingman_45f7e-Account-81AD_20261004-012814_noe_kill,early,,2.9,,0,1,10,8,8,8,0,,0,,1c:8p,0,0,0,0,0,0,0,0
wingman_45f7e-Account-81AD_20261004-012814_noe_kill,early,,50.0,,0,3,10,3/4/3,3/4/3,10,0,0,0,451/423/402,1c:3p 1c:4p 1c:3p,0,0/0/0,0,0,0,0,0,0
wingman_45f7e-Account-81AD_20261004-012814_noe_kill,early,,94.7,,0,3,10,4/3/3,4/3/3,10,0,0,0,464/373/512,1c:4p 1c:3p 1c:3p,0,0/0/0,0,0,0,0,0,0
wingman_45f7e-Account-81AD_20261004-012814_noe_kill,early,,145.3,,0,3,10,3/4/3,3/4/3,10,0,0,0,438/321/317,1c:3p 1c:4p 1c:3p,0,0/0/0,0,0,0,0,0,0
wingman_45f7e-Account-81AD_20261004-012814_noe_kill,early,,191.3,,0,3,10,3/4/3,3/4/3,10,0,0,0,549/414/425,1c:3p 1c:4p 1c:3p,0,0/0/0,0,0,0,0,0,0
wingman_45f7e-Account-81AD_20261004-012814_noe_kill,early,,237.0,,0,3,10,3/3/4,3/3/4,10,0,0,0,702/515/401,1c:3p 1c:3p 1c:4p,0,0/0/0,0,0,0,0,0,0
wingman_45f7e-Account-81AD_20261004-012814_noe_kill,early,,285.4,,0,3,10,3/4/3,3/4/3,10,0,0,0,495/828/467,1c:3p 1c:4p 1c:3p,0,0/0/0,0,0,0,0,0,0
wingman_45f7e-Account-81AD_20261004-012814_noe_kill,early,,332.9,,0,3,10,4/3/3,4/3/3,10,0,0,0,319/465/457,1c:4p 1c:3p 1c:3p,0,0/0/0,0,0,0,0,0,0
wingman_45f7e-Account-81AD_20261004-012814_noe_kill,early,,380.4,,0,3,10,3/3/4,3/3/4,10,0,0,0,379/483/474,1c:3p 1c:3p 1c:4p,0,0/0/0,0,0,0,0,0,0
wingman_45f7e-Account-81AD_20261004-012814_noe_kill,early,,425.3,,0,3,10,3/4/3,3/3/2,10,0,0,0,611/424/323,1c:3p 1c:3p 1c:2p,0,0/0/0,0,0,0,0,0,0
wingman_45f7e-Account-81AD_20261004-012814_noe_kill,last,3,472.6,,0,3,10,3/3/4,3/3/4,10,0,0,0,419/471/458,1c:3p 1c:3p 1c:4p,0,0/0/0,0,0,0,0,0,0
wingman_45f7e-Account-81AD_20261004-012814_noe_kill,last,33,502.7,,0,3,10,3/3/3,3/3/3,9,0,0,0,622/1059/507,1c:3p 1c:3p 1c:3p,0,0/0/0,0,0,0,0,0,0
wingman_45f7e-Account-81AD_20261004-012814_noe_kill,last,63,532.6,8008,0,3,9,2/2/4,2/2/4,8,0,0,0,372/554/845,1c:2p 1c:2p 1c:4p,3,1/2/0,0,9,9,2,0,0
wingman_47495-Account-8B25_20261001-234602_noe_fail,early,,3.0,,0,1,10,4,4,4,0,,0,,1c:4p,0,0,0,0,0,0,0,0
wingman_47495-Account-8B25_20261001-234602_noe_fail,early,,50.2,,0,3,10,4/3/3,4/3/3,10,0,0,0,444/506/506,1c:4p 1c:3p 1c:3p,0,0/0/0,0,0,0,0,0,0
wingman_47495-Account-8B25_20261001-234602_noe_fail,early,,94.6,,0,3,10,4/3/3,4/3/3,10,0,0,0,394/463/536,1c:4p 1c:3p 1c:3p,0,0/0/0,0,0,0,0,0,0
wingman_47495-Account-8B25_20261001-234602_noe_fail,early,,147.4,,0,3,10,4/3/3,4/3/3,10,0,0,0,373/591/621,1c:4p 1c:3p 1c:3p,0,0/0/0,0,0,0,0,0,0
wingman_47495-Account-8B25_20261001-234602_noe_fail,early,,202.5,,0,3,10,4/3/3,4/3/3,10,0,0,0,411/319/469,1c:4p 1c:3p 1c:3p,0,0/0/0,0,0,0,0,0,0
wingman_47495-Account-8B25_20261001-234602_noe_fail,early,,249.6,,0,3,10,3/3/4,3/3/4,10,0,0,0,397/492/357,1c:3p 1c:3p 1c:4p,0,0/0/0,0,1,0,0,0,0
wingman_47495-Account-8B25_20261001-234602_noe_fail,early,,294.9,,0,3,10,3/3/4,3/3/4,10,0,0,0,680/495/535,1c:3p 1c:3p 1c:4p,0,0/0/0,0,0,0,0,0,0
wingman_47495-Account-8B25_20261001-234602_noe_fail,early,,342.4,,0,3,10,3/3/4,3/3/4,10,0,0,0,386/674/387,1c:3p 1c:3p 1c:4p,0,0/0/0,0,0,0,0,0,0
wingman_47495-Account-8B25_20261001-234602_noe_fail,early,,394.0,,0,3,10,4/3/3,4/3/3,10,0,0,0,620/378/363,1c:4p 1c:3p 1c:3p,0,0/0/0,0,0,0,0,0,0
wingman_47495-Account-8B25_20261001-234602_noe_fail,early,,438.8,,0,3,10,4/3/3,4/3/3,10,0,0,0,407/408/566,1c:4p 1c:3p 1c:3p,0,0/0/0,0,0,0,0,0,0
wingman_47495-Account-8B25_20261001-234602_noe_fail,last,3,514.8,,0,3,10,3/4/3,3/4/3,10,0,0,0,518/325/344,1c:3p 1c:4p 1c:3p,0,0/0/0,0,0,0,0,0,0
wingman_47495-Account-8B25_20261001-234602_noe_fail,last,33,544.8,,0,3,10,4/3/3,4/3/3,10,0,0,0,466/388/642,1c:4p 1c:3p 1c:3p,0,0/0/0,0,0,0,0,0,0
wingman_47495-Account-8B25_20261001-234602_noe_fail,last,63,574.9,,0,1,9,8,8,8,0,,0,,1c:8p,0,0,0,10,0,0,0,0
wingman_47d67-20261004-012811_noe_kill,early,,2.8,,0,1,10,9,9,9,0,,0,,1c:9p,0,0,0,0,0,0,0,0
wingman_47d67-20261004-012811_noe_kill,early,,49.6,,0,3,10,3/3/4,3/3/4,10,0,0,0,457/459/642,1c:3p 1c:3p 1c:4p,0,0/0/0,0,0,0,0,0,0
wingman_47d67-20261004-012811_noe_kill,early,,94.1,,0,3,10,3/4/3,3/4/3,10,0,0,0,439/383/449,1c:3p 1c:4p 1c:3p,0,0/0/0,0,0,0,0,0,0
wingman_47d67-20261004-012811_noe_kill,early,,156.6,,0,3,10,3/3/4,3/3/4,10,0,0,0,420/438/691,1c:3p 1c:3p 1c:4p,0,0/0/0,0,0,0,0,0,0
wingman_47d67-20261004-012811_noe_kill,early,,211.3,,0,3,10,4/3/3,4/3/3,10,0,0,0,416/427/364,1c:4p 1c:3p 1c:3p,0,0/0/0,0,0,0,0,0,0
wingman_47d67-20261004-012811_noe_kill,early,,256.0,,0,3,10,3/3/4,3/3/4,10,0,0,0,402/492/435,1c:3p 1c:3p 1c:4p,0,0/0/0,0,0,0,0,0,0
wingman_47d67-20261004-012811_noe_kill,early,,313.5,,0,3,10,4/3/3,4/3/3,10,0,0,0,359/358/555,1c:4p 1c:3p 1c:3p,0,0/0/0,0,0,0,0,0,0
wingman_47d67-20261004-012811_noe_kill,early,,360.8,,0,3,10,3/3/4,3/3/4,10,0,0,0,369/419/635,1c:3p 1c:3p 1c:4p,0,0/0/0,0,1,0,0,0,0
wingman_47d67-20261004-012811_noe_kill,early,,409.6,,0,3,10,3/4/3,3/4/3,10,0,0,0,773/530/522,1c:3p 1c:4p 1c:3p,0,0/0/0,0,0,0,0,0,0
wingman_47d67-20261004-012811_noe_kill,early,,454.5,,0,3,10,3/4/3,3/4/3,10,0,0,0,410/432/585,1c:3p 1c:4p 1c:3p,0,0/0/0,0,0,0,0,0,0
wingman_47d67-20261004-012811_noe_kill,last,3,509.0,,0,3,10,3/4/3,3/4/3,10,0,0,0,494/383/392,1c:3p 1c:4p 1c:3p,0,0/0/0,0,0,0,0,0,0
wingman_47d67-20261004-012811_noe_kill,last,33,539.1,,0,3,10,3/3/4,3/3/4,10,0,0,0,392/463/551,1c:3p 1c:3p 1c:4p,0,0/0/0,0,0,0,0,0,0
wingman_4bfb1-Account-F0CC_20261004-232956_noe_kill,early,,3.1,,0,1,10,9,9,9,0,,0,,1c:9p,0,0,0,0,0,0,0,0
wingman_4bfb1-Account-F0CC_20261004-232956_noe_kill,early,,50.1,,0,3,10,3/3/4,3/3/4,10,0,0,0,509/440/368,1c:3p 1c:3p 1c:4p,0,0/0/0,0,0,0,0,0,0
wingman_4bfb1-Account-F0CC_20261004-232956_noe_kill,early,,94.8,,0,3,10,4/3/3,4/3/3,10,0,0,0,361/375/481,1c:4p 1c:3p 1c:3p,0,0/0/0,0,0,0,0,0,0
wingman_4bfb1-Account-F0CC_20261004-232956_noe_kill,early,,141.0,,0,3,10,4/3/3,4/3/3,10,0,0,0,486/812/585,1c:4p 1c:3p 1c:3p,0,0/0/0,0,0,0,0,0,0
wingman_4bfb1-Account-F0CC_20261004-232956_noe_kill,early,,196.0,,0,3,10,3/4/3,3/4/3,10,0,0,0,511/428/697,1c:3p 1c:4p 1c:3p,0,0/0/0,0,0,0,0,0,0
wingman_4bfb1-Account-F0CC_20261004-232956_noe_kill,early,,242.2,,0,3,10,3/3/4,3/3/4,10,0,0,0,433/702/726,1c:3p 1c:3p 1c:4p,0,0/0/0,0,0,0,0,0,0
wingman_4bfb1-Account-F0CC_20261004-232956_noe_kill,early,,295.8,,0,3,10,3/4/3,3/4/3,10,0,0,0,785/410/388,1c:3p 1c:4p 1c:3p,0,0/0/0,0,0,0,0,0,0
wingman_4bfb1-Account-F0CC_20261004-232956_noe_kill,early,,343.5,,0,3,10,4/3/3,4/3/3,10,0,0,0,576/332/408,1c:4p 1c:3p 1c:3p,0,0/0/0,0,0,0,0,0,0
wingman_4bfb1-Account-F0CC_20261004-232956_noe_kill,early,,391.2,,0,3,10,3/4/3,3/4/3,10,0,0,0,428/558/405,1c:3p 1c:4p 1c:3p,0,0/0/0,0,0,0,0,0,0
wingman_4bfb1-Account-F0CC_20261004-232956_noe_kill,early,,436.1,,0,3,10,3/3/4,3/3/4,10,0,0,0,472/461/512,1c:3p 1c:3p 1c:4p,0,0/0/0,0,0,0,0,0,0
wingman_4bfb1-Account-F0CC_20261004-232956_noe_kill,last,3,500.8,,0,3,10,3/3/4,3/3/4,10,0,0,0,371/418/686,1c:3p 1c:3p 1c:4p,0,0/0/0,0,0,0,0,0,0
wingman_4bfb1-Account-F0CC_20261004-232956_noe_kill,last,33,530.8,,0,3,10,3/4/3,3/4/3,10,0,0,0,433/415/413,1c:3p 1c:4p 1c:3p,0,0/0/0,0,0,0,0,0,0
wingman_4bfb1-Account-F0CC_20261004-232956_noe_kill,last,63,560.9,,0,2,9,0/9,0/9,9,0,0,0,985,1c:0p 1c:9p,0,0/0,0,0,0,0,0,0
wingman_4c55f-20261005-181952_noe_kill,early,,2.9,,0,1,10,8,8,8,0,,0,,1c:8p,0,0,0,0,0,0,0,0
wingman_4c55f-20261005-181952_noe_kill,early,,50.6,,0,3,10,3/4/3,3/4/3,10,0,0,0,417/302/463,1c:3p 1c:4p 1c:3p,0,0/0/0,0,0,0,0,0,0
wingman_4c55f-20261005-181952_noe_kill,early,,95.3,,0,3,10,4/3/3,4/3/3,10,0,0,0,396/440/536,1c:4p 1c:3p 1c:3p,0,0/0/0,0,0,0,0,0,0
wingman_4c55f-20261005-181952_noe_kill,early,,153.4,,0,3,10,3/4/3,3/4/3,10,0,0,0,466/781/683,1c:3p 1c:4p 1c:3p,0,0/0/0,0,0,0,0,0,0
wingman_4c55f-20261005-181952_noe_kill,early,,208.0,,0,3,10,4/3/3,4/3/3,10,0,0,0,436/405/812,1c:4p 1c:3p 1c:3p,0,0/0/0,0,1,0,0,0,0
wingman_4c55f-20261005-181952_noe_kill,early,,254.3,,0,3,10,4/3/3,4/3/3,10,0,0,0,475/354/749,1c:4p 1c:3p 1c:3p,0,0/0/0,0,0,0,0,0,0
wingman_4c55f-20261005-181952_noe_kill,early,,306.8,,0,3,10,3/4/3,3/4/3,10,0,0,0,496/465/596,1c:3p 1c:4p 1c:3p,0,0/0/0,0,0,0,0,0,0
wingman_4c55f-20261005-181952_noe_kill,early,,353.9,,0,3,10,4/3/3,4/3/3,10,0,0,0,320/421/401,1c:4p 1c:3p 1c:3p,0,0/0/0,0,0,0,0,0,0
wingman_4c55f-20261005-181952_noe_kill,early,,401.8,,0,3,10,3/3/4,3/3/4,10,0,0,0,427/374/414,1c:3p 1c:3p 1c:4p,0,0/0/0,0,1,0,0,0,0
wingman_4c55f-20261005-181952_noe_kill,early,,452.2,,0,3,10,2/8/9,2/8/9,10,8,1,0,214/298/137,3c:10p,0,0/0/0,0,0,0,0,0,0
wingman_4c55f-20261005-181952_noe_kill,last,3,487.4,,0,3,10,3/3/3,3/3/3,9,0,0,0,393/394/525,1c:3p 1c:3p 1c:3p,0,0/0/0,0,0,0,0,0,0
wingman_4c55f-20261005-181952_noe_kill,last,33,517.4,,0,3,10,3/3/4,3/3/4,10,0,0,0,425/430/854,1c:3p 1c:3p 1c:4p,0,0/0/0,0,0,0,0,0,0
wingman_4c55f-20261005-181952_noe_kill,last,63,547.4,,0,3,10,3/3/4,3/3/4,10,0,0,0,845/468/1309,1c:3p 1c:3p 1c:4p,0,0/0/0,0,0,0,0,0,0
wingman_4f111-Account-81AD_20260930-183104_noe_fail,early,,2.7,,0,1,10,10,10,10,0,,0,,1c:10p,0,0,0,0,0,0,0,0
wingman_4f111-Account-81AD_20260930-183104_noe_fail,early,,50.3,,0,3,10,3/4/3,3/4/3,10,0,0,0,401/440/399,1c:3p 1c:4p 1c:3p,0,0/0/0,0,0,0,0,0,0
wingman_4f111-Account-81AD_20260930-183104_noe_fail,early,,95.4,,0,3,10,3/4/3,3/4/3,10,0,0,0,300/329/468,1c:3p 1c:4p 1c:3p,0,0/0/0,0,0,0,0,0,0
wingman_4f111-Account-81AD_20260930-183104_noe_fail,early,,153.6,,0,3,10,3/4/3,3/4/3,10,0,0,0,358/547/581,1c:3p 1c:4p 1c:3p,0,0/0/0,0,0,0,0,0,0
wingman_4f111-Account-81AD_20260930-183104_noe_fail,early,,208.3,,0,3,10,3/4/3,3/4/3,10,0,0,0,493/482/409,1c:3p 1c:4p 1c:3p,0,0/0/0,0,0,0,0,0,0
wingman_4f111-Account-81AD_20260930-183104_noe_fail,early,,254.7,,0,3,10,3/3/4,3/3/4,10,0,0,0,470/383/472,1c:3p 1c:3p 1c:4p,0,0/0/0,0,0,0,0,0,0
wingman_4f111-Account-81AD_20260930-183104_noe_fail,early,,307.6,,0,3,10,3/3/4,3/3/4,10,0,0,0,630/438/429,1c:3p 1c:3p 1c:4p,0,0/0/0,0,0,0,0,0,0
wingman_4f111-Account-81AD_20260930-183104_noe_fail,early,,355.0,,0,3,10,3/3/4,3/3/4,10,0,0,0,393/617/579,1c:3p 1c:3p 1c:4p,0,0/0/0,0,0,0,0,0,0
wingman_4f111-Account-81AD_20260930-183104_noe_fail,early,,402.9,,0,3,10,4/3/3,4/3/3,10,0,0,0,340/338/626,1c:4p 1c:3p 1c:3p,0,0/0/0,0,0,0,0,0,0
wingman_4f111-Account-81AD_20260930-183104_noe_fail,early,,448.2,,0,3,10,3/4/3,3/4/3,10,0,0,0,516/449/388,1c:3p 1c:4p 1c:3p,0,0/0/0,0,0,0,0,0,0
wingman_4f111-Account-81AD_20260930-183104_noe_fail,last,3,513.0,,0,3,10,3/4/3,3/4/3,10,0,0,0,403/464/579,1c:3p 1c:4p 1c:3p,0,0/0/0,0,0,0,0,0,0
wingman_4f111-Account-81AD_20260930-183104_noe_fail,last,33,543.0,7994,0,3,8,2/4/1,2/4/0,7,0,0,0,542/348/722,1c:2p 1c:4p 1c:0p,3,2/0/1,0,19,9,1,0,0
wingman_4f111-Account-81AD_20260930-183104_noe_fail,last,63,573.0,7998,0,1,1,1,1,1,0,,0,,1c:1p,1,1,0,0,3,0,0,0
wingman_5398e-20260930-162239_noe_fail,early,,2.6,,0,1,10,9,9,9,0,,0,,1c:9p,0,0,0,0,0,0,0,0
wingman_5398e-20260930-162239_noe_fail,early,,50.3,,0,3,10,3/3/4,3/3/4,10,0,0,0,528/452/527,1c:3p 1c:3p 1c:4p,0,0/0/0,0,0,0,0,0,0
wingman_5398e-20260930-162239_noe_fail,early,,95.0,,0,3,10,3/3/4,3/3/4,10,0,0,0,461/365/495,1c:3p 1c:3p 1c:4p,0,0/0/0,0,0,0,0,0,0
wingman_5398e-20260930-162239_noe_fail,early,,162.7,,0,3,10,3/3/4,3/3/4,10,0,0,0,375/555/562,1c:3p 1c:3p 1c:4p,0,0/0/0,0,0,0,0,0,0
wingman_5398e-20260930-162239_noe_fail,early,,217.2,,0,3,10,3/3/4,3/3/4,10,0,0,0,408/475/334,1c:3p 1c:3p 1c:4p,0,0/0/0,0,0,0,0,0,0
wingman_5398e-20260930-162239_noe_fail,early,,278.0,,1,3,10,7/5/5,7/5/5,10,7,0,0,279/206/468,3c:10p,0,0/0/0,0,0,0,0,0,0
wingman_5398e-20260930-162239_noe_fail,early,,326.7,,0,3,10,3/3/4,3/3/4,10,0,0,0,493/476/488,1c:3p 1c:3p 1c:4p,0,0/0/0,0,0,0,0,0,0
wingman_5398e-20260930-162239_noe_fail,early,,382.0,,0,3,10,3/3/4,3/3/4,10,0,0,0,377/491/479,1c:3p 1c:3p 1c:4p,0,0/0/0,0,0,0,0,0,0
wingman_5398e-20260930-162239_noe_fail,early,,433.3,,0,3,10,4/3/3,4/3/3,10,0,0,0,481/399/512,1c:4p 1c:3p 1c:3p,0,0/0/0,0,0,0,0,0,0
wingman_5398e-20260930-162239_noe_fail,early,,488.8,,0,3,10,4/3/3,4/3/3,10,0,0,0,603/427/466,1c:4p 1c:3p 1c:3p,0,0/0/0,0,1,0,0,0,0
wingman_5398e-20260930-162239_noe_fail,last,3,546.2,,0,3,10,3/3/4,3/3/4,10,0,0,0,516/443/502,1c:3p 1c:3p 1c:4p,0,0/0/0,0,0,0,0,0,0
wingman_5398e-20260930-162239_noe_fail,last,33,576.2,7996,0,2,7,2/1,2/0,3,0,0,0,584,1c:2p 1c:0p,3,2/1,0,9,9,0,0,0
wingman_5771f-Account-CDD2_20261003-011714_noe_kill,early,,3.1,,0,1,10,8,8,8,0,,0,,1c:8p,0,0,0,0,0,0,0,0
wingman_5771f-Account-CDD2_20261003-011714_noe_kill,early,,50.3,,0,3,10,4/3/3,4/3/3,10,0,0,0,354/403/564,1c:4p 1c:3p 1c:3p,0,0/0/0,0,0,0,0,0,0
wingman_5771f-Account-CDD2_20261003-011714_noe_kill,early,,95.2,,0,3,10,3/3/4,3/3/4,10,0,0,0,526/346/371,1c:3p 1c:3p 1c:4p,0,0/0/0,0,0,0,0,0,0
wingman_5771f-Account-CDD2_20261003-011714_noe_kill,early,,146.7,,0,3,10,4/3/3,4/3/3,10,0,0,0,437/408/820,1c:4p 1c:3p 1c:3p,0,0/0/0,0,0,0,0,0,0
wingman_5771f-Account-CDD2_20261003-011714_noe_kill,early,,201.5,,0,3,10,3/3/4,3/3/4,10,0,0,0,636/452/515,1c:3p 1c:3p 1c:4p,0,0/0/0,0,0,0,0,0,0
wingman_5771f-Account-CDD2_20261003-011714_noe_kill,early,,246.1,,0,3,10,5/6/5,5/6/5,8,6,2,0,233/381/155,3c:8p,0,0/0/0,0,0,0,0,1,0
wingman_5771f-Account-CDD2_20261003-011714_noe_kill,early,,295.8,,0,3,10,3/3/4,3/3/4,10,0,0,0,866/532/351,1c:3p 1c:3p 1c:4p,0,0/0/0,0,0,0,0,0,0
wingman_5771f-Account-CDD2_20261003-011714_noe_kill,early,,350.6,,0,3,10,3/4/3,3/4/3,10,0,0,0,441/559/386,1c:3p 1c:4p 1c:3p,0,0/0/0,0,0,0,0,0,0
wingman_5771f-Account-CDD2_20261003-011714_noe_kill,early,,402.8,,0,3,10,4/3/3,4/3/3,10,0,0,0,523/415/431,1c:4p 1c:3p 1c:3p,0,0/0/0,0,0,0,0,0,0
wingman_5771f-Account-CDD2_20261003-011714_noe_kill,last,3,479.0,,0,3,10,3/3/4,3/3/4,10,0,0,0,751/475/374,1c:3p 1c:3p 1c:4p,0,0/0/0,0,0,0,0,0,0
wingman_5771f-Account-CDD2_20261003-011714_noe_kill,last,33,509.1,,0,3,9,5/0/4,5/0/4,9,0,0,0,351/329/677,1c:5p 1c:0p 1c:4p,0,0/0/0,0,1,0,0,0,0
wingman_5771f-Account-CDD2_20261003-011714_noe_kill,last,63,539.0,8010,0,3,9,3/3/3,3/3/3,9,0,0,0,584/876/340,1c:3p 1c:3p 1c:3p,3,3/0/0,0,9,9,1,0,0
wingman_704cb-20261003-193028_noe_kill,early,,2.9,,0,1,10,10,10,10,0,,0,,1c:10p,0,0,0,0,0,0,0,0
wingman_704cb-20261003-193028_noe_kill,early,,50.6,,0,3,10,3/4/3,3/4/3,10,0,0,0,410/385/279,1c:3p 1c:4p 1c:3p,0,0/0/0,0,0,0,0,0,0
wingman_704cb-20261003-193028_noe_kill,early,,95.1,,0,3,10,3/4/3,3/4/3,10,0,0,0,405/354/313,1c:3p 1c:4p 1c:3p,0,0/0/0,0,0,0,0,0,0
wingman_704cb-20261003-193028_noe_kill,early,,149.2,,0,3,10,3/4/3,3/4/3,10,0,0,0,601/397/469,1c:3p 1c:4p 1c:3p,0,0/0/0,0,0,0,0,0,0
wingman_704cb-20261003-193028_noe_kill,early,,204.5,,0,3,10,3/3/4,3/3/4,10,0,0,0,581/505/394,1c:3p 1c:3p 1c:4p,0,0/0/0,0,0,0,0,0,0
wingman_704cb-20261003-193028_noe_kill,early,,248.9,,0,2,10,5/4,5/4,9,0,0,0,484,1c:5p 1c:4p,0,0/0,0,0,0,0,0,0
wingman_704cb-20261003-193028_noe_kill,early,,307.5,,0,3,10,3/4/3,3/4/3,10,0,0,0,480/430/389,1c:3p 1c:4p 1c:3p,0,0/0/0,0,0,0,0,0,0
wingman_704cb-20261003-193028_noe_kill,early,,355.2,,0,3,10,3/3/4,3/3/4,10,0,0,0,472/494/424,1c:3p 1c:3p 1c:4p,0,0/0/0,0,0,0,0,0,0
wingman_704cb-20261003-193028_noe_kill,early,,401.8,,0,3,10,3/3/4,3/3/4,10,0,0,0,412/358/384,1c:3p 1c:3p 1c:4p,0,0/0/0,0,0,0,0,0,0
wingman_704cb-20261003-193028_noe_kill,early,,446.6,,0,3,10,3/3/4,3/3/4,10,0,0,0,288/313/413,1c:3p 1c:3p 1c:4p,0,0/0/0,0,0,0,0,0,0
wingman_704cb-20261003-193028_noe_kill,last,3,498.7,,0,3,10,3/3/4,3/3/4,10,0,0,0,373/482/351,1c:3p 1c:3p 1c:4p,0,0/0/0,0,0,0,0,0,0
wingman_704cb-20261003-193028_noe_kill,last,33,528.7,,0,3,10,3/3/4,3/3/4,10,0,0,0,860/486/374,1c:3p 1c:3p 1c:4p,0,0/0/0,0,0,0,0,0,0
wingman_755ee-Account-059D_20261004-184040_noe_kill,early,,2.6,,0,1,10,7,7,7,0,,0,,1c:7p,0,0,0,0,0,0,0,0
wingman_755ee-Account-059D_20261004-184040_noe_kill,early,,50.1,,0,3,10,3/4/3,3/4/3,10,0,0,0,409/493/739,1c:3p 1c:4p 1c:3p,0,0/0/0,0,0,0,0,0,0
wingman_755ee-Account-059D_20261004-184040_noe_kill,early,,94.6,,0,3,10,3/3/4,3/3/4,10,0,0,0,454/413/695,1c:3p 1c:3p 1c:4p,0,0/0/0,0,1,0,0,0,0
wingman_755ee-Account-059D_20261004-184040_noe_kill,early,,152.5,,0,3,10,3/4/3,3/4/3,10,0,0,0,971/705/396,1c:3p 1c:4p 1c:3p,0,0/0/0,0,0,0,0,0,0
wingman_755ee-Account-059D_20261004-184040_noe_kill,early,,207.1,,0,3,10,3/3/4,3/3/4,10,0,0,0,428/710/457,1c:3p 1c:3p 1c:4p,0,0/0/0,0,0,0,0,0,0
wingman_755ee-Account-059D_20261004-184040_noe_kill,early,,268.0,,0,3,10,3/4/2,3/4/2,9,0,0,0,497/715/417,1c:3p 1c:4p 1c:2p,0,0/0/0,0,0,0,0,0,0
wingman_755ee-Account-059D_20261004-184040_noe_kill,early,,332.4,,0,3,10,3/3/4,3/3/4,10,0,0,0,390/431/800,1c:3p 1c:3p 1c:4p,0,0/0/0,0,0,0,0,0,0
wingman_755ee-Account-059D_20261004-184040_noe_kill,early,,379.9,,0,3,10,3/3/4,3/3/4,10,0,0,0,663/451/610,1c:3p 1c:3p 1c:4p,0,0/0/0,0,0,0,0,0,0
wingman_755ee-Account-059D_20261004-184040_noe_kill,early,,429.5,,0,3,10,3/3/4,3/3/4,10,0,0,0,942/690/572,1c:3p 1c:3p 1c:4p,0,0/0/0,0,0,0,0,0,0
wingman_755ee-Account-059D_20261004-184040_noe_kill,early,,474.4,,0,3,10,3/3/4,3/3/4,10,0,0,0,596/825/515,1c:3p 1c:3p 1c:4p,0,0/0/0,0,0,0,0,0,0
wingman_755ee-Account-059D_20261004-184040_noe_kill,last,3,521.5,,0,3,10,3/3/4,3/3/4,10,0,0,0,830/441/527,1c:3p 1c:3p 1c:4p,0,0/0/0,0,0,0,0,0,0
wingman_755ee-Account-059D_20261004-184040_noe_kill,last,33,551.6,,0,3,10,3/4/3,3/4/3,10,0,0,0,543/806/408,1c:3p 1c:4p 1c:3p,0,0/0/0,0,0,0,0,0,0
wingman_7b6a0-20261004-201330_noe_kill,early,,2.9,,0,1,10,10,10,10,0,,0,,1c:10p,0,0,0,0,0,0,0,0
wingman_7b6a0-20261004-201330_noe_kill,early,,50.3,,0,3,10,4/3/3,4/3/3,10,0,0,0,435/382/638,1c:4p 1c:3p 1c:3p,0,0/0/0,0,0,0,0,0,0
wingman_7b6a0-20261004-201330_noe_kill,early,,95.4,,0,3,10,4/3/3,4/3/3,10,0,0,0,401/386/713,1c:4p 1c:3p 1c:3p,0,0/0/0,0,0,0,0,0,0
wingman_7b6a0-20261004-201330_noe_kill,early,,149.2,,0,3,10,3/3/3,3/3/3,9,0,0,0,607/349/925,1c:3p 1c:3p 1c:3p,0,0/0/0,0,0,0,0,0,0
wingman_7b6a0-20261004-201330_noe_kill,early,,204.3,,0,3,10,4/3/3,4/3/3,10,0,0,0,376/378/583,1c:4p 1c:3p 1c:3p,0,0/0/0,0,0,0,0,0,0
wingman_7b6a0-20261004-201330_noe_kill,early,,250.8,,0,3,10,4/3/3,4/3/3,10,0,0,0,341/414/732,1c:4p 1c:3p 1c:3p,0,0/0/0,0,1,0,0,0,0
wingman_7b6a0-20261004-201330_noe_kill,early,,302.1,,0,3,10,4/3/3,4/3/3,10,0,0,0,415/386/762,1c:4p 1c:3p 1c:3p,0,0/0/0,0,0,0,0,0,0
wingman_7b6a0-20261004-201330_noe_kill,early,,349.0,,0,3,10,4/3/3,4/3/3,10,0,0,0,372/414/738,1c:4p 1c:3p 1c:3p,0,0/0/0,0,0,0,0,0,0
wingman_7b6a0-20261004-201330_noe_kill,early,,397.3,,0,3,10,3/3/4,3/3/4,10,0,0,0,688/366/370,1c:3p 1c:3p 1c:4p,0,0/0/0,0,0,0,0,0,0
wingman_7b6a0-20261004-201330_noe_kill,early,,442.2,,0,3,10,3/4/3,3/4/3,10,0,0,0,733/548/534,1c:3p 1c:4p 1c:3p,0,0/0/0,0,0,0,0,0,0
wingman_7b6a0-20261004-201330_noe_kill,last,3,510.3,,0,3,10,3/4/4,3/4/4,10,1,0,0,450/742/386,1c:3p 2c:7p,0,0/0/0,0,0,0,0,0,0
wingman_7b6a0-20261004-201330_noe_kill,last,33,540.3,,0,3,10,3/3/4,3/3/4,10,0,0,0,388/767/379,1c:3p 1c:3p 1c:4p,0,0/0/0,0,0,0,0,0,0
wingman_7b6a0-20261004-201330_noe_kill,last,63,570.4,8022,0,1,10,2,2,2,0,,0,,1c:2p,2,2,0,6,6,0,0,0
wingman_7bf41-20261006-231822_noe_kill,early,,2.8,,0,1,10,8,8,8,0,,0,,1c:8p,0,0,0,0,0,0,0,0
wingman_7bf41-20261006-231822_noe_kill,early,,50.7,,0,3,10,4/3/3,4/3/3,10,0,0,0,384/400/547,1c:4p 1c:3p 1c:3p,0,0/0/0,0,0,0,0,0,0
wingman_7bf41-20261006-231822_noe_kill,early,,95.7,,0,3,10,3/4/3,3/4/3,10,0,0,0,384/372/462,1c:3p 1c:4p 1c:3p,0,0/0/0,0,1,0,0,0,0
wingman_7bf41-20261006-231822_noe_kill,early,,141.8,,0,3,10,3/3/4,3/3/4,10,0,0,0,755/664/380,1c:3p 1c:3p 1c:4p,0,0/0/0,0,0,0,0,0,0
wingman_7bf41-20261006-231822_noe_kill,early,,188.5,,0,3,10,3/3/4,3/3/4,10,0,0,0,724/446/624,1c:3p 1c:3p 1c:4p,0,0/0/0,0,0,0,0,0,0
wingman_7bf41-20261006-231822_noe_kill,early,,265.5,,0,3,10,3/3/4,3/3/4,10,0,0,0,446/367/635,1c:3p 1c:3p 1c:4p,0,0/0/0,0,0,0,0,0,0
wingman_7bf41-20261006-231822_noe_kill,early,,312.7,,0,3,10,4/3/3,4/3/3,10,0,0,0,386/442/412,1c:4p 1c:3p 1c:3p,0,0/0/0,0,0,0,0,0,0
wingman_7bf41-20261006-231822_noe_kill,early,,360.1,,0,3,10,4/3/3,4/3/3,10,0,0,0,406/457/553,1c:4p 1c:3p 1c:3p,0,0/0/0,0,0,0,0,0,0
wingman_7bf41-20261006-231822_noe_kill,last,3,433.4,,0,3,10,4/3/3,4/3/3,10,0,0,0,386/380/568,1c:4p 1c:3p 1c:3p,0,0/0/0,0,0,0,0,0,0
wingman_7bf41-20261006-231822_noe_kill,last,33,463.4,,0,3,10,3/4/3,3/4/3,10,0,0,0,453/374/568,1c:3p 1c:4p 1c:3p,0,0/0/0,0,0,0,0,0,0
wingman_81daf-20261002-154733_noe_kill,early,,2.8,,0,1,10,8,8,8,0,,0,,1c:8p,0,0,0,0,0,0,0,0
wingman_81daf-20261002-154733_noe_kill,early,,50.4,,0,3,10,3/4/3,3/4/3,10,0,0,0,394/361/444,1c:3p 1c:4p 1c:3p,0,0/0/0,0,0,0,0,0,0
wingman_81daf-20261002-154733_noe_kill,early,,94.9,,0,3,10,3/4/3,3/4/3,10,0,0,0,376/455/506,1c:3p 1c:4p 1c:3p,0,0/0/0,0,0,0,0,0,0
wingman_81daf-20261002-154733_noe_kill,early,,143.9,,0,3,10,2/3/3,2/3/3,8,0,0,0,855/819/447,1c:2p 1c:3p 1c:3p,0,0/0/0,0,0,0,0,0,0
wingman_81daf-20261002-154733_noe_kill,early,,199.2,,0,3,10,3/3/4,3/3/4,10,0,0,0,527/487/347,1c:3p 1c:3p 1c:4p,0,0/0/0,0,0,0,0,0,0
wingman_81daf-20261002-154733_noe_kill,early,,244.0,,0,3,10,3/4/3,3/4/3,10,0,0,0,401/424/371,1c:3p 1c:4p 1c:3p,0,0/0/0,0,0,0,0,0,0
wingman_81daf-20261002-154733_noe_kill,early,,295.7,,0,3,10,3/4/3,3/4/3,10,0,0,0,596/667/1029,1c:3p 1c:4p 1c:3p,0,0/0/0,0,0,0,0,0,0
wingman_81daf-20261002-154733_noe_kill,early,,342.5,,0,3,10,3/4/3,3/4/3,10,0,0,0,400/475/484,1c:3p 1c:4p 1c:3p,0,0/0/0,0,0,0,0,0,0
wingman_81daf-20261002-154733_noe_kill,early,,390.9,,0,3,10,3/3/4,3/3/4,10,0,0,0,485/344/537,1c:3p 1c:3p 1c:4p,0,0/0/0,0,0,0,0,0,0
wingman_81daf-20261002-154733_noe_kill,last,3,462.9,,0,3,10,3/3/4,3/3/4,10,0,0,0,387/343/481,1c:3p 1c:3p 1c:4p,0,0/0/0,0,0,0,0,0,0
wingman_81daf-20261002-154733_noe_kill,last,33,492.9,,0,3,10,4/3/3,4/3/3,10,0,0,0,530/430/483,1c:4p 1c:3p 1c:3p,0,0/0/0,0,0,0,0,0,0
wingman_886ff-20261004-223748_noe_kill,early,,2.8,,0,1,10,7,7,7,0,,0,,1c:7p,0,0,0,0,0,0,0,0
wingman_886ff-20261004-223748_noe_kill,early,,50.0,,0,3,10,4/3/3,4/3/3,10,0,0,0,441/412/555,1c:4p 1c:3p 1c:3p,0,0/0/0,0,0,0,0,0,0
wingman_886ff-20261004-223748_noe_kill,early,,94.6,,0,3,10,4/3/3,4/3/3,10,0,0,0,421/464/547,1c:4p 1c:3p 1c:3p,0,0/0/0,0,0,0,0,0,0
wingman_886ff-20261004-223748_noe_kill,early,,145.1,,0,3,10,4/3/3,4/3/3,10,0,0,0,441/571/431,1c:4p 1c:3p 1c:3p,0,0/0/0,0,0,0,0,0,0
wingman_886ff-20261004-223748_noe_kill,early,,191.2,,0,3,10,3/3/4,3/3/4,10,0,0,0,749/449/803,1c:3p 1c:3p 1c:4p,0,0/0/0,0,0,0,0,0,0
wingman_886ff-20261004-223748_noe_kill,early,,237.5,,0,3,10,4/3/3,4/3/3,10,0,0,0,703/453/442,1c:4p 1c:3p 1c:3p,0,0/0/0,0,0,0,0,0,0
wingman_886ff-20261004-223748_noe_kill,early,,302.3,,0,3,10,3/4/3,3/4/3,10,0,0,0,395/571/410,1c:3p 1c:4p 1c:3p,0,0/0/0,0,0,0,0,0,0
wingman_886ff-20261004-223748_noe_kill,early,,349.5,,0,3,10,4/3/3,4/3/3,10,0,0,0,359/440/548,1c:4p 1c:3p 1c:3p,0,0/0/0,0,0,0,0,0,0
wingman_886ff-20261004-223748_noe_kill,early,,397.4,,0,3,10,3/4/3,3/4/3,10,0,0,0,498/428/559,1c:3p 1c:4p 1c:3p,0,0/0/0,0,0,0,0,0,0
wingman_886ff-20261004-223748_noe_kill,early,,442.2,,1,3,10,9/9/1,9/9/1,10,9,0,0,36/475/512,2c:9p 1c:1p,0,0/0/0,0,0,0,0,0,0
wingman_886ff-20261004-223748_noe_kill,last,3,483.2,,0,3,10,4/3/3,4/3/3,10,0,0,0,434/387/551,1c:4p 1c:3p 1c:3p,0,0/0/0,0,0,0,0,0,0
wingman_886ff-20261004-223748_noe_kill,last,33,513.2,,0,3,10,3/3/4,3/3/4,10,0,0,0,778/428/683,1c:3p 1c:3p 1c:4p,0,0/0/0,0,0,0,0,0,0
wingman_8d411-20260930-191421_noe_fail,early,,3.0,,0,1,10,10,10,10,0,,0,,1c:10p,0,0,0,0,0,0,0,0
wingman_8d411-20260930-191421_noe_fail,early,,50.5,,0,3,10,3/3/4,3/3/4,10,0,0,0,493/435/407,1c:3p 1c:3p 1c:4p,0,0/0/0,0,0,0,0,0,0
wingman_8d411-20260930-191421_noe_fail,early,,95.4,,0,3,10,3/3/4,3/3/4,10,0,0,0,427/399/430,1c:3p 1c:3p 1c:4p,0,0/0/0,0,0,0,0,0,0
wingman_8d411-20260930-191421_noe_fail,early,,145.1,,0,3,10,3/3/4,3/3/4,10,0,0,0,461/609/624,1c:3p 1c:3p 1c:4p,0,0/0/0,0,0,0,0,0,0
wingman_8d411-20260930-191421_noe_fail,early,,200.2,,0,3,10,3/3/4,3/3/4,10,0,0,0,432/447/429,1c:3p 1c:3p 1c:4p,0,0/0/0,0,0,0,0,0,0
wingman_8d411-20260930-191421_noe_fail,early,,261.2,,0,3,10,7/8/8,7/8/8,8,8,7,0,227/79/237,3c:8p,0,0/0/0,0,0,0,0,1,0
wingman_8d411-20260930-191421_noe_fail,early,,308.0,,0,3,10,4/3/3,4/3/3,10,0,0,0,537/469/403,1c:4p 1c:3p 1c:3p,0,0/0/0,0,0,0,0,0,0
wingman_8d411-20260930-191421_noe_fail,early,,358.3,,0,3,10,4/3/3,4/3/3,10,0,0,0,420/641/670,1c:4p 1c:3p 1c:3p,0,0/0/0,0,0,0,0,0,0
wingman_8d411-20260930-191421_noe_fail,early,,411.8,,0,3,10,3/4/3,3/4/3,10,0,0,0,441/544/578,1c:3p 1c:4p 1c:3p,0,0/0/0,0,0,0,0,0,0
wingman_8d411-20260930-191421_noe_fail,early,,458.8,,0,3,10,4/3/3,4/3/3,10,0,0,0,515/412/509,1c:4p 1c:3p 1c:3p,0,0/0/0,0,0,0,0,0,0
wingman_8d411-20260930-191421_noe_fail,last,3,532.3,,0,3,10,3/4/3,3/4/3,10,0,0,0,467/438/514,1c:3p 1c:4p 1c:3p,0,0/0/0,0,0,0,0,0,0
wingman_8d411-20260930-191421_noe_fail,last,33,562.3,,0,3,10,3/4/3,3/3/3,10,0,0,0,342/731/417,1c:3p 1c:3p 1c:3p,0,0/0/0,0,0,0,0,0,0
wingman_9fe05-20261002-155233_noe_kill,early,,2.8,,0,1,10,10,10,10,0,,0,,1c:10p,0,0,0,0,0,0,0,0
wingman_9fe05-20261002-155233_noe_kill,early,,49.8,,0,3,10,3/3/4,3/3/4,10,0,0,0,363/361/425,1c:3p 1c:3p 1c:4p,0,0/0/0,0,0,0,0,0,0
wingman_9fe05-20261002-155233_noe_kill,early,,94.3,,0,3,10,3/4/3,3/4/3,10,0,0,0,437/375/487,1c:3p 1c:4p 1c:3p,0,0/0/0,0,0,0,0,0,0
wingman_9fe05-20261002-155233_noe_kill,early,,155.7,,0,3,10,3/4/4,3/4/4,10,1,0,0,301/406/375,2c:6p 1c:4p,0,0/0/0,0,0,0,0,0,0
wingman_9fe05-20261002-155233_noe_kill,early,,210.6,,0,3,10,3/4/3,3/4/3,10,0,0,0,417/402/427,1c:3p 1c:4p 1c:3p,0,0/0/0,0,0,0,0,0,0
wingman_9fe05-20261002-155233_noe_kill,early,,255.7,,0,3,10,3/4/3,3/4/3,10,0,0,0,373/378/313,1c:3p 1c:4p 1c:3p,0,0/0/0,0,1,0,0,0,0
wingman_9fe05-20261002-155233_noe_kill,early,,309.4,,0,3,10,3/3/4,3/3/4,10,0,0,0,532/416/494,1c:3p 1c:3p 1c:4p,0,0/0/0,0,0,0,0,0,0
wingman_9fe05-20261002-155233_noe_kill,early,,356.8,,0,3,10,3/4/3,3/4/3,10,0,0,0,477/522/610,1c:3p 1c:4p 1c:3p,0,0/0/0,0,0,0,0,0,0
wingman_9fe05-20261002-155233_noe_kill,early,,404.0,,0,3,10,3/4/3,3/4/3,10,0,0,0,425/418/561,1c:3p 1c:4p 1c:3p,0,0/0/0,0,0,0,0,0,0
wingman_9fe05-20261002-155233_noe_kill,last,3,477.4,,0,3,10,3/3/4,3/3/4,10,0,0,0,423/336/596,1c:3p 1c:3p 1c:4p,0,0/0/0,0,0,0,0,0,0
wingman_9fe05-20261002-155233_noe_kill,last,33,507.5,,0,3,10,3/4/3,3/4/3,10,0,0,0,358/371/677,1c:3p 1c:4p 1c:3p,0,0/0/0,0,0,0,0,0,0
wingman_b139e-20261001-201501_noe_kill,early,,3.0,,0,1,10,8,8,8,0,,0,,1c:8p,0,0,0,0,0,0,0,0
wingman_b139e-20261001-201501_noe_kill,early,,50.6,,0,3,10,4/3/3,4/3/3,10,0,0,0,319/526/365,1c:4p 1c:3p 1c:3p,0,0/0/0,0,0,0,0,0,0
wingman_b139e-20261001-201501_noe_kill,early,,95.5,,0,3,10,3/3/4,3/3/4,10,0,0,0,387/442/414,1c:3p 1c:3p 1c:4p,0,0/0/0,0,0,0,0,0,0
wingman_b139e-20261001-201501_noe_kill,early,,146.9,,0,3,10,4/3/3,4/3/3,10,0,0,0,910/714/551,1c:4p 1c:3p 1c:3p,0,0/0/0,0,1,0,0,0,0
wingman_b139e-20261001-201501_noe_kill,early,,201.9,,0,3,10,4/3/3,4/3/3,10,0,0,0,634/413/333,1c:4p 1c:3p 1c:3p,0,0/0/0,0,0,0,0,0,0
wingman_b139e-20261001-201501_noe_kill,early,,262.9,,1,3,10,9/10/10,9/10/10,10,10,9,0,146/224/94,3c:10p,0,0/0/0,0,0,0,0,0,0
wingman_b139e-20261001-201501_noe_kill,early,,305.9,,0,3,10,4/3/3,4/3/3,10,0,0,0,482/483/500,1c:4p 1c:3p 1c:3p,0,0/0/0,0,0,0,0,0,0
wingman_b139e-20261001-201501_noe_kill,early,,360.7,,0,3,10,3/4/3,3/4/3,10,0,0,0,429/470/409,1c:3p 1c:4p 1c:3p,0,0/0/0,0,0,0,0,0,0
wingman_b139e-20261001-201501_noe_kill,early,,412.0,,0,3,10,4/3/3,4/3/3,10,0,0,0,487/413/411,1c:4p 1c:3p 1c:3p,0,0/0/0,0,0,0,0,0,0
wingman_b139e-20261001-201501_noe_kill,last,3,485.3,,0,3,10,3/3/4,3/3/4,10,0,0,0,410/450/512,1c:3p 1c:3p 1c:4p,0,0/0/0,0,0,0,0,0,0
wingman_b139e-20261001-201501_noe_kill,last,33,515.4,,0,3,10,3/3/4,3/3/4,10,0,0,0,645/499/976,1c:3p 1c:3p 1c:4p,0,0/0/0,0,0,0,0,0,0
wingman_b139e-20261001-201501_noe_kill,last,63,545.3,,0,3,10,2/3/4,1/3/4,9,0,0,0,506/1006/1287,1c:1p 1c:3p 1c:4p,0,0/0/0,0,0,0,0,0,0
wingman_bf5ea-20261004-210412_noe_kill,early,,2.9,,0,1,10,5,5,5,0,,0,,1c:5p,0,0,0,0,0,0,0,0
wingman_bf5ea-20261004-210412_noe_kill,early,,50.1,,0,3,10,4/3/3,4/3/3,10,0,0,0,468/421/636,1c:4p 1c:3p 1c:3p,0,0/0/0,0,0,0,0,0,0
wingman_bf5ea-20261004-210412_noe_kill,early,,94.8,,0,3,10,4/3/3,4/3/3,10,0,0,0,436/355/596,1c:4p 1c:3p 1c:3p,0,0/0/0,0,0,0,0,0,0
wingman_bf5ea-20261004-210412_noe_kill,early,,140.3,,0,3,10,4/3/3,4/3/3,10,0,0,0,561/988/932,1c:4p 1c:3p 1c:3p,0,0/0/0,0,0,0,0,0,0
wingman_bf5ea-20261004-210412_noe_kill,early,,195.4,,0,3,10,4/2/3,4/2/3,9,0,0,0,547/825/601,1c:4p 1c:2p 1c:3p,0,0/0/0,0,0,0,0,0,0
wingman_bf5ea-20261004-210412_noe_kill,early,,239.8,,0,3,10,1/1/3,1/1/3,5,0,0,0,852/463/628,1c:1p 1c:1p 1c:3p,0,0/0/0,0,1,0,0,0,0
wingman_bf5ea-20261004-210412_noe_kill,early,,288.2,,0,3,10,4/3/3,4/3/3,10,0,0,0,526/433/618,1c:4p 1c:3p 1c:3p,0,0/0/0,0,0,0,0,0,0
wingman_bf5ea-20261004-210412_noe_kill,early,,343.4,,0,3,10,3/3/4,3/3/4,10,0,0,0,504/556/487,1c:3p 1c:3p 1c:4p,0,0/0/0,0,1,0,0,0,0
wingman_bf5ea-20261004-210412_noe_kill,early,,394.9,,0,3,10,7/2/7,7/2/7,10,6,0,0,272/159/367,2c:8p 1c:2p,0,0/0/0,0,0,0,0,0,0
wingman_bf5ea-20261004-210412_noe_kill,last,3,434.7,,0,3,10,4/3/3,4/3/3,10,0,0,0,446/470/644,1c:4p 1c:3p 1c:3p,0,0/0/0,0,0,0,0,0,0
wingman_bf5ea-20261004-210412_noe_kill,last,33,464.7,,0,3,10,4/3/3,4/3/3,10,0,0,0,389/525/815,1c:4p 1c:3p 1c:3p,0,0/0/0,0,0,0,0,0,0
wingman_c4e3e-20261003-225545_noe_kill,early,,2.5,,0,1,10,9,9,9,0,,0,,1c:9p,0,0,0,0,0,0,0,0
wingman_c4e3e-20261003-225545_noe_kill,early,,49.5,,0,3,10,3/3/4,3/3/4,10,0,0,0,339/369/306,1c:3p 1c:3p 1c:4p,0,0/0/0,0,0,0,0,0,0
wingman_c4e3e-20261003-225545_noe_kill,early,,94.2,,0,3,10,3/3/4,3/3/4,10,0,0,0,408/362/406,1c:3p 1c:3p 1c:4p,0,0/0/0,0,0,0,0,0,0
wingman_c4e3e-20261003-225545_noe_kill,early,,144.2,,0,3,10,3/3/4,3/3/4,10,0,0,0,591/393/651,1c:3p 1c:3p 1c:4p,0,0/0/0,0,0,0,0,0,0
wingman_c4e3e-20261003-225545_noe_kill,early,,190.1,,0,3,10,4/3/3,4/3/3,10,0,0,0,424/405/684,1c:4p 1c:3p 1c:3p,0,0/0/0,0,0,0,0,0,0
wingman_c4e3e-20261003-225545_noe_kill,early,,239.0,,0,3,10,3/3/4,3/3/4,10,0,0,0,334/296/401,1c:3p 1c:3p 1c:4p,0,0/0/0,0,0,0,0,0,0
wingman_c4e3e-20261003-225545_noe_kill,early,,287.6,,0,3,10,3/3/4,3/3/4,10,0,0,0,545/388/683,1c:3p 1c:3p 1c:4p,0,0/0/0,0,0,0,0,0,0
wingman_c4e3e-20261003-225545_noe_kill,early,,342.7,,0,3,10,4/3/3,4/3/3,10,0,0,0,406/339/306,1c:4p 1c:3p 1c:3p,0,0/0/0,0,0,0,0,0,0
wingman_c4e3e-20261003-225545_noe_kill,early,,394.0,,0,3,10,3/3/4,3/3/4,10,0,0,0,350/408/428,1c:3p 1c:3p 1c:4p,0,0/0/0,0,0,0,0,0,0
wingman_c4e3e-20261003-225545_noe_kill,last,3,455.1,,0,3,10,3/4/3,3/4/3,10,0,0,0,370/453/466,1c:3p 1c:4p 1c:3p,0,0/0/0,0,0,0,0,0,0
wingman_c4e3e-20261003-225545_noe_kill,last,33,485.2,,0,3,10,3/4/3,3/4/3,10,0,0,0,364/331/326,1c:3p 1c:4p 1c:3p,0,0/0/0,0,0,0,0,0,0
wingman_c654b-20260930-172031_noe_fail,early,,2.7,,0,1,10,10,10,10,0,,0,,1c:10p,0,0,0,0,0,0,0,0
wingman_c654b-20260930-172031_noe_fail,early,,49.9,,0,3,10,3/3/4,3/3/4,10,0,0,0,412/331/374,1c:3p 1c:3p 1c:4p,0,0/0/0,0,0,0,0,0,0
wingman_c654b-20260930-172031_noe_fail,early,,94.4,,0,3,10,3/3/4,3/3/4,10,0,0,0,392/443/363,1c:3p 1c:3p 1c:4p,0,0/0/0,0,0,0,0,0,0
wingman_c654b-20260930-172031_noe_fail,early,,151.7,,0,3,10,3/4/3,3/4/3,10,0,0,0,445/653/498,1c:3p 1c:4p 1c:3p,0,0/0/0,0,0,0,0,0,0
wingman_c654b-20260930-172031_noe_fail,early,,206.8,,0,3,10,3/4/3,3/4/3,10,0,0,0,398/534/390,1c:3p 1c:4p 1c:3p,0,0/0/0,0,0,0,0,0,0
wingman_c654b-20260930-172031_noe_fail,early,,251.4,,0,3,10,3/3/4,3/3/4,10,0,0,0,435/459/438,1c:3p 1c:3p 1c:4p,0,0/0/0,0,0,0,0,0,0
wingman_c654b-20260930-172031_noe_fail,early,,305.8,,0,3,10,3/3/4,3/3/4,10,0,0,0,383/359/508,1c:3p 1c:3p 1c:4p,0,0/0/0,0,0,0,0,0,0
wingman_c654b-20260930-172031_noe_fail,early,,353.1,,0,3,10,3/3/4,3/3/4,10,0,0,0,356/470/523,1c:3p 1c:3p 1c:4p,0,0/0/0,0,0,0,0,0,0
wingman_c654b-20260930-172031_noe_fail,early,,400.9,,0,3,10,3/3/4,3/3/4,10,0,0,0,402/369/486,1c:3p 1c:3p 1c:4p,0,0/0/0,0,0,0,0,0,0
wingman_c654b-20260930-172031_noe_fail,early,,445.8,,0,3,10,3/4/3,3/4/3,10,0,0,0,411/400/498,1c:3p 1c:4p 1c:3p,0,0/0/0,0,0,0,0,0,0
wingman_c654b-20260930-172031_noe_fail,last,3,500.4,,0,3,10,3/3/4,3/3/4,10,0,0,0,726/388/425,1c:3p 1c:3p 1c:4p,0,0/0/0,0,0,0,0,0,0
wingman_c654b-20260930-172031_noe_fail,last,33,530.5,8006,0,2,7,2/4,2/3,5,1,1,1,323,2c:4p,5,2/4,0,25,15,1,1,1
wingman_c8506-20261003-120005_noe_kill,early,,2.8,,0,1,10,10,10,10,0,,0,,1c:10p,0,0,0,0,0,0,0,0
wingman_c8506-20261003-120005_noe_kill,early,,50.0,,0,3,10,3/3/4,3/3/4,10,0,0,0,418/360/373,1c:3p 1c:3p 1c:4p,0,0/0/0,0,0,0,0,0,0
wingman_c8506-20261003-120005_noe_kill,early,,95.2,,0,3,10,3/4/3,3/4/3,10,0,0,0,363/391/334,1c:3p 1c:4p 1c:3p,0,0/0/0,0,0,0,0,0,0
wingman_c8506-20261003-120005_noe_kill,early,,143.6,,0,3,10,3/3/4,3/3/4,10,0,0,0,412/537/378,1c:3p 1c:3p 1c:4p,0,0/0/0,0,0,0,0,0,0
wingman_c8506-20261003-120005_noe_kill,early,,198.4,,0,3,10,3/2/4,3/2/4,9,0,0,0,437/417/350,1c:3p 1c:2p 1c:4p,0,0/0/0,0,0,0,0,0,0
wingman_c8506-20261003-120005_noe_kill,early,,245.1,,0,3,10,3/3/4,3/3/4,10,0,0,0,379/370/319,1c:3p 1c:3p 1c:4p,0,0/0/0,0,0,0,0,0,0
wingman_c8506-20261003-120005_noe_kill,early,,295.8,,0,3,10,3/4/3,3/4/3,10,0,0,0,369/409/522,1c:3p 1c:4p 1c:3p,0,0/0/0,0,0,0,0,0,0
wingman_c8506-20261003-120005_noe_kill,early,,342.8,,0,3,10,3/3/4,3/3/4,10,0,0,0,411/373/399,1c:3p 1c:3p 1c:4p,0,0/0/0,0,0,0,0,0,0
wingman_c8506-20261003-120005_noe_kill,early,,394.3,,0,3,10,3/4/3,3/4/3,10,0,0,0,411/552/434,1c:3p 1c:4p 1c:3p,0,0/0/0,0,0,0,0,0,0
wingman_c8506-20261003-120005_noe_kill,early,,444.9,,0,3,10,3/3/4,3/3/4,10,0,0,0,461/404/473,1c:3p 1c:3p 1c:4p,0,0/0/0,0,0,0,0,0,0
wingman_c8506-20261003-120005_noe_kill,last,3,503.2,8160,0,3,10,4/4/3,4/4/3,10,1,0,0,660/370/306,2c:6p 1c:4p,2,0/0/2,0,6,6,1,0,0
wingman_c8506-20261003-120005_noe_kill,last,33,533.2,,0,3,10,3/3/4,3/3/4,10,0,0,0,795/427/371,1c:3p 1c:3p 1c:4p,0,0/0/0,0,0,0,0,0,0
wingman_c8506-20261003-120005_noe_kill,last,63,563.3,,0,1,9,7,7,7,0,,0,,1c:7p,0,0,0,0,0,0,0,0
wingman_d3053-20261001-213328_noe_kill,early,,2.8,,0,1,10,7,7,7,0,,0,,1c:7p,0,0,0,0,0,0,0,0
wingman_d3053-20261001-213328_noe_kill,early,,50.2,,0,3,10,3/3/4,3/3/4,10,0,0,0,360/377/428,1c:3p 1c:3p 1c:4p,0,0/0/0,0,0,0,0,0,0
wingman_d3053-20261001-213328_noe_kill,early,,94.9,,0,3,10,3/3/4,3/3/4,10,0,0,0,368/484/420,1c:3p 1c:3p 1c:4p,0,0/0/0,0,0,0,0,0,0
wingman_d3053-20261001-213328_noe_kill,early,,147.5,,0,3,10,3/4/3,3/4/3,10,0,0,0,716/405/706,1c:3p 1c:4p 1c:3p,0,0/0/0,0,0,0,0,0,0
wingman_d3053-20261001-213328_noe_kill,early,,202.3,,0,3,10,3/4/3,3/4/3,10,0,0,0,565/420/486,1c:3p 1c:4p 1c:3p,0,0/0/0,0,0,0,0,0,0
wingman_d3053-20261001-213328_noe_kill,early,,247.0,,0,3,10,3/3/4,3/3/4,10,0,0,0,404/500/374,1c:3p 1c:3p 1c:4p,0,0/0/0,0,0,0,0,0,0
wingman_d3053-20261001-213328_noe_kill,early,,295.9,,0,3,10,3/3/4,3/3/4,10,0,0,0,369/456/726,1c:3p 1c:3p 1c:4p,0,0/0/0,0,0,0,0,0,0
wingman_d3053-20261001-213328_noe_kill,early,,342.9,,0,3,10,3/3/4,3/3/4,10,0,0,0,372/354/472,1c:3p 1c:3p 1c:4p,0,0/0/0,0,0,0,0,0,0
wingman_d3053-20261001-213328_noe_kill,early,,388.5,,0,3,10,3/3/4,3/3/4,10,0,0,0,498/454/575,1c:3p 1c:3p 1c:4p,0,0/0/0,0,0,0,0,0,0
wingman_d3053-20261001-213328_noe_kill,early,,433.1,,0,3,10,3/3/4,3/3/4,10,0,0,0,537/458/563,1c:3p 1c:3p 1c:4p,0,0/0/0,0,0,0,0,0,0
wingman_d3053-20261001-213328_noe_kill,last,3,483.8,,0,3,10,3/3/4,3/3/4,10,0,0,0,361/407/743,1c:3p 1c:3p 1c:4p,0,0/0/0,0,0,0,0,0,0
wingman_d3053-20261001-213328_noe_kill,last,33,513.8,,0,3,10,3/3/4,3/3/4,10,0,0,0,566/409/303,1c:3p 1c:3p 1c:4p,0,0/0/0,0,0,0,0,0,0
wingman_d3053-20261001-213328_noe_kill,last,63,543.8,,0,3,9,5/1/3,5/0/3,9,0,0,0,484/930/448,1c:5p 1c:0p 1c:3p,0,0/0/0,0,10,0,0,0,0
wingman_dc6a8-Account-81AD_20261002-011054_noe_kill,early,,2.6,,0,1,10,9,9,9,0,,0,,1c:9p,0,0,0,0,0,0,0,0
wingman_dc6a8-Account-81AD_20261002-011054_noe_kill,early,,50.5,,0,3,10,3/3/4,3/3/4,10,0,0,0,377/423/478,1c:3p 1c:3p 1c:4p,0,0/0/0,0,0,0,0,0,0
wingman_dc6a8-Account-81AD_20261002-011054_noe_kill,early,,95.4,,0,3,10,3/3/4,3/3/4,10,0,0,0,556/333/577,1c:3p 1c:3p 1c:4p,0,0/0/0,0,0,0,0,0,0
wingman_dc6a8-Account-81AD_20261002-011054_noe_kill,early,,146.6,,0,3,10,3/4/3,3/4/3,10,0,0,0,460/297/604,1c:3p 1c:4p 1c:3p,0,0/0/0,0,0,0,0,0,0
wingman_dc6a8-Account-81AD_20261002-011054_noe_kill,early,,201.4,,0,3,10,3/3/4,3/3/4,10,0,0,0,560/489/336,1c:3p 1c:3p 1c:4p,0,0/0/0,0,0,0,0,0,0
wingman_dc6a8-Account-81AD_20261002-011054_noe_kill,early,,262.3,,1,3,10,4/1/5,4/1/5,6,4,0,0,601/90/604,2c:5p 1c:1p,0,0/0/0,0,0,0,0,1,0
wingman_dc6a8-Account-81AD_20261002-011054_noe_kill,early,,314.3,,0,3,10,4/3/4,4/3/4,10,1,0,0,469/376/486,2c:7p 1c:3p,0,0/0/0,0,0,0,0,0,0
wingman_dc6a8-Account-81AD_20261002-011054_noe_kill,early,,363.2,,0,3,10,3/3/4,3/3/4,10,0,0,0,425/548/474,1c:3p 1c:3p 1c:4p,0,0/0/0,0,0,0,0,0,0
wingman_dc6a8-Account-81AD_20261002-011054_noe_kill,early,,417.8,,0,3,10,3/4/3,3/4/3,10,0,0,0,410/390/435,1c:3p 1c:4p 1c:3p,0,0/0/0,0,0,0,0,0,0
wingman_dc6a8-Account-81AD_20261002-011054_noe_kill,early,,467.6,,0,3,10,4/4/5,4/4/5,5,4,4,0,196/69/149,3c:5p,0,0/0/0,0,0,0,0,1,0
wingman_dc6a8-Account-81AD_20261002-011054_noe_kill,last,3,509.6,,0,3,10,3/4/3,3/4/3,10,0,0,0,329/421/558,1c:3p 1c:4p 1c:3p,0,0/0/0,0,0,0,0,0,0
wingman_dc6a8-Account-81AD_20261002-011054_noe_kill,last,33,539.6,,0,3,10,3/4/3,3/4/3,10,0,0,0,378/492/563,1c:3p 1c:4p 1c:3p,0,0/0/0,0,0,0,0,0,0
wingman_dc6a8-Account-81AD_20261002-011054_noe_kill,last,63,569.7,,0,2,7,0/6,0/5,6,0,0,0,560,1c:0p 1c:5p,0,0/0,0,0,0,0,0,0
wingman_e1a59-20261002-214446_noe_kill,early,,3.1,,0,1,10,10,10,10,0,,0,,1c:10p,0,0,0,0,0,0,0,0
wingman_e1a59-20261002-214446_noe_kill,early,,50.6,,0,3,10,3/3/4,3/3/4,10,0,0,0,414/380/454,1c:3p 1c:3p 1c:4p,0,0/0/0,0,0,0,0,0,0
wingman_e1a59-20261002-214446_noe_kill,early,,95.3,,0,3,10,3/4/3,3/4/3,10,0,0,0,567/414/435,1c:3p 1c:4p 1c:3p,0,0/0/0,0,0,0,0,0,0
wingman_e1a59-20261002-214446_noe_kill,early,,140.0,,0,3,10,3/3/4,3/3/4,10,0,0,0,709/580/606,1c:3p 1c:3p 1c:4p,0,0/0/0,0,0,0,0,0,0
wingman_e1a59-20261002-214446_noe_kill,early,,194.6,,0,3,10,4/3/3,4/3/3,10,0,0,0,339/384/379,1c:4p 1c:3p 1c:3p,0,0/0/0,0,0,0,0,0,0
wingman_e1a59-20261002-214446_noe_kill,early,,239.4,,0,3,10,4/3/3,4/3/3,10,0,0,0,353/320/348,1c:4p 1c:3p 1c:3p,0,0/0/0,0,0,0,0,0,0
wingman_e1a59-20261002-214446_noe_kill,early,,289.8,,0,3,10,3/3/4,3/3/4,10,0,0,0,641/333/309,1c:3p 1c:3p 1c:4p,0,0/0/0,0,0,0,0,0,0
wingman_e1a59-20261002-214446_noe_kill,early,,337.0,,0,3,10,4/3/3,4/3/3,10,0,0,0,463/395/487,1c:4p 1c:3p 1c:3p,0,0/0/0,0,0,0,0,0,0
wingman_e1a59-20261002-214446_noe_kill,early,,385.0,,0,3,10,3/3/4,3/3/4,10,0,0,0,519/430/406,1c:3p 1c:3p 1c:4p,0,0/0/0,0,0,0,0,0,0
wingman_e1a59-20261002-214446_noe_kill,early,,429.5,,0,3,10,4/3/3,4/3/3,10,0,0,0,587/938/379,1c:4p 1c:3p 1c:3p,0,0/0/0,0,0,0,0,0,0
wingman_e1a59-20261002-214446_noe_kill,last,3,507.8,,0,3,10,3/3/4,3/3/4,10,0,0,0,527/386/436,1c:3p 1c:3p 1c:4p,0,0/0/0,0,0,0,0,0,0
wingman_e1a59-20261002-214446_noe_kill,last,33,537.8,,0,3,10,3/3/4,3/3/4,10,0,0,0,440/470/549,1c:3p 1c:3p 1c:4p,0,0/0/0,0,0,0,0,0,0
wingman_e1a59-20261002-214446_noe_kill,last,63,567.9,,0,1,10,8,7,8,0,,0,,1c:7p,0,0,0,0,0,0,0,0
wingman_eadca-Account-7C4C_20261001-001023_noe_fail,early,,2.5,,0,1,10,9,9,9,0,,0,,1c:9p,0,0,0,0,0,0,0,0
wingman_eadca-Account-7C4C_20261001-001023_noe_fail,early,,49.5,,0,3,10,3/3/4,3/3/4,10,0,0,0,412/403/663,1c:3p 1c:3p 1c:4p,0,0/0/0,0,0,0,0,0,0
wingman_eadca-Account-7C4C_20261001-001023_noe_fail,early,,94.2,,0,3,10,4/3/3,4/3/3,10,0,0,0,500/393/542,1c:4p 1c:3p 1c:3p,0,0/0/0,0,0,0,0,0,0
wingman_eadca-Account-7C4C_20261001-001023_noe_fail,early,,145.8,,0,3,10,4/3/3,4/3/3,10,0,0,0,502/785/785,1c:4p 1c:3p 1c:3p,0,0/0/0,0,0,0,0,0,0
wingman_eadca-Account-7C4C_20261001-001023_noe_fail,early,,201.0,,0,3,10,4/3/3,4/3/3,10,0,0,0,464/790/673,1c:4p 1c:3p 1c:3p,0,0/0/0,0,0,0,0,0,0
wingman_eadca-Account-7C4C_20261001-001023_noe_fail,early,,247.1,,0,3,10,4/3/3,4/3/3,10,0,0,0,763/447/586,1c:4p 1c:3p 1c:3p,0,0/0/0,0,0,0,0,0,0
wingman_eadca-Account-7C4C_20261001-001023_noe_fail,early,,310.4,,0,3,10,4/3/3,4/3/3,10,0,0,0,962/985/1415,1c:4p 1c:3p 1c:3p,0,0/0/0,0,0,0,0,0,0
wingman_eadca-Account-7C4C_20261001-001023_noe_fail,early,,357.6,,0,3,10,3/3/4,3/3/4,10,0,0,0,579/409/646,1c:3p 1c:3p 1c:4p,0,0/0/0,0,0,0,0,0,0
wingman_eadca-Account-7C4C_20261001-001023_noe_fail,early,,403.6,,0,3,10,4/3/3,4/3/3,10,0,0,0,719/433/611,1c:4p 1c:3p 1c:3p,0,0/0/0,0,0,0,0,0,0
wingman_eadca-Account-7C4C_20261001-001023_noe_fail,early,,448.3,,0,3,10,4/3/3,4/3/3,10,0,0,0,592/873/380,1c:4p 1c:3p 1c:3p,0,0/0/0,0,0,0,0,0,0
wingman_eadca-Account-7C4C_20261001-001023_noe_fail,last,3,519.7,,0,3,10,4/3/3,4/3/3,10,0,0,0,589/505/999,1c:4p 1c:3p 1c:3p,0,0/0/0,0,0,0,0,0,0
wingman_eadca-Account-7C4C_20261001-001023_noe_fail,last,33,549.7,8010,0,3,8,2/3/3,0/3/3,8,0,0,0,599/813/971,1c:0p 1c:3p 1c:3p,2,2/0/0,0,24,6,0,0,0
wingman_f9dda-20261002-215908_noe_kill,early,,3.1,,0,1,10,9,9,9,0,,0,,1c:9p,0,0,0,0,0,0,0,0
wingman_f9dda-20261002-215908_noe_kill,early,,51.3,,0,3,10,3/4/3,3/4/3,10,0,0,0,334/419/378,1c:3p 1c:4p 1c:3p,0,0/0/0,0,0,0,0,0,0
wingman_f9dda-20261002-215908_noe_kill,early,,96.2,,0,3,10,3/4/3,3/4/3,10,0,0,0,425/413/413,1c:3p 1c:4p 1c:3p,0,0/0/0,0,0,0,0,0,0
wingman_f9dda-20261002-215908_noe_kill,early,,141.4,,0,3,10,3/3/4,3/3/4,10,0,0,0,345/337/584,1c:3p 1c:3p 1c:4p,0,0/0/0,0,0,0,0,0,0
wingman_f9dda-20261002-215908_noe_kill,early,,196.4,,0,3,10,3/4/3,3/4/3,10,0,0,0,491/553/412,1c:3p 1c:4p 1c:3p,0,0/0/0,0,0,0,0,0,0
wingman_f9dda-20261002-215908_noe_kill,early,,241.3,,0,3,10,3/3/4,3/3/4,10,0,0,0,378/310/379,1c:3p 1c:3p 1c:4p,0,0/0/0,0,0,0,0,0,0
wingman_f9dda-20261002-215908_noe_kill,early,,288.3,,0,3,10,3/4/3,3/4/3,10,0,0,0,602/384/657,1c:3p 1c:4p 1c:3p,0,0/0/0,0,0,0,0,0,0
wingman_f9dda-20261002-215908_noe_kill,early,,335.9,,0,3,10,3/4/3,3/4/3,10,0,0,0,353/392/394,1c:3p 1c:4p 1c:3p,0,0/0/0,0,0,0,0,0,0
wingman_f9dda-20261002-215908_noe_kill,early,,383.7,,0,3,10,3/3/4,3/3/4,10,0,0,0,366/684/373,1c:3p 1c:3p 1c:4p,0,0/0/0,0,0,0,0,0,0
wingman_f9dda-20261002-215908_noe_kill,early,,428.8,,0,3,10,3/3/4,3/3/4,10,0,0,0,714/486/437,1c:3p 1c:3p 1c:4p,0,0/0/0,0,0,0,0,0,0
wingman_f9dda-20261002-215908_noe_kill,last,3,476.8,,0,3,10,3/3/4,3/3/4,10,0,0,0,530/379/489,1c:3p 1c:3p 1c:4p,0,0/0/0,0,0,0,0,0,0
wingman_f9dda-20261002-215908_noe_kill,last,33,506.8,,0,3,10,4/3/3,4/3/3,10,0,0,0,515/360/358,1c:4p 1c:3p 1c:3p,0,0/0/0,0,0,0,0,0,0
