log_id,source,url,recorded_by,boss_max_hp,difficulty,success,duration_s,last_phase_start_s,reached_last_phase,players
20260929-230342,raw,,,84939840,CM,,50.427,,false,Player-DDA6 | Player-FBAD | Player-82BE | Player-BCA0 | Player-74C1 | Player-F494 | Player-DE24 | Player-89AD | Player-631B
20260929-230929,raw,,,84939840,CM,,286.326,,false,Player-DDA6 | Player-FBAD | Player-82BE | Player-BCA0 | Player-74C1 | Player-F494 | Player-DE24 | Player-89AD | Player-631B | Player-8FDE
20260929-231520,raw,,,84939840,CM,,291.975,,false,Player-DDA6 | Player-FBAD | Player-82BE | Player-BCA0 | Player-74C1 | Player-F494 | Player-DE24 | Player-89AD | Player-631B | Player-8FDE
20260929-232028,raw,,,84939840,CM,,212.229,,false,Player-3025 | Player-FBAD | Player-470E | Player-BCA0 | Player-80A0 | Player-F494 | Player-DE24 | Player-8FDE | Player-89AD | Player-051A
20260929-232602,raw,,,84939840,CM,,270.929,,false,Player-DDA6 | Player-FBAD | Player-470E | Player-BCA0 | Player-80A0 | Player-F494 | Player-DE24 | Player-8FDE | Player-89AD | Player-051A
20260929-233227,raw,,,84939840,CM,,269.092,,false,Player-74C1 | Player-DDA6 | Player-FBAD | Player-BCA0 | Player-F494 | Player-DE24 | Player-8FDE | Player-89AD | Player-1BA4 | Player-470E
20260929-233952,raw,,,84939840,CM,,272.68,,false,Player-1172 | Player-FBAD | Player-470E | Player-BCA0 | Player-74C1 | Player-F494 | Player-AB6A | Player-8FDE | Player-89AD | Player-1BA4
20260929-234806,raw,,,84939840,CM,,330.334,,false,Player-AB6A | Player-1172 | Player-FBAD | Player-470E | Player-BCA0 | Player-80A0 | Player-F494 | Player-8FDE | Player-89AD | Player-631B
20260929-235415,raw,,,84939840,CM,,310.78,,false,Player-80A0 | Player-7AAB | Player-FBAD | Player-470E | Player-BCA0 | Player-F494 | Player-DE24 | Player-8FDE | Player-89AD | Player-631B
20260929-235848,raw,,,84939840,CM,,222.949,,false,Player-7AAB | Player-FBAD | Player-470E | Player-BCA0 | Player-F494 | Player-DE24 | Player-8FDE | Player-89AD | Player-631B | Player-74C1
20260930-000603,raw,,,84939840,CM,,261.802,,false,Player-010B | Player-FBAD | Player-470E | Player-BCA0 | Player-74C1 | Player-F494 | Player-DE24 | Player-8FDE | Player-89AD | Player-631B
20260930-002046,raw,,,84939840,CM,,317.837,,false,Player-FBAD | Player-010B | Player-470E | Player-BCA0 | Player-74C1 | Player-F494 | Player-DE24 | Player-8FDE | Player-89AD | Player-1BA4
20260930-002947,raw,,,84939840,CM,,495.055,,false,Player-010B | Player-FBAD | Player-470E | Player-BCA0 | Player-74C1 | Player-F494 | Player-DE24 | Player-8FDE | Player-89AD | Player-1BA4
20260930-003645,raw,,,84939840,CM,,303.757,,false,Player-010B | Player-FBAD | Player-470E | Player-BCA0 | Player-74C1 | Player-F494 | Player-DE24 | Player-8FDE | Player-89AD | Player-1BA4
20260930-004322,raw,,,84939840,CM,,364.081,,false,Player-010B | Player-FBAD | Player-470E | Player-BCA0 | Player-74C1 | Player-F494 | Player-DE24 | Player-8FDE | Player-89AD | Player-1BA4
20260930-004948,raw,,,84939840,CM,,261.994,,false,Player-010B | Player-FBAD | Player-470E | Player-BCA0 | Player-74C1 | Player-F494 | Player-DE24 | Player-8FDE | Player-89AD | Player-1BA4
20260930-010007,raw,,,84939840,CM,,293.284,,false,Player-1172 | Player-DCBD | Player-470E | Player-BCA0 | Player-74C1 | Player-F494 | Player-1B7A | Player-8FDE | Player-89AD | Player-1BA4
20260930-010656,raw,,,84939840,CM,,338.757,,false,Player-1172 | Player-DCBD | Player-470E | Player-BCA0 | Player-74C1 | Player-F494 | Player-1B7A | Player-8FDE | Player-89AD | Player-1BA4
20260930-011344,raw,,,84939840,CM,,300.128,,false,Player-1172 | Player-DCBD | Player-470E | Player-BCA0 | Player-74C1 | Player-F494 | Player-1B7A | Player-8FDE | Player-89AD | Player-1BA4
20260930-011934,raw,,,84939840,CM,,263.798,,false,Player-1172 | Player-DCBD | Player-470E | Player-BCA0 | Player-74C1 | Player-F494 | Player-1B7A | Player-8FDE | Player-89AD | Player-1BA4
20260930-012807,raw,,,84939840,CM,,348.555,,false,Player-1172 | Player-DCBD | Player-470E | Player-BCA0 | Player-74C1 | Player-F494 | Player-1B7A | Player-8FDE | Player-89AD | Player-1BA4
20260930-013625,raw,,,84939840,CM,,361.315,,false,Player-DE24 | Player-1172 | Player-DCBD | Player-470E | Player-BCA0 | Player-74C1 | Player-F494 | Player-8FDE | Player-89AD | Player-1BA4
20260930-014701,raw,,,84939840,CM,,496.214,,false,Player-1172 | Player-DCBD | Player-470E | Player-BCA0 | Player-74C1 | Player-F494 | Player-DE24 | Player-8FDE | Player-89AD | Player-1BA4
20260930-015718,raw,,,84939840,CM,,410.544,,false,Player-1172 | Player-DCBD | Player-470E | Player-BCA0 | Player-74C1 | Player-F494 | Player-DE24 | Player-8FDE | Player-89AD | Player-1BA4
20260930-020654,raw,,,84939840,CM,,536.836,,false,Player-1172 | Player-DCBD | Player-470E | Player-BCA0 | Player-74C1 | Player-F494 | Player-DE24 | Player-8FDE | Player-89AD | Player-1BA4
20260930-130931,raw,,,84939840,CM,,283.763,,false,Player-DDA6 | Player-BCA0 | Player-74C1 | Player-01BF | Player-717E | Player-470E | Player-F7E0 | Player-F494 | Player-C842 | Player-CC68
20260930-131331,raw,,,84939840,CM,,216.384,,false,Player-DDA6 | Player-BCA0 | Player-74C1 | Player-01BF | Player-717E | Player-470E | Player-F7E0 | Player-F494 | Player-C842 | Player-CC68
20260930-131748,raw,,,84939840,CM,,230.797,,false,Player-DDA6 | Player-BCA0 | Player-74C1 | Player-01BF | Player-717E | Player-470E | Player-F7E0 | Player-F494 | Player-C842 | Player-CC68
20260930-131949,raw,,,84939840,CM,,81.803,,false,Player-DDA6 | Player-BCA0 | Player-74C1 | Player-01BF | Player-717E | Player-470E | Player-F7E0 | Player-F494 | Player-C842 | Player-CC68
20260930-132907,raw,,,84939840,CM,,518.604,,false,Player-DDA6 | Player-BCA0 | Player-74C1 | Player-01BF | Player-717E | Player-470E | Player-F7E0 | Player-F494 | Player-C842 | Player-CC68
20260930-133514,raw,,,84939840,CM,,287.069,,false,Player-DDA6 | Player-BCA0 | Player-74C1 | Player-01BF | Player-717E | Player-470E | Player-F7E0 | Player-F494 | Player-C842 | Player-CC68
20260930-134135,raw,,,84939840,CM,,314.594,,false,Player-DDA6 | Player-BCA0 | Player-74C1 | Player-01BF | Player-717E | Player-470E | Player-F7E0 | Player-F494 | Player-C842 | Player-CC68
20260930-134554,raw,,,84939840,CM,,188.399,,false,Player-DDA6 | Player-BCA0 | Player-74C1 | Player-01BF | Player-717E | Player-470E | Player-F7E0 | Player-F494 | Player-C842 | Player-CC68
20260930-135458,raw,,,84939840,CM,,515.296,,false,Player-DDA6 | Player-BCA0 | Player-74C1 | Player-01BF | Player-717E | Player-470E | Player-F7E0 | Player-F494 | Player-C842 | Player-CC68
20260930-140020,raw,,,84939840,CM,,77.797,,false,Player-DDA6 | Player-BCA0 | Player-74C1 | Player-01BF | Player-717E | Player-470E | Player-F7E0 | Player-F494 | Player-C842 | Player-CC68
20260930-140955,raw,,,84939840,CM,,563.722,,false,Player-DDA6 | Player-BCA0 | Player-74C1 | Player-01BF | Player-717E | Player-470E | Player-F7E0 | Player-F494 | Player-C842 | Player-CC68
20260930-142129,raw,,,84939840,CM,,253.231,,false,Player-DDA6 | Player-BCA0 | Player-74C1 | Player-01BF | Player-717E | Player-E1F6 | Player-F7E0 | Player-F494 | Player-C842 | Player-CC68
20260930-142522,raw,,,84939840,CM,,203.893,,false,Player-DDA6 | Player-BCA0 | Player-74C1 | Player-01BF | Player-717E | Player-E1F6 | Player-F7E0 | Player-F494 | Player-C842 | Player-CC68
20260930-143043,raw,,,84939840,CM,,293.943,,false,Player-DDA6 | Player-BCA0 | Player-74C1 | Player-01BF | Player-717E | Player-E1F6 | Player-F7E0 | Player-F494 | Player-C842 | Player-CC68
20260930-144016,raw,,,84939840,CM,,538.001,,false,Player-DDA6 | Player-BCA0 | Player-74C1 | Player-01BF | Player-717E | Player-E1F6 | Player-F7E0 | Player-F494 | Player-C842 | Player-CC68
20260930-144536,raw,,,84939840,CM,,263.143,,false,Player-DDA6 | Player-BCA0 | Player-74C1 | Player-01BF | Player-717E | Player-E1F6 | Player-F7E0 | Player-F494 | Player-C842 | Player-CC68
20260930-145035,raw,,,84939840,CM,,241.953,,false,Player-DDA6 | Player-BCA0 | Player-74C1 | Player-01BF | Player-717E | Player-E1F6 | Player-F7E0 | Player-F494 | Player-C842 | Player-CC68
20260930-145735,raw,,,84939840,CM,,387.945,,false,Player-DDA6 | Player-BCA0 | Player-74C1 | Player-01BF | Player-717E | Player-E1F6 | Player-F7E0 | Player-F494 | Player-C842 | Player-CC68
20260930-161109,raw,,,84939840,CM,,220.169,,false,Player-DDA6 | Player-C729 | Player-8B8A | Player-3760 | Player-781D | Player-BCA0 | Player-6B3D | Player-F273 | Player-00E6 | Player-10E1
20260930-161736,raw,,,84939840,CM,,271.124,,false,Player-DDA6 | Player-C729 | Player-8B8A | Player-3760 | Player-781D | Player-BCA0 | Player-6B3D | Player-F273 | Player-00E6 | Player-10E1
20260930-162218,raw,,,84939840,CM,,221.344,,false,Player-DDA6 | Player-C729 | Player-8B8A | Player-3760 | Player-781D | Player-BCA0 | Player-6B3D | Player-F273 | Player-5862 | Player-10E1
20260930-162757,raw,,,84939840,CM,,285.468,,false,Player-DDA6 | Player-C729 | Player-8B8A | Player-3760 | Player-781D | Player-BCA0 | Player-6B3D | Player-F273 | Player-5862 | Player-10E1
20260930-163327,raw,,,84939840,CM,,224.826,,false,Player-DDA6 | Player-C729 | Player-8B8A | Player-3760 | Player-781D | Player-BCA0 | Player-6B3D | Player-F273 | Player-5862 | Player-10E1
20260930-163913,raw,,,84939840,CM,,237.731,,false,Player-DDA6 | Player-C729 | Player-8B8A | Player-3760 | Player-781D | Player-BCA0 | Player-6B3D | Player-10E1 | Player-F273 | Player-DCBD
20260930-164624,raw,,,84939840,CM,,385.984,,false,Player-DDA6 | Player-C729 | Player-8B8A | Player-3760 | Player-781D | Player-BCA0 | Player-6B3D | Player-10E1 | Player-F273 | Player-DCBD
20260930-165517,raw,,,84939840,CM,,501.229,,false,Player-DDA6 | Player-C729 | Player-8B8A | Player-3760 | Player-781D | Player-BCA0 | Player-6B3D | Player-10E1 | Player-F273 | Player-DCBD
20260930-170422,raw,,,84939840,CM,,445.079,,false,Player-DDA6 | Player-C729 | Player-8B8A | Player-3760 | Player-781D | Player-3BD3 | Player-BCA0 | Player-6B3D | Player-F273 | Player-0AFD
20260930-170947,raw,,,84939840,CM,,223.368,,false,Player-DDA6 | Player-C729 | Player-8B8A | Player-3760 | Player-781D | Player-3BD3 | Player-BCA0 | Player-6B3D | Player-F273 | Player-0AFD
20260930-175523,raw,,,84939840,CM,,392.362,,false,Player-1172 | Player-BCA0 | Player-F494 | Player-C842 | Player-89AD | Player-0AFD | Player-B757 | Player-08B9 | Player-D808 | Player-D74D
20260930-180129,raw,,,84939840,CM,,316.423,,false,Player-1172 | Player-BCA0 | Player-F494 | Player-C842 | Player-89AD | Player-0AFD | Player-B757 | Player-08B9 | Player-D808 | Player-D74D
20260930-180617,raw,,,84939840,CM,,249.894,,false,Player-1172 | Player-BCA0 | Player-F494 | Player-C842 | Player-89AD | Player-0AFD | Player-B757 | Player-08B9 | Player-D808 | Player-D74D
20260930-181021,raw,,,84939840,CM,,192.813,,false,Player-1172 | Player-BCA0 | Player-F494 | Player-C842 | Player-89AD | Player-0AFD | Player-B757 | Player-08B9 | Player-D808 | Player-D74D
20260930-181643,raw,,,84939840,CM,,288.459,,false,Player-1172 | Player-BCA0 | Player-F494 | Player-C842 | Player-89AD | Player-0AFD | Player-B757 | Player-08B9 | Player-D808 | Player-D74D
20260930-182315,raw,,,84939840,CM,,271.243,,false,Player-1172 | Player-BCA0 | Player-F494 | Player-C842 | Player-89AD | Player-0AFD | Player-B757 | Player-08B9 | Player-D808 | Player-D74D
20260930-182616,raw,,,84939840,CM,,131.565,,false,Player-DCBD | Player-1172 | Player-BCA0 | Player-F494 | Player-C842 | Player-89AD | Player-B757 | Player-08B9 | Player-D808 | Player-D74D
20260930-183207,raw,,,84939840,CM,,320.411,,false,Player-1172 | Player-BCA0 | Player-F494 | Player-C842 | Player-89AD | Player-B757 | Player-08B9 | Player-DCBD | Player-D808 | Player-D74D
20260930-183742,raw,,,84939840,CM,,233.834,,false,Player-1172 | Player-BCA0 | Player-F494 | Player-C842 | Player-89AD | Player-B757 | Player-08B9 | Player-DCBD | Player-D808 | Player-D74D
20260930-184348,raw,,,84939840,CM,,336.167,,false,Player-1172 | Player-BCA0 | Player-F494 | Player-C842 | Player-89AD | Player-B757 | Player-08B9 | Player-DCBD | Player-D808 | Player-D74D
20260930-191231,raw,,,84939840,CM,,407.805,,false,Player-DDA6 | Player-BCA0 | Player-74C1 | Player-1B8E | Player-DE24 | Player-1BA4 | Player-470E | Player-FBAD | Player-F494 | Player-89AD
20260930-192340,raw,,,84939840,CM,,456.289,,false,Player-DDA6 | Player-BCA0 | Player-74C1 | Player-1B8E | Player-DE24 | Player-1BA4 | Player-470E | Player-FBAD | Player-F494 | Player-89AD
20260930-193130,raw,,,84939840,CM,,377.594,,false,Player-DDA6 | Player-BCA0 | Player-74C1 | Player-1B8E | Player-DE24 | Player-1BA4 | Player-470E | Player-FBAD | Player-F494 | Player-89AD
20260930-193906,raw,,,84939840,CM,,420.656,,false,Player-DDA6 | Player-BCA0 | Player-74C1 | Player-1B8E | Player-DE24 | Player-1BA4 | Player-470E | Player-FBAD | Player-F494 | Player-89AD
20260930-194816,raw,,,84939840,CM,,440.237,,false,Player-DDA6 | Player-BCA0 | Player-74C1 | Player-1B8E | Player-DE24 | Player-1BA4 | Player-470E | Player-FBAD | Player-F494 | Player-89AD
20260930-195751,raw,,,84939840,CM,,497.942,,false,Player-DDA6 | Player-BCA0 | Player-74C1 | Player-1B8E | Player-DE24 | Player-1BA4 | Player-470E | Player-FBAD | Player-F494 | Player-89AD
20260930-200445,raw,,,84939840,CM,,167.794,,false,Player-DDA6 | Player-BCA0 | Player-74C1 | Player-1B8E | Player-DE24 | Player-1BA4 | Player-470E | Player-FBAD | Player-F494 | Player-89AD
20260930-201108,raw,,,84939840,CM,,362.754,,false,Player-DDA6 | Player-BCA0 | Player-74C1 | Player-1B8E | Player-DE24 | Player-1BA4 | Player-470E | Player-FBAD | Player-F494 | Player-89AD
20260930-203200,raw,,,84939840,CM,,480.381,,false,Player-DDA6 | Player-BCA0 | Player-74C1 | Player-1B8E | Player-DE24 | Player-1BA4 | Player-470E | Player-FBAD | Player-F494 | Player-89AD
20260930-203600,raw,,,84939840,CM,,170.744,,false,Player-DDA6 | Player-BCA0 | Player-74C1 | Player-1B8E | Player-DE24 | Player-1BA4 | Player-470E | Player-FBAD | Player-F494 | Player-89AD
20260930-203947,raw,,,84939840,CM,,174.821,,false,Player-DDA6 | Player-BCA0 | Player-74C1 | Player-1B8E | Player-DE24 | Player-1BA4 | Player-470E | Player-FBAD | Player-F494 | Player-89AD
20260930-204517,raw,,,84939840,CM,,284.727,,false,Player-DDA6 | Player-BCA0 | Player-74C1 | Player-1B8E | Player-DE24 | Player-1BA4 | Player-470E | Player-FBAD | Player-F494 | Player-89AD
20260930-204753,raw,,,84939840,CM,,114.6,,false,Player-DDA6 | Player-BCA0 | Player-74C1 | Player-1B8E | Player-DE24 | Player-1BA4 | Player-470E | Player-FBAD | Player-F494 | Player-89AD
20260930-205557,raw,,,84939840,CM,,363.716,,false,Player-DDA6 | Player-BCA0 | Player-74C1 | Player-1B8E | Player-DE24 | Player-1BA4 | Player-470E | Player-FBAD | Player-F494 | Player-89AD
20260930-210018,raw,,,84939840,CM,,199.787,,false,Player-DDA6 | Player-BCA0 | Player-74C1 | Player-1B8E | Player-DE24 | Player-1BA4 | Player-470E | Player-FBAD | Player-F494 | Player-89AD
20260930-210743,raw,,,84939840,CM,,429.063,,false,Player-DDA6 | Player-BCA0 | Player-74C1 | Player-1B8E | Player-DE24 | Player-1BA4 | Player-470E | Player-FBAD | Player-F494 | Player-89AD
20260930-211921,raw,https://gw2wingman.nevermindcreations.de/log/2ffbe-Sejter9746_20260930-211921_noe_fail,,84939840,CM,,600.613,516.669,true,Player-DDA6 | Player-BCA0 | Player-74C1 | Player-1B8E | Player-DE24 | Player-1BA4 | Player-470E | Player-FBAD | Player-F494 | Player-89AD
20260930-213241,raw,,,84939840,CM,,62.197,,false,Player-DDA6 | Player-BCA0 | Player-74C1 | Player-1B8E | Player-DE24 | Player-1BA4 | Player-470E | Player-FBAD | Player-F494 | Player-89AD
20260930-213637,raw,,,84939840,CM,,215.775,,false,Player-DDA6 | Player-BCA0 | Player-74C1 | Player-1B8E | Player-DE24 | Player-1BA4 | Player-470E | Player-FBAD | Player-F494 | Player-89AD
20260930-214712,raw,https://gw2wingman.nevermindcreations.de/log/4f4fd-Sejter9746_20260930-214711_noe_fail,,84939840,CM,,600.594,531.138,true,Player-DDA6 | Player-BCA0 | Player-74C1 | Player-1B8E | Player-DE24 | Player-1BA4 | Player-470E | Player-FBAD | Player-F494 | Player-89AD
20260930-215124,raw,,,84939840,CM,,66.314,,false,Player-DDA6 | Player-BCA0 | Player-74C1 | Player-1B8E | Player-DE24 | Player-1BA4 | Player-470E | Player-FBAD | Player-F494 | Player-89AD
20260930-215627,raw,,,84939840,CM,,270.461,,false,Player-DDA6 | Player-BCA0 | Player-74C1 | Player-1B8E | Player-DE24 | Player-1BA4 | Player-470E | Player-FBAD | Player-F494 | Player-89AD
20260930-215821,raw,,,84939840,CM,,68.215,,false,Player-DDA6 | Player-BCA0 | Player-74C1 | Player-1B8E | Player-DE24 | Player-1BA4 | Player-470E | Player-FBAD | Player-F494 | Player-89AD
20260930-220441,raw,,,84939840,CM,,361.239,,false,Player-DDA6 | Player-BCA0 | Player-74C1 | Player-1B8E | Player-DE24 | Player-1BA4 | Player-470E | Player-FBAD | Player-F494 | Player-89AD
20260930-220831,raw,,,84939840,CM,,159.936,,false,Player-DDA6 | Player-BCA0 | Player-74C1 | Player-1B8E | Player-DE24 | Player-1BA4 | Player-470E | Player-FBAD | Player-F494 | Player-89AD
20260930-221626,raw,,,84939840,CM,,366.028,,false,Player-DDA6 | Player-BCA0 | Player-74C1 | Player-1B8E | Player-DE24 | Player-1BA4 | Player-470E | Player-FBAD | Player-F494 | Player-89AD
20260930-225431,raw,,,84939840,CM,,420.622,,false,Player-DDA6 | Player-BCA0 | Player-F494 | Player-74C1 | Player-1B8E | Player-FBAD | Player-89AD | Player-DE24 | Player-1BA4 | Player-470E
20260930-225808,raw,,,84939840,CM,,100.409,,false,Player-DDA6 | Player-BCA0 | Player-F494 | Player-74C1 | Player-1B8E | Player-FBAD | Player-89AD | Player-DE24 | Player-1BA4 | Player-470E
20260930-230802,raw,https://gw2wingman.nevermindcreations.de/log/aa73a-Clemyyy4217_20260930-230802_noe_fail,,84939840,CM,,541.203,495.427,true,Player-DDA6 | Player-BCA0 | Player-F494 | Player-74C1 | Player-1B8E | Player-FBAD | Player-89AD | Player-DE24 | Player-1BA4 | Player-470E
20260930-231403,raw,,,84939840,CM,,212.916,,false,Player-DDA6 | Player-BCA0 | Player-F494 | Player-74C1 | Player-1B8E | Player-FBAD | Player-89AD | Player-DE24 | Player-1BA4 | Player-470E
20260930-231723,raw,,,84939840,CM,,175.923,,false,Player-DDA6 | Player-BCA0 | Player-F494 | Player-74C1 | Player-1B8E | Player-FBAD | Player-89AD | Player-DE24 | Player-1BA4 | Player-470E
20260930-232430,raw,,,84939840,CM,,386.325,,false,Player-DDA6 | Player-BCA0 | Player-F494 | Player-74C1 | Player-1B8E | Player-FBAD | Player-89AD | Player-DE24 | Player-1BA4 | Player-470E
20260930-233450,raw,https://gw2wingman.nevermindcreations.de/log/2c017-Clemyyy4217_20260930-233451_noe_fail,,84939840,CM,,583.695,529.097,true,Player-DDA6 | Player-BCA0 | Player-F494 | Player-74C1 | Player-1B8E | Player-FBAD | Player-89AD | Player-DE24 | Player-1BA4 | Player-470E
20260930-234618,raw,https://gw2wingman.nevermindcreations.de/log/99d71-Clemyyy4217_20260930-234618_noe_fail,,84939840,CM,,556.197,477.303,true,Player-DDA6 | Player-BCA0 | Player-F494 | Player-74C1 | Player-1B8E | Player-FBAD | Player-89AD | Player-DE24 | Player-1BA4 | Player-470E
20261001-000305,raw,,,84939840,CM,,36.17,,false,Player-DDA6 | Player-1B8E | Player-FBAD | Player-89AD
20261001-192216,raw,,,42469920,NM,,15.757,,false,Player-010B
20261001-195456,raw,,,84939840,CM,,535.261,496.898,true,Player-DDA6 | Player-C2E3 | Player-BCA0 | Player-74C1 | Player-1B8E | Player-89AD | Player-F494 | Player-1BA4 | Player-FBAD | Player-DE24
20261001-200035,raw,,,84939840,CM,,261.486,,false,Player-DDA6 | Player-C2E3 | Player-BCA0 | Player-74C1 | Player-1B8E | Player-89AD | Player-F494 | Player-1BA4 | Player-FBAD | Player-DE24
20261001-201030,raw,,,84939840,CM,,547.751,475.303,true,Player-DDA6 | Player-C2E3 | Player-BCA0 | Player-74C1 | Player-1B8E | Player-89AD | Player-F494 | Player-1BA4 | Player-FBAD | Player-DE24
20261001-201411,raw,,,84939840,CM,,68.017,,false,Player-DDA6 | Player-C2E3 | Player-BCA0 | Player-74C1 | Player-1B8E | Player-89AD | Player-F494 | Player-1BA4 | Player-FBAD | Player-DE24
20261001-201640,raw,,,84939840,CM,,97.347,,false,Player-DDA6 | Player-C2E3 | Player-BCA0 | Player-74C1 | Player-1B8E | Player-89AD | Player-F494 | Player-1BA4 | Player-FBAD | Player-DE24
20261001-202431,raw,,,84939840,CM,,445.266,,false,Player-DDA6 | Player-C2E3 | Player-BCA0 | Player-74C1 | Player-1B8E | Player-89AD | Player-F494 | Player-1BA4 | Player-FBAD | Player-DE24
20261001-202923,raw,,,84939840,CM,,252.47,,false,Player-DDA6 | Player-C2E3 | Player-BCA0 | Player-74C1 | Player-1B8E | Player-89AD | Player-F494 | Player-1BA4 | Player-FBAD | Player-DE24
20261001-203309,raw,,,84939840,CM,,206.551,,false,Player-DDA6 | Player-C2E3 | Player-BCA0 | Player-74C1 | Player-1B8E | Player-89AD | Player-F494 | Player-1BA4 | Player-FBAD | Player-DE24
20261001-203917,raw,,,84939840,CM,,334.971,,false,Player-DDA6 | Player-C2E3 | Player-BCA0 | Player-74C1 | Player-1B8E | Player-89AD | Player-F494 | Player-1BA4 | Player-FBAD | Player-DE24
20261001-204237,raw,,,84939840,CM,,175.536,,false,Player-DDA6 | Player-C2E3 | Player-BCA0 | Player-74C1 | Player-1B8E | Player-89AD | Player-F494 | Player-1BA4 | Player-FBAD | Player-DE24
20261001-204518,raw,,,84939840,CM,,67.91,,false,Player-DDA6 | Player-C2E3 | Player-BCA0 | Player-74C1 | Player-1B8E | Player-89AD | Player-F494 | Player-1BA4 | Player-FBAD | Player-DE24
20261001-204734,raw,,,84939840,CM,,71.587,,false,Player-DDA6 | Player-C2E3 | Player-BCA0 | Player-74C1 | Player-1B8E | Player-89AD | Player-F494 | Player-1BA4 | Player-FBAD | Player-DE24
20261001-205127,raw,,,84939840,CM,,217.134,,false,Player-DDA6 | Player-C2E3 | Player-BCA0 | Player-74C1 | Player-1B8E | Player-89AD | Player-F494 | Player-1BA4 | Player-FBAD | Player-DE24
20261001-210120,raw,,,84939840,CM,,554.964,475.3,true,Player-DDA6 | Player-C2E3 | Player-BCA0 | Player-74C1 | Player-1B8E | Player-89AD | Player-F494 | Player-1BA4 | Player-FBAD | Player-DE24
20261001-210323,raw,,,84939840,CM,,71.909,,false,Player-DDA6 | Player-C2E3 | Player-BCA0 | Player-74C1 | Player-1B8E | Player-89AD | Player-F494 | Player-1BA4 | Player-FBAD | Player-DE24
20261001-211048,raw,,,84939840,CM,,428.438,,false,Player-DDA6 | Player-C2E3 | Player-BCA0 | Player-74C1 | Player-1B8E | Player-89AD | Player-F494 | Player-1BA4 | Player-FBAD | Player-DE24
20261001-212340,raw,,,84939840,CM,,18.532,,false,Player-DDA6 | Player-C2E3 | Player-1B8E | Player-BCA0 | Player-89AD | Player-F494 | Player-1BA4 | Player-FBAD | Player-DE24 | Player-74C1
20261001-212705,raw,,,84939840,CM,,169.696,,false,Player-DDA6 | Player-C2E3 | Player-1B8E | Player-BCA0 | Player-89AD | Player-F494 | Player-1BA4 | Player-FBAD | Player-DE24 | Player-74C1
20261001-213007,raw,,,84939840,CM,,162.253,,false,Player-DDA6 | Player-C2E3 | Player-1B8E | Player-BCA0 | Player-89AD | Player-F494 | Player-1BA4 | Player-FBAD | Player-DE24 | Player-74C1
20261001-213946,raw,,,84939840,CM,,566.932,487.099,true,Player-DDA6 | Player-C2E3 | Player-1B8E | Player-BCA0 | Player-89AD | Player-F494 | Player-1BA4 | Player-FBAD | Player-DE24 | Player-74C1
20261001-220542,raw,,,84939840,CM,,218.702,,false,Player-DDA6 | Player-FBAD | Player-74C1 | Player-1B8E | Player-89AD | Player-DE24 | Player-8FDE | Player-F494 | Player-BCA0 | Player-1BA4
20261001-220938,raw,,,84939840,CM,,186.328,,false,Player-DDA6 | Player-FBAD | Player-74C1 | Player-1B8E | Player-89AD | Player-DE24 | Player-8FDE | Player-F494 | Player-BCA0 | Player-1BA4
20261001-221556,raw,,,84939840,CM,,346.841,,false,Player-DDA6 | Player-FBAD | Player-74C1 | Player-1B8E | Player-89AD | Player-DE24 | Player-8FDE | Player-F494 | Player-BCA0 | Player-1BA4
20261001-222029,raw,,,84939840,CM,,225.029,,false,Player-DDA6 | Player-FBAD | Player-74C1 | Player-1B8E | Player-89AD | Player-DE24 | Player-8FDE | Player-F494 | Player-BCA0 | Player-1BA4
20261001-222522,raw,,,84939840,CM,,243.885,,false,Player-DDA6 | Player-FBAD | Player-74C1 | Player-1B8E | Player-89AD | Player-DE24 | Player-8FDE | Player-F494 | Player-BCA0 | Player-1BA4
20261001-223543,raw,,,84939840,CM,,590.287,477.502,true,Player-DDA6 | Player-FBAD | Player-74C1 | Player-1B8E | Player-89AD | Player-DE24 | Player-8FDE | Player-F494 | Player-BCA0 | Player-1BA4
20261001-224122,raw,,,84939840,CM,,260.66,,false,Player-DDA6 | Player-FBAD | Player-74C1 | Player-1B8E | Player-89AD | Player-DE24 | Player-8FDE | Player-F494 | Player-BCA0 | Player-1BA4
20261001-224532,raw,,,84939840,CM,,217.95,,false,Player-DDA6 | Player-FBAD | Player-74C1 | Player-1B8E | Player-89AD | Player-DE24 | Player-8FDE | Player-F494 | Player-BCA0 | Player-1BA4
20261001-225245,raw,,,84939840,CM,,375.31,,false,Player-DDA6 | Player-FBAD | Player-74C1 | Player-1B8E | Player-89AD | Player-DE24 | Player-8FDE | Player-F494 | Player-BCA0 | Player-1BA4
014037-fixed_dpsreport,EI,https://dps.report/MsKX-20260930-014037-fixed_boss,Player-903A,84939840,CM,true,547.652,466.994,true,Player-D34A | Account-C912 | Player-B5C2 | Player-184B | Player-0BF9 | Player-0D70 | Player-903A | Player-EACF | Player-9884 | Player-FA74
050224_dpsreport,EI,https://dps.report/oOYc-20260930-050224_boss,Player-7726,84939840,CM,true,552.961,487.267,true,Player-BCF1 | Player-8F01 | Player-4A11 | Player-3896 | Player-A92E | Player-4041 | Player-E9DE | Player-F21E | Player-7726 | Player-91C1
20261002-005256_dpsreport,EI,https://b.dps.report/ST7h-20261002-005256_boss,Player-582B,84939840,CM,false,597.049,529.104,true,Player-D488 | Player-CF48 | Player-D132 | Player-582B | Player-247A | Player-6E8F | Player-BC75 | Player-44A2 | Player-700E | Player-55E0
20261002-010435_dpsreport,EI,https://b.dps.report/rKIr-20261002-010435_boss,Player-582B,84939840,CM,true,580.9,514.578,true,Player-D488 | Player-CF48 | Player-D132 | Player-582B | Player-247A | Player-6E8F | Player-BC75 | Player-44A2 | Player-700E | Player-55E0
220703_Account-E5E7_dpsreport,EI,https://dps.report/qVZX-20260930-220703_boss,Player-3CAD,84939840,CM,true,587.974,513.642,true,Player-8018 | Player-5EF6 | Player-9A48 | Player-E1C8 | Player-3CAD | Player-3088 | Player-85C1 | Player-A0E8 | Player-C5C2 | Player-01F3
224233_dpsreport,EI,https://dps.report/oPU0-20260930-224233_boss,Player-F6E3,84939840,CM,true,550.718,476.136,true,Player-6860 | Player-57C0 | Player-31C0 | Player-91F4 | Player-F6E3 | Player-46CC | Player-6CBA | Player-F1A5 | Player-2037 | Player-D33A
wingman_1f564-20260930-164742_noe_fail,EI,https://gw2wingman.nevermindcreations.de/log/1f564-20260930-164742_noe_fail,Player-4230,84939840,CM,false,574.475,517.755,true,Player-67E4 | Player-6CD6 | Account-6104 | Player-A65F | Player-ACE4 | Player-4230 | Player-32F8 | Player-9B43 | Player-9A42 | Player-D572
wingman_3273c-20261001-011226_noe_fail,EI,https://gw2wingman.nevermindcreations.de/log/3273c-20261001-011226_noe_fail,Player-582B,84939840,CM,false,597.028,526.212,true,Player-D488 | Player-CF48 | Player-D132 | Player-582B | Player-247A | Player-6E8F | Player-BC75 | Player-44A2 | Player-700E | Player-55E0
wingman_3c4a4-20260930-233824_noe_fail,EI,https://gw2wingman.nevermindcreations.de/log/3c4a4-20260930-233824_noe_fail,Player-6E8F,84939840,CM,false,564.71,514.182,true,Player-D488 | Player-CF48 | Player-D132 | Player-582B | Player-247A | Player-6E8F | Player-BC75 | Player-44A2 | Player-700E | Player-55E0
wingman_4f111-Account-81AD_20260930-183104_noe_fail,EI,https://gw2wingman.nevermindcreations.de/log/4f111-Seel6214_20260930-183104_noe_fail,Player-67E4,84939840,CM,false,584.563,510.037,true,Player-67E4 | Player-6CD6 | Player-CE71 | Player-78D3 | Player-C80E | Player-A087 | Player-5276 | Player-7267 | Player-D572 | Player-A65F
wingman_5398e-20260930-162239_noe_fail,EI,https://gw2wingman.nevermindcreations.de/log/5398e-20260930-162239_noe_fail,Player-8EE7,84939840,CM,false,588.527,543.207,true,Player-6CD6 | Player-BC81 | Player-D1B1 | Player-78D3 | Player-5B9F | Player-2676 | Player-5276 | Player-8EE7 | Player-A65F | Player-2C12
wingman_8d411-20260930-191421_noe_fail,EI,https://gw2wingman.nevermindcreations.de/log/8d411-20260930-191421_noe_fail,Player-F42D,84939840,CM,false,586.998,529.313,true,Player-1496 | Player-5FDF | Player-582D | Player-ACE4 | Account-2138 | Player-594D | Player-559E | Player-F42D | Player-ECEC | Player-9A42
wingman_NM_1b866-20260924-190030_noe_kill,EI,https://gw2wingman.nevermindcreations.de/log/1b866-20260924-190030_noe_kill,Player-3559,42469920,NM,true,322.869,,false,Player-66C6 | Player-1DB4 | Player-F82B | Player-B344 | Player-0AF5 | Player-73BE | Player-17BE | Player-DEFD | Player-D3DF | Player-3559
wingman_NM_9dc33-20260930-001057_noe_kill,EI,https://gw2wingman.nevermindcreations.de/log/9dc33-20260930-001057_noe_kill,Player-F803,42469920,NM,true,355.005,,false,Player-A369 | Player-2AB9 | Player-522D | Player-F803 | Player-9857 | Player-92C4 | Account-DEBB | Player-6DD2 | Player-B439 | Player-BA09
wingman_NM_d615b-20260923-204836_noe_kill,EI,https://gw2wingman.nevermindcreations.de/log/d615b-20260923-204836_noe_kill,Player-FA9F,42469920,NM,true,464.731,,false,Player-4EFB | Player-46A4 | Player-7694 | Player-FA9F | Player-DC6C | Player-93D1 | Player-3B56 | Player-99B7 | Player-11E6 | Player-BEBF
wingman_c654b-20260930-172031_noe_fail,EI,https://gw2wingman.nevermindcreations.de/log/c654b-20260930-172031_noe_fail,Player-D1B1,84939840,CM,false,550.994,497.389,true,Player-6CD6 | Player-BC81 | Player-D1B1 | Player-78D3 | Player-4E6D | Player-2676 | Player-8EE7 | Player-C7EB | Player-A65F | Player-2C12
wingman_eadca-Account-7C4C_20261001-001023_noe_fail,EI,https://gw2wingman.nevermindcreations.de/log/eadca-Graba8094_20261001-001023_noe_fail,Player-6E8F,84939840,CM,false,569.31,516.704,true,Player-D488 | Player-CF48 | Player-D132 | Player-582B | Player-247A | Player-6E8F | Player-BC75 | Player-44A2 | Player-700E | Player-55E0
