log_id,break_s,aspect,throw_missiles_80520,orbs_within_1.2-3s,first_orb_after_s,s_until_log_end,projectile_hate_near_aspect_10s
20260929-231520,45.717,Staff,3,3,1.997,246.3,
20260929-231520,199.917,Spear,3,3,2.109,92.1,
20260929-232028,181.981,Staff,3,3,2.101,30.2,
20260929-232602,111.428,Staff,3,3,1.887,159.5,
20260929-232602,191.328,Spear,3,3,2.181,79.6,
20260929-232602,196.228,Staff,3,3,2.005,74.7,
20260929-233227,32.462,Staff,3,3,1.971,236.6,
20260929-233227,193.962,Staff,3,3,1.905,75.1,
20260929-234806,47.143,Staff,3,3,2.093,283.2,Corrosive Poison Cloud 0.3s
20260929-234806,209.243,Spear,3,3,1.909,121.1,
20260929-235415,79.523,Staff,3,3,1.993,231.3,
20260929-235848,198.414,Spear,3,3,2.015,24.5,
20260930-000603,196.534,Spear,3,3,1.979,65.3,
20260930-000603,248.633,Staff,3,3,2.156,13.2,
20260930-002046,92.511,Staff,3,3,2.013,225.3,
20260930-002046,198.511,Staff,3,3,2.165,119.3,
20260930-002947,139.305,Staff,3,3,2.171,355.8,
20260930-002947,182.905,Spear,3,3,2.171,312.1,
20260930-003645,128.769,Staff,3,3,1.907,175.0,
20260930-003645,199.869,Spear,3,3,2.005,103.9,
20260930-004322,213.343,Spear,3,3,2.129,150.7,
20260930-004322,294.743,Staff,3,3,2.121,69.3,
20260930-004322,331.743,Spear,3,3,1.959,32.3,
20260930-004948,129.924,Staff,3,3,2.115,132.1,
20260930-010007,191.535,Spear,3,3,1.985,101.7,
20260930-010007,200.435,Staff,3,3,2.121,92.8,
20260930-010656,225.626,Staff,3,3,2.043,113.1,Corrosive Poison Cloud 3.1s
20260930-010656,226.726,Spear,3,4,1.939,112.0,Corrosive Poison Cloud 4.2s
20260930-012807,281.697,Staff,3,3,2.095,66.9,Sand Swell 7.6s / Sand Swell 4.0s / Corrosive Poison Cloud 0.9s / Corrosive Poison Cloud 0.2s
20260930-012807,309.697,Spear,3,3,2.087,38.9,Corrosive Poison Cloud 6.7s / Corrosive Poison Cloud 3.7s
20260930-013625,197.301,Spear,3,3,2.129,164.0,Corrosive Poison Cloud 5.4s / Corrosive Poison Cloud 1.3s / Corrosive Poison Cloud 1.1s
20260930-013625,298.801,Staff,3,3,1.903,62.5,Sanctuary 5.4s
20260930-014701,193.386,Spear,3,3,2.093,302.8,Corrosive Poison Cloud 9.4s / Corrosive Poison Cloud 4.9s / Corrosive Poison Cloud 4.8s / Corrosive Poison Cloud 3.6s
20260930-014701,336.086,Spear,3,3,2.023,160.1,
20260930-015718,153.992,Staff,3,3,2.163,256.6,Corrosive Poison Cloud 2.0s / Sanctuary 1.8s / Shield of Absorption 0.8s
20260930-015718,187.792,Spear,3,3,1.959,222.8,Corrosive Poison Cloud 9.6s / Corrosive Poison Cloud 4.4s / Corrosive Poison Cloud 2.4s
20260930-020654,129.075,Staff,3,3,2.121,407.8,Corrosive Poison Cloud 4.8s / Corrosive Poison Cloud 4.7s
20260930-020654,278.875,Staff,3,3,2.115,258.0,
20260930-020654,310.175,Spear,3,3,2.135,226.7,Corrosive Poison Cloud 9.0s / Corrosive Poison Cloud 8.5s / Corrosive Poison Cloud 6.7s / Corrosive Poison Cloud 1.9s
20260930-020654,397.075,Sword,3,3,1.953,139.8,Corrosive Poison Cloud 9.9s / Corrosive Poison Cloud 4.7s
20260930-020654,459.675,Staff,3,6,1.509,77.2,Corrosive Poison Cloud 9.3s / Sanctuary 2.3s / Corrosive Poison Cloud 1.1s
20260930-130931,152.496,Staff,3,3,1.937,131.3,
20260930-130931,187.597,Spear,3,3,2.036,96.2,Smoke Screen 2.9s / Corrosive Poison Cloud 1.4s / Smoke Screen 0.6s
20260930-130931,279.796,Staff,3,3,2.113,4.0,
20260930-132907,180.017,Spear,3,3,2.093,338.6,
20260930-132907,274.617,Spear,3,3,1.893,244.0,
20260930-132907,330.017,Staff,3,3,1.967,188.6,
20260930-132907,414.217,Spear,3,3,2.047,104.4,
20260930-132907,418.817,Sword,3,3,1.885,99.8,
20260930-132907,481.417,Staff,3,3,2.001,37.2,
20260930-134135,212.817,Staff,3,3,2.049,101.8,
20260930-134135,284.217,Spear,3,3,2.049,30.4,
20260930-135458,179.724,Spear,3,3,1.991,335.6,
20260930-135458,259.724,Staff,3,3,1.905,255.6,
20260930-135458,268.124,Spear,3,3,1.943,247.2,Temporal Curtain 6.7s
20260930-135458,385.224,Spear,3,3,1.915,130.1,
20260930-135458,396.724,Sword,3,3,2.097,118.6,
20260930-140955,113.501,Staff,3,3,1.935,450.2,
20260930-140955,205.901,Spear,3,3,2.125,357.8,Smoke Screen 8.5s
20260930-140955,270.001,Staff,3,3,2.067,293.7,
20260930-140955,431.401,Spear,3,3,2.181,132.3,
20260930-140955,438.199,Staff,3,3,2.099,125.5,
20260930-142129,135.406,Staff,3,3,2.113,117.8,
20260930-142522,158.438,Staff,3,3,1.957,45.5,
20260930-143043,138.647,Staff,3,3,1.909,155.3,
20260930-143043,286.549,Staff,3,3,1.995,7.4,
20260930-144016,101.205,Staff,3,3,1.955,436.8,
20260930-144016,323.803,Spear,3,3,2.102,214.2,Smoke Screen 9.1s
20260930-144016,447.003,Sword,3,3,2.055,91.0,Smoke Screen 7.9s
20260930-144016,464.305,Staff,3,3,1.955,73.7,
20260930-144536,191.373,Spear,3,3,2.179,71.8,Smoke Screen 0.0s
20260930-145035,99.384,Staff,3,3,1.969,142.6,
20260930-145035,204.784,Spear,3,3,1.963,37.2,
20260930-145735,105.957,Staff,3,3,2.125,282.0,
20260930-161109,217.659,Spear,3,1,2.007,2.5,
20260930-161736,129.376,Staff,3,3,1.983,141.7,
20260930-161736,208.176,Spear,3,3,2.097,62.9,Dust Storm 8.7s / Corrosive Poison Cloud 8.3s / Corrosive Poison Cloud 7.5s
20260930-162218,138.314,Staff,3,3,1.925,83.0,Dust Storm 8.9s
20260930-162757,123.66,Staff,3,3,2.127,161.8,Dust Storm 7.6s
20260930-162757,202.36,Spear,3,3,2.111,83.1,
20260930-163327,176.718,Staff,3,3,2.111,48.1,
20260930-163327,183.718,Spear,3,3,1.953,41.1,
20260930-164624,106.907,Staff,3,3,2.129,279.1,Dust Storm 7.7s
20260930-164624,200.105,Spear,3,3,1.929,185.9,Dust Storm 5.8s / Corrosive Poison Cloud 1.6s
20260930-164624,279.905,Staff,3,3,2.119,106.1,Dust Storm 9.6s / Corrosive Poison Cloud 1.9s
20260930-165517,328.742,Spear,3,3,2.123,172.5,Dust Storm 7.8s
20260930-165517,469.442,Spear,3,3,2.017,31.8,
20260930-170422,118.537,Staff,3,3,1.979,326.5,
20260930-170422,325.437,Staff,3,3,1.953,119.6,
20260930-170422,338.235,Spear,3,3,2.031,106.8,
20260930-175523,225.797,Spear,3,3,1.953,166.6,
20260930-180129,136.874,Staff,3,3,1.921,179.5,
20260930-181643,135.93,Staff,3,3,2.067,152.5,
20260930-181643,211.528,Spear,3,3,1.987,76.9,Smoke Screen 8.7s
20260930-182315,136.885,Staff,3,3,1.985,134.4,
20260930-182315,222.885,Spear,3,3,2.189,48.4,Smoke Screen 6.2s / Smoke Screen 0.5s
20260930-183207,206.644,Spear,3,3,2.031,113.8,Smoke Screen 5.0s
20260930-183207,231.446,Staff,3,3,1.905,89.0,
20260930-183742,194.619,Spear,3,3,2.175,39.2,
20260930-184348,80.77,Staff,3,3,1.985,255.4,
20260930-184348,188.77,Staff,3,3,1.985,147.4,
20260930-184348,193.37,Spear,3,3,1.947,142.8,
20260930-184348,321.77,Spear,3,3,1.979,14.4,
20260930-191231,107.769,Staff,3,3,1.907,300.0,
20260930-191231,292.569,Staff,3,3,1.899,115.2,Corrosive Poison Cloud 8.3s
20260930-191231,293.771,Spear,3,3,2.017,114.0,Corrosive Poison Cloud 9.5s
20260930-192340,178.135,Spear,3,3,1.983,278.2,Smoke Screen 1.2s
20260930-192340,202.335,Staff,3,3,1.979,254.0,
20260930-192340,273.935,Spear,3,3,1.897,182.4,Smoke Screen 1.5s
20260930-192340,330.335,Sword,3,3,2.093,126.0,Smoke Screen 5.5s
20260930-192340,355.635,Staff,3,3,1.879,100.7,
20260930-193130,171.815,Spear,3,3,2.017,205.8,Temporal Curtain 4.9s
20260930-193906,286.39,Staff,3,3,2.161,134.3,Corrosive Poison Cloud 6.3s
20260930-193906,388.19,Spear,3,3,2.119,32.5,
20260930-194816,107.447,Staff,3,3,1.903,332.8,
20260930-194816,160.447,Spear,3,3,1.983,279.8,
20260930-194816,324.647,Sword,3,3,1.977,115.6,
20260930-194816,343.947,Staff,3,3,1.915,96.3,Corrosive Poison Cloud 9.5s
20260930-195751,171.127,Spear,3,3,1.987,326.8,Corrosive Poison Cloud 2.5s
20260930-195751,324.727,Sword,3,3,1.901,173.2,Corrosive Poison Cloud 8.3s
20260930-195751,456.527,Spear,3,3,1.937,41.4,Corrosive Poison Cloud 9.4s
20260930-195751,489.727,Staff,3,3,2.093,8.2,Smoke Screen 8.7s
20260930-201108,90.98,Staff,3,3,2.091,271.8,
20260930-201108,176.18,Spear,3,3,2.089,186.6,
20260930-203200,181.288,Spear,3,3,2.063,299.1,
20260930-203200,284.388,Staff,3,3,2.131,196.0,Corrosive Poison Cloud 9.7s / Smoke Screen 5.5s
20260930-203200,327.188,Spear,3,3,1.883,153.2,
20260930-203947,172.677,Spear,3,0,,2.1,
20260930-204517,114.106,Staff,3,3,1.931,170.6,
20260930-204517,167.706,Spear,3,3,2.133,117.0,
20260930-204517,258.106,Spear,3,3,2.131,26.6,
20260930-204517,265.306,Staff,3,3,2.047,19.4,
20260930-205557,68.422,Staff,3,3,2.013,295.3,
20260930-205557,163.722,Spear,3,3,1.871,200.0,
20260930-205557,220.822,Staff,3,3,1.931,142.9,
20260930-205557,256.022,Spear,3,3,2.129,107.7,
20260930-210018,90.382,Staff,3,3,1.935,109.4,
20260930-210018,184.182,Spear,3,3,2.051,15.6,
20260930-210743,166.287,Spear,3,3,1.917,262.8,
20260930-210743,213.987,Staff,3,3,2.121,215.1,
20260930-210743,249.887,Spear,3,3,2.105,179.2,
20260930-210743,354.087,Sword,3,3,2.135,75.0,
20260930-210743,364.487,Spear,3,3,2.021,64.6,
20260930-211921,68.788,Staff,3,3,2.089,531.8,
20260930-211921,175.188,Spear,3,3,1.885,425.4,Temporal Curtain 9.8s
20260930-211921,180.988,Staff,3,3,1.969,419.6,
20260930-211921,304.188,Staff,3,3,1.883,296.4,
20260930-211921,348.488,Sword,3,3,1.983,252.1,Temporal Curtain 2.3s / Corrosive Poison Cloud 1.0s / Smoke Screen 0.1s
20260930-211921,463.588,Sword,3,3,1.993,137.0,Corrosive Poison Cloud 1.4s
20260930-211921,572.988,Sword,3,3,1.907,27.6,Temporal Curtain 7.8s
20260930-214712,71.491,Staff,3,3,1.911,529.1,
20260930-214712,191.689,Staff,3,3,1.905,408.9,Smoke Screen 8.6s / Corrosive Poison Cloud 5.0s
20260930-214712,263.989,Spear,3,3,2.161,336.6,
20260930-214712,308.289,Staff,3,3,1.895,292.3,
20260930-214712,330.189,Sword,3,3,2.117,270.4,Corrosive Poison Cloud 9.7s
20260930-214712,428.289,Staff,3,3,1.891,172.3,Corrosive Poison Cloud 8.5s
20260930-214712,457.989,Spear,3,6,2.119,142.6,
20260930-214712,548.089,Staff,3,4,2.089,52.5,
20260930-214712,548.989,Spear,3,5,1.587,51.6,
20260930-215627,170.484,Spear,3,3,1.917,100.0,
20260930-215627,176.084,Staff,3,3,2.029,94.4,Smoke Screen 2.1s
20260930-215821,64.013,Staff,3,3,1.985,4.2,
20260930-220441,84.117,Staff,3,3,2.005,277.1,
20260930-220441,245.417,Staff,3,3,1.931,115.8,Corrosive Poison Cloud 9.3s
20260930-220441,336.817,Sword,3,3,2.087,24.4,Corrosive Poison Cloud 5.4s
20260930-221626,51.661,Staff,3,3,2.097,314.4,
20260930-221626,154.261,Staff,3,3,1.969,211.8,
20260930-221626,292.161,Staff,3,3,2.071,73.9,
20260930-221626,343.861,Sword,3,3,2.085,22.2,
20260930-225431,77.209,Staff,3,3,2.109,343.4,
20260930-225431,168.209,Spear,3,3,1.909,252.4,Temporal Curtain 1.7s
20260930-225431,197.509,Staff,3,3,1.923,223.1,
20260930-225431,255.409,Spear,3,3,1.985,165.2,
20260930-225431,306.009,Staff,3,3,1.901,114.6,
20260930-225431,316.907,Sword,3,3,2.161,103.7,
20260930-225808,82.907,Staff,3,3,2.011,17.5,
20260930-230802,235.796,Staff,3,3,2.033,305.4,Smoke Screen 9.0s / Corrosive Poison Cloud 7.3s
20260930-230802,289.794,Spear,3,3,1.953,251.4,
20260930-230802,336.796,Sword,3,3,2.033,204.4,Corrosive Poison Cloud 7.0s / Corrosive Poison Cloud 1.9s
20260930-230802,398.596,Spear,3,3,1.915,142.6,Corrosive Poison Cloud 8.2s
20260930-230802,441.996,Sword,3,3,1.915,99.2,Corrosive Poison Cloud 9.7s
20260930-230802,498.796,Spear,3,3,1.991,42.4,
20260930-230802,528.496,Sword,3,3,2.003,12.7,
20260930-231403,73.022,Staff,3,3,2.017,139.9,
20260930-231403,174.522,Spear,3,3,2.001,38.4,Corrosive Poison Cloud 6.5s
20260930-232430,64.259,Staff,3,3,1.979,322.1,
20260930-232430,169.059,Staff,3,3,1.897,217.3,
20260930-232430,176.559,Spear,3,3,1.955,209.8,Corrosive Poison Cloud 2.1s / Smoke Screen 2.0s
20260930-233450,177.21,Spear,3,3,1.939,406.5,
20260930-233450,202.91,Staff,3,3,2.041,380.8,
20260930-233450,280.21,Spear,3,3,1.979,303.5,Corrosive Poison Cloud 5.5s / Corrosive Poison Cloud 4.2s
20260930-233450,319.11,Staff,3,3,1.995,264.6,Corrosive Poison Cloud 1.4s / Corrosive Poison Cloud 0.0s
20260930-233450,447.21,Staff,3,3,1.933,136.5,Corrosive Poison Cloud 9.9s / Temporal Curtain 8.1s
20260930-234618,168.938,Spear,3,3,1.891,387.3,
20260930-234618,196.238,Staff,3,3,1.957,360.0,
20260930-234618,270.538,Spear,3,3,2.007,285.7,Corrosive Poison Cloud 2.2s / Corrosive Poison Cloud 0.0s
20260930-234618,362.638,Spear,3,3,1.947,193.6,
20260930-234618,440.538,Staff,3,3,1.921,115.7,
20261001-195456,436.017,Staff,3,3,2.087,99.2,
20261001-200035,166.462,Spear,3,3,2.009,95.0,
20261001-201030,111.94,Staff,3,3,2.141,435.8,
20261001-201030,178.94,Spear,3,3,1.971,368.8,
20261001-201030,314.34,Staff,3,3,1.969,233.4,Corrosive Poison Cloud 5.4s
20261001-201030,323.74,Sword,3,3,2.089,224.0,
20261001-201030,363.34,Spear,3,3,2.053,184.4,Corrosive Poison Cloud 6.3s
20261001-201030,455.24,Staff,3,4,1.901,92.5,
20261001-201030,466.64,Sword,3,3,1.899,81.1,
20261001-202431,93.376,Staff,3,3,2.175,351.9,
20261001-202431,318.876,Sword,3,3,1.987,126.4,Corrosive Poison Cloud 5.3s
20261001-202431,350.876,Staff,3,3,1.745,94.4,Smoke Screen 9.7s
20261001-202431,441.376,Sword,3,3,1.921,3.9,
20261001-202923,60.1,Staff,3,3,2.013,192.4,Corrosive Poison Cloud 1.8s
20261001-202923,156.7,Staff,3,3,1.893,95.8,
20261001-202923,178.6,Spear,3,3,2.037,73.9,
20261001-203309,171.27,Spear,3,3,2.003,35.3,
20261001-203917,89.185,Staff,3,3,1.937,245.8,
20261001-203917,259.585,Spear,3,3,2.011,75.4,
20261001-204237,79.237,Staff,3,3,2.036,96.3,Temporal Curtain 7.2s
20261001-204237,164.238,Spear,3,3,1.917,11.3,
20261001-205127,95.156,Staff,3,3,2.001,122.0,
20261001-205127,174.556,Spear,3,3,2.119,42.6,
20261001-210120,226.669,Staff,3,3,2.203,328.3,Smoke Screen 1.2s
20261001-210120,277.069,Spear,3,3,2.073,277.9,
20261001-210120,367.269,Sword,3,3,1.949,187.7,Corrosive Poison Cloud 8.4s
20261001-210120,425.769,Spear,3,3,2.061,129.2,Smoke Screen 0.8s
20261001-210120,517.269,Spear,3,3,1.987,37.7,Corrosive Poison Cloud 5.3s
20261001-211048,166.963,Spear,3,3,2.031,261.5,
20261001-211048,271.763,Staff,3,3,1.903,156.7,
20261001-211048,331.163,Spear,3,3,1.993,97.3,
20261001-211048,341.963,Sword,3,3,1.903,86.5,
20261001-212705,98.438,Staff,3,3,2.119,71.3,
20261001-213007,113.145,Staff,3,3,2.049,49.1,
20261001-213946,106.894,Staff,3,3,1.903,460.0,
20261001-213946,296.894,Staff,3,3,1.973,270.0,
20261001-213946,374.894,Spear,3,3,1.977,192.0,Smoke Screen 1.0s
20261001-213946,443.194,Staff,3,3,2.027,123.7,Smoke Screen 3.1s
20261001-220542,115.301,Staff,3,3,2.129,103.4,
20261001-220542,168.701,Spear,3,3,2.055,50.0,
20261001-221556,90.665,Staff,3,3,1.927,256.2,
20261001-221556,147.665,Spear,3,3,2.049,199.2,
20261001-221556,214.165,Staff,3,3,2.063,132.7,
20261001-222029,105.938,Staff,3,3,2.098,119.1,
20261001-222522,81.993,Staff,3,3,2.169,161.9,
20261001-222522,236.193,Staff,3,3,2.111,7.7,Corrosive Poison Cloud 7.4s
20261001-223543,170.183,Spear,3,3,1.969,420.1,Temporal Curtain 9.8s
20261001-223543,369.483,Spear,3,3,2.095,220.8,
20261001-223543,401.483,Staff,3,3,2.133,188.8,
20261001-223543,548.283,Staff,3,3,2.093,42.0,
20261001-224122,241.434,Spear,3,3,1.991,19.2,
20261001-225245,338.036,Sword,3,3,2.071,37.3,Smoke Screen 7.2s / Corrosive Poison Cloud 6.8s
20261001-225245,363.936,Staff,3,3,1.881,11.4,Smoke Screen 1.7s
20261002-151558,150.397,Staff,3,3,2.073,89.4,Dust Storm 6.8s
20261002-152053,34.577,Staff,3,3,1.983,161.2,
20261002-152053,109.477,Staff,0,0,,86.3,
20261002-152706,31.803,Staff,3,3,2.119,161.1,
20261002-152706,113.203,Staff,3,3,1.869,79.7,
20261002-153333,32.737,Staff,3,3,2.059,192.0,Dust Storm 3.1s
20261002-153652,51.669,Staff,3,3,2.047,7.8,
20261002-222650,164.823,Spear,3,3,2.171,201.7,
20261002-222650,251.723,Spear,3,4,1.903,114.8,
20261002-222650,252.623,Staff,3,5,1.969,113.9,
20261002-222650,357.125,Spear,3,3,1.943,9.3,Corrosive Poison Cloud 9.7s / Smoke Screen 9.3s
20261002-223049,46.526,Staff,3,3,1.995,175.6,
20261002-223049,164.924,Spear,3,3,1.993,57.2,
20261002-223258,67.872,Staff,3,3,1.883,31.8,
20261002-224131,112.918,Staff,3,3,2.113,374.4,
20261002-224131,182.318,Spear,3,3,1.909,305.0,
20261002-224131,215.02,Staff,3,3,2.007,272.3,
20261002-224131,271.42,Spear,3,3,2.083,215.9,
20261002-224131,329.318,Sword,3,3,2.023,158.0,Corrosive Poison Cloud 8.0s
20261002-224131,369.22,Spear,3,3,2.157,118.1,
20261002-224131,451.42,Sword,3,3,1.997,35.9,
20261002-225404,170.497,Spear,3,3,2.015,378.0,
20261002-225404,333.697,Sword,3,3,1.933,214.8,Corrosive Poison Cloud 0.8s / Smoke Screen 0.7s
20261002-225404,484.595,Sword,3,3,2.185,63.9,
20261002-231326,62.785,Staff,3,3,1.887,328.8,
20261002-231326,140.585,Staff,3,3,1.961,251.0,
20261002-231326,183.387,Spear,3,3,2.001,208.2,
20261002-231326,267.087,Spear,3,3,1.981,124.5,
20261002-231326,284.885,Staff,3,3,1.901,106.7,
20261002-231326,362.287,Spear,3,3,1.935,29.3,
20261002-231326,375.387,Staff,3,3,2.109,16.2,
20261002-231907,79.62,Staff,3,3,2.057,129.4,
20261002-232932,139.807,Staff,3,3,1.991,460.8,
20261002-232932,250.607,Staff,3,5,1.539,350.0,
20261002-232932,349.109,Spear,3,3,2.037,251.5,Smoke Screen 6.8s
20261002-232932,442.207,Sword,3,3,1.965,158.4,
20261002-232932,488.307,Staff,3,3,2.109,112.3,Corrosive Poison Cloud 9.2s / Smoke Screen 8.4s
20261002-234158,61.016,Staff,3,3,2.053,288.5,
20261002-234158,149.718,Staff,3,3,1.911,199.8,
20261002-234158,176.618,Spear,3,3,1.967,172.9,
20261002-234158,246.218,Staff,3,3,1.923,103.3,
20261002-234158,336.418,Sword,3,3,2.037,13.1,Corrosive Poison Cloud 1.3s / Smoke Screen 1.3s
20261002-235723,45.078,Staff,3,3,1.967,178.5,
20261002-235723,174.28,Spear,3,3,1.999,49.3,
20261003-000447,243.654,Spear,3,3,2.135,124.3,
20261003-000447,343.356,Staff,3,3,1.983,24.6,
20261003-001430,44.481,Staff,3,3,1.919,400.4,
20261003-001430,129.181,Staff,0,0,,315.7,Corrosive Poison Cloud 8.4s
20261003-001430,308.281,Sword,3,3,1.909,136.6,Smoke Screen 5.1s / Corrosive Poison Cloud 5.0s
20261003-002223,213.053,Staff,3,3,1.939,117.4,
20261003-002223,323.653,Staff,3,3,2.143,6.8,Corrosive Poison Cloud 9.3s