log,phase,split_start_s,phase_start_s,split_and_visions_s,fixated_at_entry,last_apply_s_before,next_apply_s_after,holder_fixated_ends_s_after,gap_until_next_apply_s,next_holder_same,entry_kind,entry_holder_dist_rank,entry_holder_was_previous_holder,second_green_s,second_green_holder,second_green_n,second_green_up,first_casts,first_green_s,first_green_n,first_green_up,first_green_holder,first_green_slot1_holder,cc_s,cc_holder,cc_angle_to_holder,cc_angle_to_nearest_dir_player,cc_aimed_player_distance_rank,cc_aimed_player_dist
20260929-230929,P2 Spear,159.8,202.7,43.0,1,49.5,26.0,10.5,15.5,0,carried,6,,56.5,1,3,9,Judgment of Eternity@0.0 > Cosmic Charge@4.5 > Worldpiercer@12.4 > Raging Storm@18.6 > Thousand Strikes@27.2 > Probability Distribution@33.3,1.4,3,10,1,1,4.5,1,17,9,8,286
20260929-231520,P2 Spear,139.9,180.6,40.7,1,1.7,59.2,58.3,0.9,0,fresh,3,0,56.1,1,3,10,Judgment of Eternity@0.0 > Cosmic Charge@4.4 > Worldpiercer@12.3 > Raging Storm@20.1 > Thousand Strikes@27.6 > Probability Distribution@33.6,1.4,3,10,1,1,4.4,1,8,8,9,289
20260929-232028,P2 Spear,137.4,175.8,38.4,1,43.9,18.4,16.1,2.3,0,carried,7,,,,,,Judgment of Eternity@0.0 > Cosmic Charge@4.4 > Worldpiercer@12.3 > Raging Storm@19.8 > Thousand Strikes@27.2 > Probability Distribution@33.2,,,,,,4.4,1,0,0,9,328
20260929-232602,P2 Spear,152.8,202.6,49.7,0,61.4,25.8,,,,nobody,,,,,,,Judgment of Eternity@0.0 > Cosmic Charge@4.5 > Worldpiercer@12.3 > Raging Storm@18.4 > Thousand Strikes@27.6 > Probability Distribution@33.7,,,,,,4.5,0,,12,4,230
20260929-233227,P2 Spear,137.6,195.9,58.3,1,0.2,67.1,59.8,7.3,0,fresh,9,0,56.0,1,1,5,Judgment of Eternity@0.0 > Cosmic Charge@4.4 > Worldpiercer@12.3 > Raging Storm@18.5 > Thousand Strikes@27.4 > Probability Distribution@33.4,1.4,3,10,1,1,4.4,1,10,1,9,375
20260929-233952,P2 Spear,155.4,199.3,43.9,1,1.6,39.0,31.0,7.9,0,fresh,8,0,,,,,Judgment of Eternity@0.0 > Cosmic Charge@4.5 > Worldpiercer@12.4 > Raging Storm@19.9 > Thousand Strikes@27.3 > Probability Distribution@33.3,,,,,,4.5,1,2,2,4,271
20260929-234806,P2 Spear,168.0,212.3,44.2,0,80.3,-0.0,,,,nobody,,,,,,,Judgment of Eternity@0.0 > Cosmic Charge@4.4 > Worldpiercer@12.3 > Raging Storm@18.4 > Thousand Strikes@27.4 > Probability Distribution@33.4,,,,,,4.4,1,0,0,5,322
20260929-235415,P2 Spear,136.5,180.5,44.0,1,1.4,66.9,58.6,8.4,1,fresh,7,0,,,,,Judgment of Eternity@0.0 > Cosmic Charge@4.4 > Worldpiercer@12.3 > Raging Storm@18.4 > Thousand Strikes@27.3 > Probability Distribution@33.4,,,,,,4.4,1,0,0,10,514
20260929-235848,P2 Spear,133.2,165.7,32.4,1,1.4,46.0,30.2,15.8,0,fresh,10,0,,,,,Judgment of Eternity@0.0 > Cosmic Charge@4.4 > Worldpiercer@12.3 > Raging Storm@18.3 > Thousand Strikes@27.0 > Probability Distribution@33.2,1.4,3,10,1,1,4.4,1,11,3,9,335
20260930-000603,P2 Spear,132.2,166.6,34.4,1,1.7,59.6,58.3,1.3,0,fresh,1,0,56.5,1,3,9,Judgment of Eternity@0.0 > Cosmic Charge@4.4 > Worldpiercer@12.3 > Raging Storm@20.2 > Thousand Strikes@27.6 > Probability Distribution@33.6,1.4,3,10,1,1,4.4,1,0,0,9,311
20260930-002046,P2 Spear,133.4,165.6,32.2,1,1.3,67.6,58.7,8.9,0,fresh,3,0,56.7,1,3,9,Judgment of Eternity@0.0 > Cosmic Charge@4.4 > Worldpiercer@12.3 > Raging Storm@18.4 > Thousand Strikes@27.5 > Probability Distribution@33.6,1.4,3,10,1,1,4.4,1,15,4,9,475
20260930-002947,P2 Spear,135.5,175.2,39.8,1,0.2,67.3,59.8,7.5,0,fresh,2,0,,,,,Judgment of Eternity@0.0 > Cosmic Charge@4.4 > Worldpiercer@12.3 > Raging Storm@18.4 > Thousand Strikes@27.5 > Probability Distribution@33.6,,,,,,4.4,1,0,0,10,493
20260930-002947,P3 Sword,414.5,455.2,40.8,1,1.7,,35.4,,,fresh,1,0,,,,,Judgment of Eternity@0.0 > Echoing Blade@4.5 > 80585@9.9 > Excision Extremis@15.3 > Probability Distribution@22.8 > 80483@24.8,,,,,,,,,,,
20260930-003645,P2 Spear,133.8,177.2,43.4,1,45.0,18.5,15.0,3.5,0,carried,2,,56.3,1,3,10,Judgment of Eternity@0.0 > Cosmic Charge@4.4 > Worldpiercer@12.4 > Raging Storm@19.9 > Thousand Strikes@27.4 > Probability Distribution@33.5,1.4,3,10,1,1,4.4,1,20,20,1,187
20260930-004322,P2 Spear,128.6,160.0,31.4,1,1.8,59.6,58.2,1.4,0,fresh,2,0,56.5,1,3,10,Judgment of Eternity@0.0 > Cosmic Charge@4.5 > Worldpiercer@12.3 > Raging Storm@19.9 > Thousand Strikes@27.4 > Probability Distribution@33.5,1.4,3,10,1,1,4.5,1,14,4,8,346
20260930-004948,P2 Spear,134.3,169.7,35.4,1,1.2,66.8,58.8,8.0,0,fresh,6,0,,,,,Judgment of Eternity@0.0 > Cosmic Charge@4.4 > Worldpiercer@12.3 > Raging Storm@18.4 > Thousand Strikes@27.5 > Probability Distribution@33.6,,,,,,4.4,1,1,1,1,264
20260930-010007,P2 Spear,135.3,171.5,36.2,1,1.3,46.3,40.6,5.7,0,fresh,3,0,56.1,1,3,10,Judgment of Eternity@0.0 > Cosmic Charge@4.5 > Worldpiercer@12.4 > Raging Storm@18.4 > Thousand Strikes@27.4 > Probability Distribution@33.4,1.4,3,10,1,1,4.5,1,1,0,5,393
20260930-010656,P2 Spear,135.2,167.0,31.8,1,32.2,46.1,27.8,18.3,0,carried,8,,,,,,Judgment of Eternity@0.0 > Cosmic Charge@4.5 > Worldpiercer@12.3 > Raging Storm@18.4 > Thousand Strikes@27.0 > Probability Distribution@33.1,,,,,,4.5,1,2,2,9,561
20260930-011344,P2 Spear,141.6,176.2,34.7,1,43.2,25.9,16.8,9.1,0,carried,2,,56.2,1,3,10,Judgment of Eternity@0.0 > Cosmic Charge@4.4 > Worldpiercer@12.4 > Raging Storm@18.4 > Thousand Strikes@27.3 > Probability Distribution@33.4,1.4,3,10,1,1,4.4,1,0,0,10,758
20260930-011934,P2 Spear,140.6,171.0,30.5,1,37.7,38.9,22.3,16.6,1,carried,3,,57.0,1,3,10,Judgment of Eternity@0.0 > Cosmic Charge@4.5 > Worldpiercer@12.4 > Raging Storm@20.2 > Thousand Strikes@27.6 > Probability Distribution@33.7,1.4,3,10,1,1,4.5,1,0,0,4,369
20260930-012807,P2 Spear,144.4,186.3,41.9,1,54.2,18.4,5.8,12.7,0,carried,5,,56.7,1,3,10,Judgment of Eternity@0.0 > Cosmic Charge@4.4 > Worldpiercer@12.4 > Raging Storm@20.0 > Thousand Strikes@27.5 > Probability Distribution@33.6,1.4,3,10,1,1,4.4,1,1,1,2,362
20260930-013625,P2 Spear,132.5,159.3,26.8,1,1.7,59.0,58.3,0.8,0,fresh,1,0,,,,,Judgment of Eternity@0.0 > Cosmic Charge@4.5 > Worldpiercer@12.4 > Raging Storm@19.7 > Thousand Strikes@27.1 > Probability Distribution@33.2,,,,,,4.5,1,2,2,10,673
20260930-014701,P2 Spear,135.4,169.1,33.7,1,1.1,67.0,58.8,8.1,0,fresh,9,0,,,,,Judgment of Eternity@0.0 > Cosmic Charge@4.4 > Worldpiercer@12.3 > Raging Storm@18.4 > Thousand Strikes@27.6 > Probability Distribution@33.6,,,,,,4.4,1,0,0,10,864
20260930-014701,P3 Sword,392.4,467.3,74.9,1,1.2,21.6,9.9,11.7,0,fresh,5,0,,,,,Judgment of Eternity@0.0 > Echoing Blade@4.4 > Slice Through Reality@9.8 > Excision Extremis@15.3 > Probability Distribution@22.9 > Division Eternal@25.1,,,,,,,,,,,
20260930-015718,P2 Spear,131.6,163.0,31.4,1,1.2,67.3,58.8,8.5,0,fresh,3,0,56.3,1,3,10,Judgment of Eternity@0.0 > Cosmic Charge@4.4 > Worldpiercer@12.3 > Raging Storm@18.5 > Thousand Strikes@27.2 > Probability Distribution@33.3,1.4,3,10,1,1,4.4,1,1,1,6,386
20260930-015718,P3 Sword,321.6,364.4,42.8,1,1.7,,34.9,,,fresh,8,0,,,,,Judgment of Eternity@0.0 > Echoing Blade@4.4 > Slice Through Reality@9.9 > Excision Extremis@15.3 > Probability Distribution@23.3 > Division Eternal@25.4,1.4,3,10,1,1,,,,,,
20260930-020654,P2 Spear,138.7,165.0,26.3,1,31.9,39.1,28.1,11.0,0,carried,5,,56.2,1,3,10,Judgment of Eternity@0.0 > Cosmic Charge@4.5 > Worldpiercer@12.4 > Raging Storm@20.2 > Thousand Strikes@27.6 > Probability Distribution@33.8,1.4,3,10,1,1,4.5,1,8,8,8,490
20260930-020654,P3 Sword,312.7,352.1,39.4,1,1.8,63.4,45.4,18.0,0,fresh,3,0,48.6,0,2,8,Judgment of Eternity@0.0 > Echoing Blade@4.5 > Slice Through Reality@10.0 > Excision Extremis@15.4 > Probability Distribution@23.4 > Division Eternal@25.4,1.4,3,10,1,1,,,,,,
20260930-130931,P2 Spear,126.3,157.4,31.0,1,1.2,46.3,30.3,16.0,0,fresh,8,0,56.4,1,2,8,80629@0.0 > Cosmic Charge@4.5 > Worldpiercer@12.4 > Raging Storm@18.5 > Thousand Strikes@27.2 > Probability Distribution@33.3,1.4,3,10,1,1,4.5,1,0,0,7,343
20260930-131331,P2 Spear,130.4,163.7,33.4,1,1.2,46.3,46.2,0.0,0,fresh,1,0,,,,,Judgment of Eternity@0.0 > Cosmic Charge@4.5 > Worldpiercer@12.3 > Raging Storm@18.5 > Thousand Strikes@27.7 > Probability Distribution@33.8,1.4,3,10,1,1,4.5,1,10,10,1,151
20260930-131748,P2 Spear,133.2,158.4,25.1,1,45.5,18.5,14.5,4.0,0,carried,7,,56.1,1,2,7,Judgment of Eternity@0.0 > Cosmic Charge@4.5 > Worldpiercer@12.4 > Raging Storm@20.1 > Thousand Strikes@27.5 > Probability Distribution@33.6,1.4,3,10,1,1,4.5,1,0,0,1,107
20260930-132907,P2 Spear,132.9,166.3,33.4,1,1.7,38.8,30.3,8.5,0,fresh,2,0,56.0,0,3,10,Judgment of Eternity@0.0 > Cosmic Charge@4.5 > Worldpiercer@12.3 > Raging Storm@20.1 > Thousand Strikes@27.5 > Probability Distribution@33.6,1.4,3,10,1,1,4.5,1,1,1,10,362
20260930-132907,P3 Sword,333.9,383.8,49.9,1,1.6,42.1,28.0,14.1,0,fresh,9,0,48.4,1,3,10,Judgment of Eternity@0.0 > Echoing Blade@4.4 > Slice Through Reality@9.9 > Excision Extremis@15.3 > Probability Distribution@23.4 > Division Eternal@25.4,1.4,3,10,1,1,,,,,,
20260930-133514,P2 Spear,131.2,160.8,29.5,1,1.1,46.5,30.5,16.0,0,fresh,3,0,56.2,1,3,10,Judgment of Eternity@0.0 > Cosmic Charge@4.5 > Worldpiercer@12.4 > Raging Storm@18.5 > Thousand Strikes@27.1 > Probability Distribution@33.2,1.4,3,10,1,1,4.5,1,2,2,10,379
20260930-134135,P2 Spear,130.2,162.5,32.3,1,1.7,59.3,58.3,1.0,1,fresh,10,0,56.2,1,3,10,Judgment of Eternity@0.0 > Cosmic Charge@4.5 > Worldpiercer@12.3 > Raging Storm@19.8 > Thousand Strikes@27.3 > Probability Distribution@33.4,1.4,3,10,1,1,4.5,1,0,0,10,354
20260930-134554,P2 Spear,133.1,156.6,23.5,1,1.6,,29.3,,,fresh,10,0,,,,,Judgment of Eternity@0.0 > Cosmic Charge@4.4 > Worldpiercer@12.3 > Raging Storm@18.4 > Thousand Strikes@27.1,1.4,3,10,1,1,4.4,1,7,3,8,411
20260930-135458,P2 Spear,126.6,163.0,36.4,1,1.4,67.8,58.6,9.2,0,fresh,6,0,56.8,1,3,9,Judgment of Eternity@0.0 > Cosmic Charge@4.5 > Worldpiercer@12.4 > Raging Storm@18.5 > Thousand Strikes@27.3 > Probability Distribution@33.4,1.4,3,10,1,1,4.5,1,7,5,3,252
20260930-135458,P3 Sword,301.6,342.7,41.1,1,1.2,45.4,38.6,6.9,0,fresh,8,0,48.2,1,2,8,Judgment of Eternity@0.0 > Echoing Blade@4.5 > Slice Through Reality@9.9 > Excision Extremis@15.4 > Probability Distribution@23.1 > Division Eternal@25.2,1.4,3,10,1,1,,,,,,
20260930-140955,P2 Spear,139.2,166.6,27.4,1,33.0,39.0,27.0,12.0,0,carried,7,,,,,,Judgment of Eternity@0.0 > Cosmic Charge@4.5 > Worldpiercer@12.4 > Raging Storm@20.0 > Thousand Strikes@27.4 > Probability Distribution@33.6,,,,,,4.5,1,0,0,6,317
20260930-140955,P3 Sword,319.4,355.2,35.8,1,39.6,21.5,20.4,1.1,0,carried,8,,,,,,Echoing Blade@0.0 > Judgment of Eternity@5.4 > Excision Extremis@9.8 > Slice Through Reality@16.1 > Division Eternal@22.9 > Echoing Blade@26.6,,,,,,,,,,,
20260930-142129,P2 Spear,132.4,167.2,34.8,1,1.3,66.9,58.7,8.2,0,fresh,1,0,55.9,1,3,10,Judgment of Eternity@0.0 > Cosmic Charge@4.4 > Worldpiercer@12.3 > Raging Storm@18.4 > Thousand Strikes@27.3 > Probability Distribution@33.4,1.4,3,10,1,1,4.4,1,0,0,1,187
20260930-142522,P2 Spear,131.0,162.1,31.2,1,32.4,,27.6,,,carried,2,,,,,,Judgment of Eternity@0.0 > Cosmic Charge@4.4 > Worldpiercer@12.3 > Raging Storm@18.5 > Thousand Strikes@27.3 > Probability Distribution@33.4,1.4,3,10,1,1,4.4,1,0,0,1,150
20260930-143043,P2 Spear,130.4,160.9,30.6,1,1.8,67.2,43.6,23.7,1,fresh,5,0,56.3,0,3,10,Judgment of Eternity@0.0 > Cosmic Charge@4.5 > Worldpiercer@12.4 > Raging Storm@19.8 > Thousand Strikes@27.2 > Probability Distribution@33.2,1.4,3,10,1,1,4.5,1,0,0,2,176
20260930-144016,P2 Spear,143.6,183.1,39.4,1,43.1,25.8,16.9,9.0,1,carried,1,,,,,,Judgment of Eternity@0.0 > Cosmic Charge@4.4 > Worldpiercer@12.3 > Raging Storm@18.4 > Thousand Strikes@27.1 > Probability Distribution@33.2,,,,,,4.4,1,0,0,4,214
20260930-144016,P3 Sword,362.6,405.5,42.9,1,1.4,41.6,27.1,14.5,0,fresh,8,0,,,,,Judgment of Eternity@0.0 > Echoing Blade@4.4 > Slice Through Reality@9.9 > Excision Extremis@15.4 > Probability Distribution@23.1 > Division Eternal@25.2,,,,,,,,,,,
20260930-144536,P2 Spear,133.7,160.4,26.7,1,1.2,67.6,58.8,8.8,0,fresh,8,0,56.5,1,3,10,Judgment of Eternity@0.0 > Cosmic Charge@4.5 > Worldpiercer@12.4 > Raging Storm@18.5 > Thousand Strikes@27.4 > Probability Distribution@33.5,1.4,3,10,1,1,4.5,1,0,0,7,254
20260930-145035,P2 Spear,129.4,154.3,24.9,1,1.2,46.4,35.0,11.4,0,fresh,3,0,56.4,1,3,10,Judgment of Eternity@0.0 > Cosmic Charge@4.5 > Worldpiercer@12.4 > Raging Storm@18.5 > Thousand Strikes@27.2 > Probability Distribution@33.3,1.4,3,10,1,1,4.5,1,0,0,10,401
20260930-145735,P2 Spear,128.4,162.8,34.4,1,1.6,59.6,58.4,1.2,0,fresh,7,0,,,,,Judgment of Eternity@0.0 > Cosmic Charge@4.5 > Worldpiercer@12.4 > Raging Storm@20.1 > Thousand Strikes@27.6 > Probability Distribution@33.7,,,,,,4.5,1,0,0,9,329
20260930-145735,P3 Sword,310.4,341.0,30.6,1,1.4,,28.0,,,fresh,6,0,,,,,Judgment of Eternity@0.0 > Echoing Blade@4.5 > Slice Through Reality@9.9 > Excision Extremis@15.4 > Probability Distribution@23.2 > Division Eternal@25.2,,,,,,,,,,,
20260930-161109,P2 Spear,132.4,175.3,42.9,1,1.3,,43.9,,,fresh,7,0,,,,,80629@0.0 > Cosmic Charge@4.5 > Worldpiercer@12.4 > Raging Storm@18.5 > Thousand Strikes@27.7 > Probability Distribution@33.8,1.4,3,10,1,1,4.5,1,0,0,10,394
20260930-161736,P2 Spear,140.0,169.7,29.8,1,1.4,46.6,45.4,1.2,0,fresh,9,0,,,,,Judgment of Eternity@0.0 > Cosmic Charge@4.4 > Worldpiercer@12.4 > Raging Storm@18.5 > Thousand Strikes@27.3 > Probability Distribution@33.4,,,,,,4.4,1,4,4,4,211
20260930-162218,P2 Spear,131.0,174.8,43.8,1,1.3,,37.1,,,fresh,1,0,,,,,Judgment of Eternity@0.0 > Cosmic Charge@4.5 > Worldpiercer@12.4 > Raging Storm@18.4 > Thousand Strikes@27.2 > Probability Distribution@33.3,1.4,3,10,1,1,4.5,1,20,20,1,164
20260930-162757,P2 Spear,136.6,171.2,34.6,1,1.2,67.2,58.8,8.4,0,fresh,1,0,56.2,1,3,10,Judgment of Eternity@0.0 > Cosmic Charge@4.5 > Worldpiercer@12.3 > Raging Storm@18.4 > Thousand Strikes@27.0 > Probability Distribution@33.1,1.4,3,10,1,1,4.5,1,0,0,3,219
20260930-163327,P2 Spear,133.9,167.6,33.7,1,35.2,26.0,24.8,1.2,0,carried,4,,56.2,0,1,2,Judgment of Eternity@0.0 > Cosmic Charge@4.5 > Worldpiercer@12.4 > Raging Storm@18.6 > Thousand Strikes@27.7 > Probability Distribution@33.8,1.4,3,10,1,1,4.5,1,6,6,9,340
20260930-163913,P2 Spear,138.6,177.1,38.5,1,1.2,46.4,45.2,1.2,0,fresh,7,1,56.5,0,1,2,Judgment of Eternity@0.0 > Cosmic Charge@4.5 > Worldpiercer@12.3 > Raging Storm@18.4 > Thousand Strikes@27.1 > Probability Distribution@33.2,1.4,3,10,1,1,4.5,1,25,15,2,244
20260930-164624,P2 Spear,133.2,170.9,37.7,1,1.2,46.6,44.9,1.8,0,fresh,6,0,56.2,1,3,10,Judgment of Eternity@0.0 > Cosmic Charge@4.5 > Worldpiercer@12.4 > Raging Storm@18.6 > Thousand Strikes@27.6 > Probability Distribution@33.6,1.4,3,10,1,1,4.5,1,34,14,2,191
20260930-165517,P2 Spear,132.0,176.5,44.4,1,1.2,45.9,44.8,1.1,0,fresh,4,1,,,,,Judgment of Eternity@0.0 > Cosmic Charge@4.4 > Worldpiercer@12.3 > Raging Storm@18.4 > Thousand Strikes@27.4 > Probability Distribution@33.5,,,,,,4.4,1,4,1,10,494
20260930-165517,P3 Sword,389.0,444.2,55.2,1,0.4,,45.7,,,fresh,1,0,,,,,Judgment of Eternity@0.0 > Echoing Blade@4.4 > 80585@9.9 > Excision Extremis@15.4 > Probability Distribution@23.2 > Division Eternal@25.3,,,,,,,,,,,
20260930-170422,P2 Spear,134.1,167.1,33.0,1,1.4,67.5,58.6,8.9,0,fresh,9,0,,,,,Judgment of Eternity@0.0 > Cosmic Charge@4.5 > Worldpiercer@12.4 > Raging Storm@18.6 > Thousand Strikes@27.8 > Probability Distribution@33.9,,,,,,4.5,1,5,4,6,254
20260930-170422,P3 Sword,345.1,415.6,70.5,1,1.5,21.6,9.4,12.3,0,fresh,3,1,,,,,Judgment of Eternity@0.0 > Echoing Blade@4.4 > Slice Through Reality@9.8 > Excision Extremis@15.3 > Probability Distribution@22.9 > Division Eternal@25.0,,,,,,,,,,,
20260930-170947,P2 Spear,136.7,169.6,32.9,1,1.7,18.5,9.5,9.0,0,fresh,9,0,,,,,Judgment of Eternity@0.0 > Cosmic Charge@4.5 > Worldpiercer@12.4 > Raging Storm@20.1 > Thousand Strikes@27.5 > Probability Distribution@33.6,1.4,3,10,1,1,4.5,1,6,6,5,349
20260930-175523,P2 Spear,140.8,167.1,26.3,1,1.4,67.4,58.6,8.8,0,fresh,8,1,56.4,1,3,10,Judgment of Eternity@0.0 > Cosmic Charge@4.5 > Worldpiercer@12.4 > Raging Storm@18.5 > Thousand Strikes@27.6 > Probability Distribution@33.7,1.4,3,10,1,1,4.5,1,0,0,10,481
20260930-180129,P2 Spear,133.0,167.8,34.8,1,1.5,59.3,58.5,0.8,0,fresh,4,0,56.1,1,3,10,Judgment of Eternity@0.0 > Cosmic Charge@4.5 > Worldpiercer@12.4 > Raging Storm@20.3 > Thousand Strikes@27.8 > Probability Distribution@33.8,1.4,3,10,1,1,4.5,1,0,0,5,240
20260930-180617,P2 Spear,138.7,170.6,32.0,1,37.6,25.9,22.4,3.6,0,carried,10,,,,,,Judgment of Eternity@0.0 > Cosmic Charge@4.4 > Worldpiercer@12.3 > Raging Storm@18.5 > Thousand Strikes@27.3 > Probability Distribution@33.4,,,,,,4.4,1,4,4,10,390
20260930-181643,P2 Spear,141.9,167.8,25.9,1,26.3,46.2,33.7,12.5,0,carried,2,,56.1,1,3,9,Judgment of Eternity@0.0 > Cosmic Charge@4.4 > Worldpiercer@12.3 > Raging Storm@18.4 > Thousand Strikes@27.1 > Probability Distribution@33.2,1.4,3,10,1,1,4.4,1,0,0,7,260
20260930-182315,P2 Spear,151.4,182.6,31.2,1,1.6,38.7,37.7,1.0,0,fresh,3,1,56.7,0,3,10,Judgment of Eternity@0.0 > Cosmic Charge@4.5 > Worldpiercer@12.4 > Raging Storm@20.0 > Thousand Strikes@27.5 > Probability Distribution@33.6,1.4,3,10,1,1,4.5,1,0,0,10,374
20260930-183207,P2 Spear,141.2,172.4,31.2,1,32.3,46.6,27.7,18.8,0,carried,3,,56.1,0,3,10,Judgment of Eternity@0.0 > Cosmic Charge@4.5 > Worldpiercer@12.3 > Raging Storm@18.4 > Thousand Strikes@27.4 > Probability Distribution@33.5,1.4,3,10,1,1,4.5,1,1,1,10,353
20260930-183742,P2 Spear,140.9,173.6,32.7,1,41.3,26.0,2.1,24.0,0,carried,5,,,,,,Judgment of Eternity@0.0 > Cosmic Charge@4.5 > Worldpiercer@12.4 > Raging Storm@18.6 > Thousand Strikes@27.8 > Probability Distribution@33.8,1.4,3,10,1,1,4.5,0,,0,5,259
20260930-184348,P2 Spear,136.0,166.2,30.2,1,33.6,46.3,26.4,19.9,0,carried,3,,56.1,1,3,10,Judgment of Eternity@0.0 > Cosmic Charge@4.5 > Worldpiercer@12.4 > Raging Storm@18.6 > Thousand Strikes@27.4 > Probability Distribution@33.5,1.4,3,10,1,1,4.5,1,9,1,7,266
20260930-191231,P2 Spear,123.7,153.5,29.8,1,1.4,67.6,58.6,8.9,1,fresh,1,0,56.5,1,3,10,Judgment of Eternity@0.0 > Cosmic Charge@4.5 > Worldpiercer@12.4 > Raging Storm@18.5 > Thousand Strikes@27.4 > Probability Distribution@33.5,1.4,3,10,1,1,4.5,1,0,0,7,291
20260930-191231,P3 Sword,329.9,381.8,52.0,1,1.1,21.6,15.6,6.0,0,fresh,4,0,,,,,Judgment of Eternity@0.0 > Echoing Blade@4.5 > 80585@9.9 > Excision Extremis@15.4 > Probability Distribution@23.0 > 80483@25.1,1.4,3,9,1,1,,,,,,
20260930-192340,P2 Spear,121.7,147.8,26.0,1,57.1,25.9,2.9,23.0,0,carried,10,,,,,,Judgment of Eternity@0.0 > Cosmic Charge@4.5 > Worldpiercer@12.3 > Raging Storm@18.5 > Thousand Strikes@27.1 > Probability Distribution@33.2,,,,,,4.5,0,,6,4,276
20260930-192340,P3 Sword,280.7,315.8,35.1,1,1.8,65.0,58.2,6.8,0,fresh,9,0,,,,,Judgment of Eternity@0.0 > Echoing Blade@4.4 > Slice Through Reality@9.9 > Excision Extremis@15.4 > Probability Distribution@22.8 > Division Eternal@24.8,,,,,,,,,,,
20260930-193130,P2 Spear,119.2,153.0,33.7,1,1.4,67.6,58.6,9.0,0,fresh,7,0,,,,,Judgment of Eternity@0.0 > Cosmic Charge@4.5 > Worldpiercer@12.4 > Raging Storm@18.4 > Thousand Strikes@27.5 > Probability Distribution@33.6,,,,,,4.5,1,0,0,9,349
20260930-193130,P3 Sword,276.9,313.1,36.2,1,45.3,21.7,14.7,7.0,0,carried,3,,,,,,Echoing Blade@0.0 > Judgment of Eternity@5.5 > Excision Extremis@10.0 > Slice Through Reality@16.3 > Division Eternal@23.4 > Echoing Blade@27.1,,,,,,,,,,,
20260930-193906,P2 Spear,119.0,147.0,28.1,1,1.1,70.3,58.9,11.4,0,fresh,8,0,,,,,Cosmic Charge@0.0 > Worldpiercer@7.9 > Judgment of Eternity@14.1 > Thousand Strikes@18.5 > Raging Storm@25.8 > Thousand Strikes@33.2,,,,,,51.8,1,0,0,5,397
20260930-193906,P3 Sword,289.2,330.5,41.3,1,42.9,21.6,13.1,8.5,0,carried,4,,,,,,Judgment of Eternity@0.0 > Echoing Blade@4.4 > Slice Through Reality@9.9 > Excision Extremis@15.4 > Probability Distribution@22.9 > Division Eternal@25.0,,,,,,,,,,,
20260930-194816,P2 Spear,121.6,150.8,29.1,1,0.3,46.0,35.7,10.2,1,fresh,1,0,,,,,Judgment of Eternity@0.0 > Cosmic Charge@4.4 > Worldpiercer@12.4 > Raging Storm@18.4 > Thousand Strikes@27.3 > Probability Distribution@33.3,,,,,,4.4,1,0,0,1,156
20260930-194816,P3 Sword,280.4,318.6,38.2,1,55.8,21.6,4.2,17.4,0,carried,8,,,,,,Judgment of Eternity@0.0 > Echoing Blade@4.5 > Slice Through Reality@10.0 > Excision Extremis@15.4 > Probability Distribution@23.0 > Division Eternal@25.0,,,,,,,,,,,
20260930-195751,P2 Spear,122.2,148.2,26.0,1,1.4,46.4,36.7,9.7,0,fresh,1,0,,,,,Judgment of Eternity@0.0 > Cosmic Charge@4.4 > Worldpiercer@12.3 > Raging Storm@18.4 > Thousand Strikes@27.5 > Probability Distribution@33.5,,,,,,4.4,1,18,18,2,168
20260930-195751,P3 Sword,272.2,309.9,37.8,1,47.7,21.7,12.3,9.4,0,carried,8,,,,,,Judgment of Eternity@0.0 > Echoing Blade@4.5 > Slice Through Reality@10.0 > Excision Extremis@15.4 > Probability Distribution@23.2 > Division Eternal@25.3,,,,,,,,,,,
20260930-201108,P2 Spear,120.9,145.7,24.8,1,1.5,38.9,36.8,2.1,0,fresh,2,0,56.3,1,3,10,Judgment of Eternity@0.0 > Cosmic Charge@4.5 > Worldpiercer@12.4 > Raging Storm@20.1 > Thousand Strikes@27.6 > Probability Distribution@33.7,1.4,3,10,1,1,4.5,1,3,1,3,233
20260930-201108,P3 Sword,271.9,316.1,44.2,1,1.7,21.7,11.1,10.6,0,fresh,2,0,,,,,Judgment of Eternity@0.0 > Echoing Blade@4.5 > Slice Through Reality@9.9 > Excision Extremis@15.4 > Probability Distribution@23.0 > Division Eternal@25.1,1.4,3,10,1,1,,,,,,
20260930-203200,P2 Spear,124.2,154.5,30.3,1,1.3,78.8,58.7,20.1,0,fresh,9,0,56.1,1,3,10,Cosmic Charge@0.0 > Judgment of Eternity@7.9 > Worldpiercer@12.3 > Raging Storm@18.4 > Thousand Strikes@27.6 > Probability Distribution@33.7,9.2,3,10,1,1,45.5,1,3,1,10,275
20260930-203200,P3 Sword,291.2,330.0,38.8,1,1.6,45.4,33.4,12.0,0,fresh,6,0,48.2,1,3,10,Judgment of Eternity@0.0 > Echoing Blade@4.5 > Slice Through Reality@9.9 > Excision Extremis@15.4 > Probability Distribution@22.9 > Division Eternal@25.0,1.4,3,10,1,1,,,,,,
20260930-204517,P2 Spear,122.0,153.0,31.0,1,1.7,59.1,58.3,0.8,0,fresh,9,0,56.0,1,3,10,Judgment of Eternity@0.0 > Cosmic Charge@4.5 > Worldpiercer@12.4 > Raging Storm@20.2 > Thousand Strikes@27.6 > Probability Distribution@33.6,1.4,3,10,1,1,4.5,1,5,5,9,441
20260930-205557,P2 Spear,124.1,155.3,31.2,1,1.2,45.9,31.4,14.5,0,fresh,3,0,56.4,1,3,10,Judgment of Eternity@0.0 > Cosmic Charge@4.5 > Worldpiercer@12.3 > Raging Storm@18.4 > Thousand Strikes@27.1 > Probability Distribution@33.1,1.4,3,10,1,1,4.5,1,0,0,8,373
20260930-205557,P3 Sword,277.7,310.6,33.0,1,36.8,41.8,23.2,18.6,0,carried,3,,48.2,1,1,3,Judgment of Eternity@0.0 > Echoing Blade@4.4 > Slice Through Reality@9.8 > Excision Extremis@15.2 > Probability Distribution@23.2 > Division Eternal@25.2,1.3,3,10,1,1,,,,,,
20260930-210018,P2 Spear,124.1,151.2,27.1,1,1.3,46.8,44.1,2.7,0,fresh,8,0,,,,,Judgment of Eternity@0.0 > Cosmic Charge@4.5 > Worldpiercer@12.4 > Raging Storm@18.4 > Thousand Strikes@27.1 > Probability Distribution@33.2,1.4,3,10,1,1,4.5,1,0,0,10,395
20260930-210743,P2 Spear,120.9,146.2,25.4,1,1.8,38.8,38.2,0.7,0,fresh,2,0,,,,,Judgment of Eternity@0.0 > Cosmic Charge@4.4 > Worldpiercer@12.3 > Raging Storm@20.1 > Thousand Strikes@27.6 > Probability Distribution@33.6,,,,,,4.4,1,6,6,1,143
20260930-210743,P3 Sword,273.9,311.3,37.4,1,1.1,66.5,53.6,12.8,0,fresh,9,0,,,,,Judgment of Eternity@0.0 > Echoing Blade@4.5 > Slice Through Reality@10.0 > Excision Extremis@15.4 > Probability Distribution@23.2 > Division Eternal@25.3,,,,,,,,,,,
20260930-211921,P2 Spear,124.1,153.1,29.0,1,1.5,67.4,58.5,8.9,0,fresh,9,0,,,,,Judgment of Eternity@0.0 > Cosmic Charge@4.4 > Worldpiercer@12.3 > Raging Storm@18.4 > Thousand Strikes@27.5 > Probability Distribution@33.6,,,,,,4.4,1,0,0,6,288
20260930-211921,P3 Sword,279.1,314.9,35.9,1,47.2,21.6,12.8,8.8,0,carried,9,,,,,,Judgment of Eternity@0.0 > Echoing Blade@4.5 > Slice Through Reality@10.0 > Excision Extremis@15.4 > Probability Distribution@23.2 > Division Eternal@25.3,,,,,,,,,,,
20260930-213637,P2 Spear,120.4,144.0,23.7,1,1.2,46.1,32.0,14.2,0,fresh,5,0,56.1,1,3,10,Judgment of Eternity@0.0 > Cosmic Charge@4.4 > Worldpiercer@12.3 > Raging Storm@18.4 > Thousand Strikes@27.0 > Probability Distribution@33.1,1.4,3,10,1,1,4.4,1,2,2,6,329
20260930-214712,P2 Spear,123.8,153.0,29.2,1,0.4,46.0,36.6,9.3,0,fresh,10,0,,,,,Judgment of Eternity@0.0 > Cosmic Charge@4.5 > Worldpiercer@12.3 > Raging Storm@18.5 > Thousand Strikes@27.1 > Probability Distribution@33.2,,,,,,4.5,1,0,0,9,343
20260930-214712,P3 Sword,276.5,313.3,36.8,1,48.1,21.6,11.9,9.7,0,carried,10,,,,,,Judgment of Eternity@0.0 > Echoing Blade@4.5 > Slice Through Reality@10.0 > Excision Extremis@15.4 > Probability Distribution@22.9 > Division Eternal@25.0,,,,,,,,,,,
20260930-215627,P2 Spear,119.7,146.6,26.9,1,1.5,46.2,27.9,18.3,0,fresh,7,0,56.6,1,3,10,Judgment of Eternity@0.0 > Cosmic Charge@4.4 > Worldpiercer@12.4 > Raging Storm@18.5 > Thousand Strikes@27.3 > Probability Distribution@33.4,1.4,3,10,1,1,4.4,1,0,0,9,366
20260930-220441,P2 Spear,126.6,155.0,28.4,1,1.6,59.5,58.4,1.0,0,fresh,1,0,56.4,1,3,10,Judgment of Eternity@0.0 > Cosmic Charge@4.5 > Worldpiercer@12.4 > Raging Storm@20.2 > Thousand Strikes@27.6 > Probability Distribution@33.6,1.4,3,10,1,1,4.5,1,0,0,1,147
20260930-220441,P3 Sword,282.2,322.4,40.2,1,1.2,,37.9,,,fresh,7,0,,,,,Judgment of Eternity@0.0 > Echoing Blade@4.4 > Slice Through Reality@9.8 > Excision Extremis@15.3 > Probability Distribution@23.4 > Division Eternal@25.4,1.4,3,10,1,1,,,,,,
20260930-221626,P2 Spear,125.5,154.4,29.0,1,0.1,66.9,59.9,7.0,0,fresh,1,0,,,,,Judgment of Eternity@0.0 > Cosmic Charge@4.4 > Worldpiercer@12.3 > Raging Storm@18.4 > Thousand Strikes@27.4 > Probability Distribution@33.4,,,,,,4.4,1,1,1,7,275
20260930-221626,P3 Sword,289.5,327.2,37.7,1,1.2,,31.2,,,fresh,3,1,,,,,Judgment of Eternity@0.0 > Echoing Blade@4.4 > Slice Through Reality@9.9 > Excision Extremis@15.4 > Probability Distribution@23.4 > Division Eternal@25.4,,,,,,,,,,,
20260930-225431,P2 Spear,121.9,154.2,32.2,1,1.2,46.2,37.6,8.6,0,fresh,6,0,56.6,1,3,10,Judgment of Eternity@0.0 > Cosmic Charge@4.5 > Worldpiercer@12.4 > Raging Storm@18.5 > Thousand Strikes@27.6 > Probability Distribution@33.6,1.4,3,10,1,1,4.5,1,9,1,3,237
20260930-225431,P3 Sword,271.3,308.4,37.1,1,0.5,21.7,11.2,10.5,0,fresh,3,0,48.8,1,3,10,Judgment of Eternity@0.0 > Echoing Blade@4.4 > Slice Through Reality@9.9 > Excision Extremis@15.4 > Probability Distribution@23.2 > Division Eternal@25.2,1.4,3,10,1,1,,,,,,
20260930-230802,P2 Spear,123.5,147.6,24.1,1,1.6,59.2,58.4,0.8,0,fresh,7,0,,,,,Judgment of Eternity@0.0 > Cosmic Charge@4.5 > Worldpiercer@12.4 > Raging Storm@20.3 > Thousand Strikes@27.7 > Probability Distribution@33.8,,,,,,4.5,1,0,0,7,308
20260930-230802,P3 Sword,274.0,306.3,32.3,1,52.9,21.7,7.1,14.6,0,carried,4,,,,,,Judgment of Eternity@0.0 > Echoing Blade@4.5 > Slice Through Reality@10.0 > Excision Extremis@15.4 > Probability Distribution@23.4 > Division Eternal@25.5,,,,,,,,,,,
20260930-231403,P2 Spear,122.3,151.6,29.3,1,1.7,38.7,32.4,6.3,0,fresh,4,0,56.2,1,2,8,Judgment of Eternity@0.0 > Cosmic Charge@4.5 > Worldpiercer@12.3 > Raging Storm@20.0 > Thousand Strikes@27.5 > Probability Distribution@33.6,1.4,3,10,1,1,4.5,1,1,1,1,196
20260930-232430,P2 Spear,118.6,144.4,25.8,1,1.2,46.4,37.4,9.0,0,fresh,10,0,,,,,Judgment of Eternity@0.0 > Cosmic Charge@4.5 > Worldpiercer@12.4 > Raging Storm@18.5 > Thousand Strikes@27.4 > Probability Distribution@33.5,,,,,,4.5,1,0,0,10,361
20260930-232430,P3 Sword,270.3,320.8,50.6,1,1.6,45.4,28.0,17.4,0,fresh,3,0,,,,,Judgment of Eternity@0.0 > Echoing Blade@4.5 > Slice Through Reality@9.9 > Excision Extremis@15.4 > Probability Distribution@23.1 > Division Eternal@25.2,,,,,,,,,,,
20260930-233450,P2 Spear,116.8,149.6,32.8,1,1.5,46.0,42.7,3.3,0,fresh,1,0,56.2,1,3,10,Judgment of Eternity@0.0 > Cosmic Charge@4.5 > Worldpiercer@12.4 > Raging Storm@18.5 > Thousand Strikes@27.3 > Probability Distribution@33.4,1.4,3,10,1,1,4.5,1,0,0,3,200
20260930-233450,P3 Sword,284.0,316.5,32.5,1,49.1,21.6,10.9,10.8,0,carried,3,,47.9,1,3,10,Judgment of Eternity@0.0 > Echoing Blade@4.5 > Slice Through Reality@9.9 > Excision Extremis@15.4 > Probability Distribution@23.2 > Division Eternal@25.3,1.4,3,10,1,1,,,,,,
20260930-234618,P2 Spear,118.2,147.8,29.6,1,1.6,59.2,58.4,0.8,0,fresh,1,0,,,,,Judgment of Eternity@0.0 > Cosmic Charge@4.5 > Worldpiercer@12.4 > Raging Storm@20.2 > Thousand Strikes@27.6 > Probability Distribution@33.7,,,,,,4.5,1,3,3,3,282
20260930-234618,P3 Sword,270.1,305.3,35.2,1,1.2,63.5,58.8,4.8,0,fresh,4,0,,,,,Judgment of Eternity@0.0 > Echoing Blade@4.5 > Slice Through Reality@10.0 > Excision Extremis@15.4 > Probability Distribution@23.2 > Division Eternal@25.3,,,,,,,,,,,
20261001-195456,P2 Spear,120.5,153.6,33.1,1,1.6,59.6,58.4,1.2,0,fresh,10,0,56.5,1,3,10,Judgment of Eternity@0.0 > Cosmic Charge@4.5 > Worldpiercer@12.4 > Raging Storm@20.2 > Thousand Strikes@27.6 > Probability Distribution@33.8,1.4,3,10,1,1,4.5,1,0,0,9,362
20261001-195456,P3 Sword,272.5,322.3,49.8,0,86.1,-0.0,,,,nobody,,,48.9,1,3,10,Judgment of Eternity@0.0 > Echoing Blade@4.5 > Slice Through Reality@10.0 > Excision Extremis@15.4 > Probability Distribution@23.0 > Division Eternal@25.1,1.4,3,10,1,1,,,,,,
20261001-200035,P2 Spear,120.2,159.3,39.2,1,1.6,44.5,40.4,4.2,0,fresh,4,0,57.0,0,3,9,Judgment of Eternity@0.0 > Cosmic Charge@4.5 > Worldpiercer@12.4 > Raging Storm@19.8 > Thousand Strikes@27.2 > Probability Distribution@33.2,1.4,3,10,1,1,4.5,1,0,0,8,288
20261001-201030,P2 Spear,122.1,152.3,30.2,1,40.2,25.9,19.8,6.0,0,carried,4,,,,,,Judgment of Eternity@0.0 > Cosmic Charge@4.5 > Worldpiercer@12.3 > Raging Storm@18.4 > Thousand Strikes@27.4 > Probability Distribution@33.5,,,,,,4.5,1,0,0,10,463
20261001-201030,P3 Sword,269.1,304.7,35.6,0,61.1,21.7,,,,nobody,,,,,,,Judgment of Eternity@0.0 > Echoing Blade@4.5 > Slice Through Reality@10.0 > Excision Extremis@15.4 > Probability Distribution@23.3 > Division Eternal@25.4,,,,,,,,,,,
20261001-202431,P2 Spear,118.0,145.3,27.3,1,1.4,46.3,30.0,16.3,0,fresh,7,0,56.0,1,3,10,Judgment of Eternity@0.0 > Cosmic Charge@4.5 > Worldpiercer@12.4 > Raging Storm@18.6 > Thousand Strikes@27.6 > Probability Distribution@33.7,1.4,3,10,1,1,4.5,1,4,4,5,215
20261001-202431,P3 Sword,270.8,308.2,37.4,1,48.6,21.6,11.4,10.3,0,carried,1,,49.4,1,3,10,Judgment of Eternity@0.0 > Echoing Blade@4.5 > Slice Through Reality@9.9 > Excision Extremis@15.4 > Probability Distribution@23.1 > Division Eternal@25.2,1.4,3,10,1,1,,,,,,
20261001-202923,P2 Spear,121.5,156.0,34.4,1,1.3,66.9,58.7,8.2,0,fresh,9,0,55.9,1,3,10,Judgment of Eternity@0.0 > Cosmic Charge@4.4 > Worldpiercer@12.3 > Raging Storm@18.5 > Thousand Strikes@27.4 > Probability Distribution@33.6,1.4,3,10,1,1,4.4,1,4,4,5,295
20261001-203309,P2 Spear,117.2,148.3,31.1,1,56.9,25.8,3.1,22.7,0,carried,4,,56.8,0,1,4,Judgment of Eternity@0.0 > Cosmic Charge@4.5 > Worldpiercer@12.3 > Raging Storm@18.4 > Thousand Strikes@27.0 > Probability Distribution@33.1,1.4,3,10,1,1,4.5,0,,4,5,257
20261001-203917,P2 Spear,125.3,153.2,27.9,1,1.2,46.5,31.9,14.6,0,fresh,3,0,56.0,1,3,10,Judgment of Eternity@0.0 > Cosmic Charge@4.4 > Worldpiercer@12.4 > Raging Storm@18.5 > Thousand Strikes@27.1 > Probability Distribution@33.2,1.4,3,10,1,1,4.4,1,0,0,9,377
20261001-205127,P2 Spear,123.5,159.8,36.4,1,1.7,,51.9,,,fresh,10,0,56.4,0,1,2,Judgment of Eternity@0.0 > Cosmic Charge@4.4 > Worldpiercer@12.3 > Raging Storm@19.8 > Thousand Strikes@27.2 > Probability Distribution@33.3,1.4,3,10,1,1,4.4,1,0,0,10,301
20261001-210120,P2 Spear,119.4,147.2,27.8,1,1.6,67.0,58.4,8.6,0,fresh,1,0,56.1,1,3,10,Judgment of Eternity@0.0 > Cosmic Charge@4.5 > Worldpiercer@12.3 > Raging Storm@18.4 > Thousand Strikes@27.0 > Probability Distribution@33.1,1.4,3,10,1,1,4.5,1,1,1,3,179
20261001-210120,P3 Sword,270.9,304.5,33.6,1,1.2,63.6,42.2,21.4,0,fresh,8,0,48.4,0,3,10,Judgment of Eternity@0.0 > Echoing Blade@4.5 > Slice Through Reality@9.9 > Excision Extremis@15.4 > Probability Distribution@23.1 > Division Eternal@25.2,1.4,3,10,1,1,,,,,,
20261001-211048,P2 Spear,114.4,143.6,29.2,1,1.8,39.4,35.4,4.0,0,fresh,2,0,58.8,1,3,10,Judgment of Eternity@0.0 > Cosmic Charge@4.5 > Worldpiercer@12.4 > Raging Storm@20.2 > Thousand Strikes@27.7 > Probability Distribution@33.7,1.4,3,10,1,1,4.5,1,0,0,8,337
20261001-211048,P3 Sword,268.4,305.9,37.5,1,54.6,21.7,5.4,16.3,0,carried,5,,48.7,1,3,10,Judgment of Eternity@0.0 > Echoing Blade@4.5 > Slice Through Reality@10.0 > Excision Extremis@15.4 > Probability Distribution@23.2 > Division Eternal@25.3,1.4,3,10,1,1,,,,,,
20261001-213946,P2 Spear,119.5,149.4,29.8,1,0.4,46.5,31.9,14.6,0,fresh,5,0,56.1,1,3,10,Judgment of Eternity@0.0 > Cosmic Charge@4.5 > Worldpiercer@12.4 > Raging Storm@18.4 > Thousand Strikes@27.1 > Probability Distribution@33.2,1.4,3,10,1,1,4.5,1,0,0,5,229
20261001-213946,P3 Sword,271.5,312.9,41.4,1,1.2,64.1,58.8,5.3,0,fresh,2,1,48.6,1,3,10,Judgment of Eternity@0.0 > Echoing Blade@4.5 > Slice Through Reality@10.0 > Excision Extremis@15.4 > Probability Distribution@23.3 > Division Eternal@25.4,1.4,3,10,1,1,,,,,,
20261001-220542,P2 Spear,112.5,148.8,36.2,1,1.5,67.5,58.5,9.0,0,fresh,4,0,56.5,1,3,10,Judgment of Eternity@0.0 > Cosmic Charge@4.5 > Worldpiercer@12.4 > Raging Storm@18.5 > Thousand Strikes@27.0 > Probability Distribution@33.1,1.4,3,10,1,1,4.5,1,4,4,8,299
20261001-220938,P2 Spear,112.1,144.9,32.8,1,1.2,,32.3,,,fresh,6,0,,,,,Judgment of Eternity@0.0 > Cosmic Charge@4.5 > Worldpiercer@12.4 > Raging Storm@18.5 > Thousand Strikes@27.6 > Probability Distribution@33.7,1.4,3,10,1,1,4.5,1,0,0,7,325
20261001-221556,P2 Spear,115.8,144.8,29.1,1,1.4,67.5,58.6,8.9,0,fresh,9,0,56.5,1,3,10,Judgment of Eternity@0.0 > Cosmic Charge@4.4 > Worldpiercer@12.3 > Raging Storm@18.4 > Thousand Strikes@27.6 > Probability Distribution@33.7,1.4,3,10,1,1,4.4,1,4,4,8,342
20261001-221556,P3 Sword,251.8,295.3,43.6,1,1.6,,41.8,,,fresh,6,0,,,,,Judgment of Eternity@0.0 > Echoing Blade@4.4 > Slice Through Reality@9.9 > Excision Extremis@15.3 > Probability Distribution@23.0 > Division Eternal@25.2,1.4,3,10,1,1,,,,,,
20261001-222029,P2 Spear,113.0,147.6,34.6,1,1.7,59.0,58.3,0.7,0,fresh,8,0,55.8,1,3,10,Judgment of Eternity@0.0 > Cosmic Charge@4.5 > Worldpiercer@12.3 > Raging Storm@19.7 > Thousand Strikes@27.2 > Probability Distribution@33.3,1.4,3,10,1,1,4.5,1,20,5,10,420
20261001-222522,P2 Spear,116.6,147.1,30.5,1,1.2,67.1,58.8,8.3,0,fresh,4,0,56.1,1,3,10,Judgment of Eternity@0.0 > Cosmic Charge@4.5 > Worldpiercer@12.3 > Raging Storm@18.5 > Thousand Strikes@27.4 > Probability Distribution@33.5,1.4,3,10,1,1,4.5,1,0,0,10,359
20261001-223543,P2 Spear,111.9,144.3,32.4,1,53.1,25.9,6.9,19.0,0,carried,2,,55.9,1,3,10,Judgment of Eternity@0.0 > Cosmic Charge@4.5 > Worldpiercer@12.4 > Raging Storm@18.4 > Thousand Strikes@27.5 > Probability Distribution@33.6,1.4,3,10,1,1,4.5,1,3,3,2,142
20261001-223543,P3 Sword,267.6,300.9,33.4,1,1.6,21.6,17.4,4.2,1,fresh,2,0,61.8,0,3,10,Echoing Blade@0.0 > Judgment of Eternity@5.4 > Excision Extremis@9.9 > Slice Through Reality@16.2 > Division Eternal@23.3 > Echoing Blade@27.0,6.8,3,10,1,1,,,,,,
20261001-224122,P2 Spear,114.5,142.0,27.5,1,1.4,46.5,36.6,9.9,0,fresh,8,1,56.7,1,3,10,Judgment of Eternity@0.0 > Cosmic Charge@4.6 > Worldpiercer@12.4 > Raging Storm@18.6 > Thousand Strikes@27.2 > Probability Distribution@33.3,1.4,3,10,1,1,4.6,1,0,0,3,198
20261001-224532,P2 Spear,114.6,144.5,30.0,1,0.1,67.2,59.9,7.3,0,fresh,8,0,56.2,1,3,10,Judgment of Eternity@0.0 > Cosmic Charge@4.4 > Worldpiercer@12.3 > Raging Storm@18.4 > Thousand Strikes@27.5 > Probability Distribution@33.5,1.4,3,10,1,1,4.4,1,0,0,9,339
20261001-225245,P2 Spear,114.5,148.0,33.5,1,1.6,66.9,58.4,8.5,0,fresh,2,0,56.0,1,3,10,Judgment of Eternity@0.0 > Cosmic Charge@4.4 > Worldpiercer@12.3 > Raging Storm@19.6 > Thousand Strikes@27.1 > Probability Distribution@33.2,1.4,3,10,1,1,4.4,1,0,0,4,333
20261001-225245,P3 Sword,264.5,298.7,34.3,1,59.8,21.6,0.2,21.4,0,carried,2,,48.2,1,3,9,Judgment of Eternity@0.0 > Echoing Blade@4.5 > Slice Through Reality@9.9 > Excision Extremis@15.3 > Probability Distribution@23.2 > Division Eternal@25.4,1.4,3,10,0,0,,,,,,
20261002-151055,P2 Spear,147.3,177.8,30.4,1,44.4,18.4,15.6,2.9,0,carried,3,,56.3,1,3,10,Judgment of Eternity@0.0 > Cosmic Charge@4.5 > Worldpiercer@12.4 > Raging Storm@19.6 > Thousand Strikes@27.0 > Probability Distribution@33.1,1.4,3,10,1,1,4.5,1,0,0,9,402
20261002-151558,P2 Spear,150.1,187.8,37.8,1,47.2,18.5,12.8,5.6,0,carried,1,,,,,,Judgment of Eternity@0.0 > Cosmic Charge@4.5 > Worldpiercer@12.4 > Raging Storm@20.1 > Thousand Strikes@27.5 > Probability Distribution@33.5,1.4,3,10,1,1,4.5,1,6,6,4,202
20261002-153333,P2 Spear,149.4,184.2,34.9,1,43.0,26.0,17.0,9.0,1,carried,3,,,,,,Judgment of Eternity@0.0 > Cosmic Charge@4.5 > Worldpiercer@12.4 > Raging Storm@18.6 > Thousand Strikes@27.8 > Probability Distribution@33.8,,,,,,4.5,1,4,4,3,206
20261002-154127,P2 Spear,133.2,167.9,34.6,1,1.2,67.5,58.8,8.8,0,fresh,4,0,,,,,Judgment of Eternity@0.0 > Cosmic Charge@4.5 > Worldpiercer@12.3 > Raging Storm@18.4 > Thousand Strikes@27.0 > Probability Distribution@33.1,,,,,,4.5,1,2,0,4,232
20261002-154530,P2 Spear,135.3,178.0,42.7,1,45.2,18.5,14.8,3.7,0,carried,10,,,,,,Judgment of Eternity@0.0 > Cosmic Charge@4.5 > Worldpiercer@12.4 > Raging Storm@20.1,,,,,,4.5,1,2,2,8,318
20261002-222650,P2 Spear,117.4,151.9,34.5,1,1.8,38.6,38.2,0.4,0,fresh,3,0,56.2,1,3,10,Judgment of Eternity@0.0 > Cosmic Charge@4.5 > Worldpiercer@12.4 > Raging Storm@20.1 > Thousand Strikes@27.6 > Probability Distribution@33.7,1.4,3,10,1,1,4.5,1,0,0,6,260
20261002-222650,P3 Sword,279.4,313.9,34.6,1,56.2,21.6,3.8,17.8,0,carried,5,,48.6,1,1,4,Judgment of Eternity@0.0 > Echoing Blade@4.4 > 80585@9.8 > Excision Extremis@15.3 > Probability Distribution@23.0 > Division Eternal@25.2,1.4,3,10,1,1,,,,,,
20261002-223049,P2 Spear,118.4,145.0,26.6,1,1.3,46.1,33.9,12.2,1,fresh,4,0,56.6,1,3,10,Judgment of Eternity@0.0 > Cosmic Charge@4.5 > Worldpiercer@12.3 > Raging Storm@18.5 > Thousand Strikes@27.2 > Probability Distribution@33.3,1.4,3,10,1,1,4.5,1,2,0,4,233
20261002-224131,P2 Spear,118.9,150.3,31.4,1,1.7,59.2,58.3,0.8,0,fresh,3,0,56.0,1,3,10,Judgment of Eternity@0.0 > Cosmic Charge@4.4 > Worldpiercer@12.3 > Raging Storm@20.1 > Thousand Strikes@27.6 > Probability Distribution@33.6,1.4,3,10,1,1,4.4,1,0,0,6,301
20261002-224131,P3 Sword,272.8,315.2,42.4,1,1.4,63.7,45.6,18.1,0,fresh,4,0,48.4,0,3,9,Judgment of Eternity@0.0 > Echoing Blade@4.5 > Slice Through Reality@9.9 > Excision Extremis@15.3 > Probability Distribution@23.3 > Division Eternal@25.3,1.4,3,10,1,1,,,,,,
20261002-225404,P2 Spear,112.9,153.3,40.4,1,1.6,59.4,58.4,1.0,0,fresh,8,0,56.3,1,3,10,Judgment of Eternity@0.0 > Cosmic Charge@4.5 > Worldpiercer@12.4 > Raging Storm@20.0 > Thousand Strikes@27.4 > Probability Distribution@33.5,1.4,3,10,1,1,4.5,1,5,2,6,249
20261002-225404,P3 Sword,268.9,301.3,32.4,1,1.5,42.1,39.1,3.0,0,fresh,6,0,48.6,1,3,10,Judgment of Eternity@0.0 > Echoing Blade@4.4 > Slice Through Reality@9.9 > Excision Extremis@15.3 > Probability Distribution@22.9 > Division Eternal@25.0,1.4,3,10,1,1,,,,,,
20261002-231326,P2 Spear,117.3,154.6,37.3,1,1.4,46.2,37.2,9.1,0,fresh,2,0,56.5,1,3,10,Judgment of Eternity@0.0 > Cosmic Charge@4.4 > Worldpiercer@12.4 > Raging Storm@18.4 > Thousand Strikes@27.2 > Probability Distribution@33.2,1.4,3,10,1,1,4.4,1,0,0,3,226
20261002-231326,P3 Sword,278.3,317.4,39.1,1,1.6,64.0,58.4,5.6,0,fresh,9,0,48.3,1,3,10,Judgment of Eternity@0.0 > Echoing Blade@4.4 > Slice Through Reality@9.9 > Excision Extremis@15.4 > Probability Distribution@23.2 > Division Eternal@25.2,1.4,3,10,1,1,,,,,,
20261002-231907,P2 Spear,121.0,149.3,28.3,1,1.7,44.3,33.5,10.8,0,fresh,10,0,56.5,1,2,7,Judgment of Eternity@0.0 > Cosmic Charge@4.5 > Worldpiercer@12.4 > Raging Storm@19.8 > Thousand Strikes@27.2 > Probability Distribution@33.3,1.4,3,10,1,1,4.5,1,9,9,1,167
20261002-232932,P2 Spear,116.6,148.9,32.3,1,1.7,59.2,58.3,0.9,0,fresh,8,0,56.2,1,3,10,Judgment of Eternity@0.0 > Cosmic Charge@4.5 > Worldpiercer@12.4 > Raging Storm@19.7 > Thousand Strikes@27.1 > Probability Distribution@33.2,1.4,3,10,1,1,4.5,1,0,0,10,411
20261002-232932,P3 Sword,270.6,305.6,35.0,1,1.4,42.0,37.6,4.4,0,fresh,1,0,48.6,1,3,10,Judgment of Eternity@0.0 > Echoing Blade@4.5 > Slice Through Reality@9.9 > Excision Extremis@15.3 > Probability Distribution@22.7 > Division Eternal@24.8,1.4,3,10,1,1,,,,,,
20261002-234158,P2 Spear,119.0,156.4,37.4,1,1.6,67.2,58.4,8.9,0,fresh,10,0,56.3,1,3,10,Judgment of Eternity@0.0 > Cosmic Charge@4.4 > Worldpiercer@12.4 > Raging Storm@19.8 > Thousand Strikes@27.2 > Probability Distribution@33.3,1.4,3,10,1,1,4.4,1,4,4,6,272
20261002-234158,P3 Sword,274.0,307.7,33.7,1,1.3,21.6,3.8,17.8,0,fresh,4,0,18.6,0,3,10,Echoing Blade@0.0 > Slice Through Reality@5.4 > Excision Extremis@10.9 > Judgment of Eternity@17.1 > Division Eternal@23.1 > Echoing Blade@26.9,18.6,3,10,0,0,,,,,,
20261002-234910,P2 Spear,114.9,151.2,36.3,1,1.1,46.3,32.8,13.5,0,fresh,7,0,56.3,1,3,10,Judgment of Eternity@0.0 > Cosmic Charge@4.5 > Worldpiercer@12.4 > Raging Storm@18.5 > Thousand Strikes@27.3 > Probability Distribution@33.3,1.4,3,10,1,1,4.5,1,0,0,8,326
20261002-235723,P2 Spear,117.2,152.8,35.6,1,40.7,25.9,19.3,6.6,0,carried,8,,56.3,1,3,10,Judgment of Eternity@0.0 > Cosmic Charge@4.5 > Worldpiercer@12.3 > Raging Storm@18.5 > Thousand Strikes@27.0 > Probability Distribution@33.1,1.3,3,10,1,1,4.5,1,0,0,9,405
20261003-000447,P2 Spear,108.3,146.0,37.7,1,1.5,46.0,34.2,11.8,0,fresh,9,0,56.6,1,3,10,Judgment of Eternity@0.0 > Cosmic Charge@4.5 > Worldpiercer@12.4 > Raging Storm@18.5 > Thousand Strikes@27.7 > Probability Distribution@33.8,1.4,3,10,1,1,4.5,1,0,0,8,346
20261003-000447,P3 Sword,260.2,296.5,36.4,1,58.7,21.6,1.3,20.3,0,carried,9,,48.8,1,3,10,Judgment of Eternity@0.0 > Echoing Blade@4.5 > Slice Through Reality@9.9 > Excision Extremis@15.4 > Probability Distribution@22.9 > Division Eternal@25.0,1.4,3,10,0,0,,,,,,
20261003-001430,P2 Spear,109.9,147.3,37.4,1,1.1,46.2,35.2,11.0,0,fresh,9,0,56.4,1,3,10,Judgment of Eternity@0.0 > Cosmic Charge@4.4 > Worldpiercer@12.3 > Raging Storm@18.4 > Thousand Strikes@27.0 > Probability Distribution@33.0,1.4,3,10,1,1,4.4,1,0,0,9,366
20261003-001430,P3 Sword,259.9,296.2,36.3,1,57.1,21.7,2.9,18.8,1,carried,3,,48.4,1,3,10,Judgment of Eternity@0.0 > Echoing Blade@4.5 > Slice Through Reality@10.0 > Excision Extremis@15.4 > Probability Distribution@23.3 > Division Eternal@25.4,1.4,3,10,1,1,,,,,,
20261003-002223,P2 Spear,116.0,146.3,30.3,1,1.8,38.5,32.4,6.0,0,fresh,2,0,56.4,1,3,10,Judgment of Eternity@0.0 > Cosmic Charge@4.4 > Worldpiercer@12.3 > Raging Storm@20.2 > Thousand Strikes@27.6 > Probability Distribution@33.6,1.4,3,10,1,1,4.4,1,0,0,1,187
20261003-144623,P2 Spear,118.9,158.0,39.0,1,1.2,66.8,58.8,8.1,0,fresh,3,0,55.8,1,3,10,Judgment of Eternity@0.0 > Cosmic Charge@4.4 > Worldpiercer@12.3 > Raging Storm@18.4 > Thousand Strikes@27.4 > Probability Distribution@33.4,1.4,3,10,1,1,4.4,1,6,3,6,443
20261003-145054,P2 Spear,121.4,164.2,42.8,1,1.2,,40.4,,,fresh,10,0,,,,,Judgment of Eternity@0.0 > Cosmic Charge@4.5 > Worldpiercer@12.4 > Raging Storm@18.5 > Thousand Strikes@27.4 > Probability Distribution@33.5,1.4,3,10,1,1,4.5,1,0,0,7,412
20261003-150148,P2 Spear,126.2,161.6,35.3,1,1.5,67.8,58.5,9.3,0,fresh,10,0,56.8,1,3,10,Judgment of Eternity@0.0 > Cosmic Charge@4.5 > Worldpiercer@12.4 > Raging Storm@18.4 > Thousand Strikes@26.9 > Probability Distribution@33.0,1.4,3,10,1,1,4.5,1,9,1,9,615
20261003-150148,P3 Sword,282.2,334.0,51.8,0,104.6,-0.0,,,,nobody,,,,,,,Judgment of Eternity@0.0 > Echoing Blade@4.4 > Slice Through Reality@9.9 > Excision Extremis@15.3 > Probability Distribution@23.3 > Division Eternal@25.4,1.4,3,10,1,1,,,,,,
20261003-150905,P2 Spear,119.3,164.2,44.9,1,1.4,46.0,42.2,3.8,0,fresh,6,0,,,,,Judgment of Eternity@0.0 > Cosmic Charge@4.4 > Worldpiercer@12.3 > Raging Storm@18.4 > Thousand Strikes@27.0 > Probability Distribution@33.1,,,,,,4.4,1,2,2,10,730
20261003-150905,P3 Sword,282.8,332.5,49.7,1,56.9,21.5,3.1,18.4,0,carried,10,,,,,,Judgment of Eternity@0.0 > Echoing Blade@4.4 > Slice Through Reality@9.8 > Excision Extremis@15.2 > Probability Distribution@23.3 > Division Eternal@25.4,,,,,,,,,,,
20261003-151632,P2 Spear,123.8,158.0,34.1,1,1.6,59.6,58.4,1.2,0,fresh,3,0,56.5,1,3,10,Judgment of Eternity@0.0 > Cosmic Charge@4.5 > Worldpiercer@12.4 > Raging Storm@20.2 > Thousand Strikes@27.7 > Probability Distribution@33.7,1.4,3,10,1,1,4.5,1,1,1,9,554
20261003-151632,P3 Sword,283.8,332.5,48.6,1,1.6,,42.7,,,fresh,4,0,,,,,Judgment of Eternity@0.0 > Echoing Blade@4.5 > Slice Through Reality@9.8 > Excision Extremis@15.2 > Probability Distribution@23.3 > Division Eternal@25.4,1.4,3,10,1,1,,,,,,
20261003-152721,P2 Spear,124.8,170.8,46.0,1,1.4,46.2,36.3,10.0,0,fresh,4,0,56.0,1,3,10,Judgment of Eternity@0.0 > Cosmic Charge@4.5 > Worldpiercer@12.4 > Raging Storm@18.6 > Thousand Strikes@27.2 > Probability Distribution@33.4,1.4,3,10,1,1,4.5,1,1,1,9,576
20261003-153810,P2 Spear,127.1,157.0,29.9,1,1.3,46.0,31.5,14.4,0,fresh,9,0,56.4,1,3,10,Judgment of Eternity@0.0 > Cosmic Charge@4.5 > Worldpiercer@12.3 > Raging Storm@18.4 > Thousand Strikes@27.5 > Probability Distribution@33.6,1.4,3,10,1,1,4.5,1,23,12,4,371
20261003-153810,P3 Sword,287.1,354.2,67.1,1,1.6,64.0,58.4,5.6,0,fresh,10,0,48.6,1,3,10,Judgment of Eternity@0.0 > Echoing Blade@4.5 > Slice Through Reality@9.9 > Excision Extremis@15.3 > Probability Distribution@22.8 > Division Eternal@24.8,1.4,3,10,1,1,,,,,,
20261003-165843,P2 Spear,126.4,160.7,34.3,1,1.8,59.0,58.2,0.8,0,fresh,5,0,55.9,1,3,10,80629@0.0 > Cosmic Charge@4.4 > Worldpiercer@12.3 > Raging Storm@20.2 > Thousand Strikes@27.7 > Probability Distribution@33.8,1.4,3,10,1,1,4.4,1,2,2,9,398
20261003-165843,P3 Sword,277.4,313.5,36.1,1,1.3,63.4,58.7,4.7,0,fresh,1,0,48.6,1,3,10,80629@0.0 > Echoing Blade@4.5 > Slice Through Reality@9.9 > Excision Extremis@15.3 > Probability Distribution@23.2 > Division Eternal@25.3,1.4,3,10,1,1,,,,,,
20261003-171045,P2 Spear,118.5,154.6,36.1,1,1.4,67.0,58.6,8.4,1,fresh,4,0,56.1,1,3,10,80629@0.0 > Cosmic Charge@4.5 > Worldpiercer@12.4 > Raging Storm@18.5 > Thousand Strikes@27.5 > Probability Distribution@33.6,1.4,3,10,1,1,4.5,1,1,1,3,368
20261003-171605,P2 Spear,118.9,151.4,32.5,1,1.8,59.4,58.2,1.2,0,fresh,10,0,56.3,1,3,10,80629@0.0 > Cosmic Charge@4.4 > Worldpiercer@12.4 > Raging Storm@20.0 > Thousand Strikes@27.5 > Probability Distribution@33.6,1.4,3,10,1,1,4.4,1,0,0,1,327
20261003-172039,P2 Spear,117.6,147.3,29.7,1,1.4,67.2,58.6,8.6,0,fresh,9,0,56.2,1,3,10,80629@0.0 > Cosmic Charge@4.4 > Worldpiercer@12.3 > Raging Storm@18.4 > Thousand Strikes@27.6 > Probability Distribution@33.6,1.4,3,10,1,1,4.4,1,4,3,9,516
20261003-172858,P2 Spear,121.5,152.1,30.6,1,1.8,59.5,58.2,1.3,0,fresh,4,0,56.4,1,3,10,80629@0.0 > Cosmic Charge@4.5 > Worldpiercer@12.4 > Raging Storm@20.2 > Thousand Strikes@27.6 > Probability Distribution@33.7,1.4,3,10,1,1,4.5,1,1,0,10,576
20261003-172858,P3 Sword,270.9,309.3,38.4,1,1.3,64.4,58.7,5.8,0,fresh,10,0,48.4,1,3,10,80629@0.0 > Echoing Blade@4.4 > Slice Through Reality@9.9 > Excision Extremis@15.4 > Probability Distribution@23.1 > Division Eternal@25.1,1.4,3,10,1,1,,,,,,
20261003-174507,P2 Spear,116.8,146.1,29.2,1,1.2,74.6,58.8,15.7,0,fresh,3,0,56.0,1,3,10,80629@0.0 > Cosmic Charge@4.5 > Worldpiercer@12.4 > Raging Storm@18.6 > Thousand Strikes@27.2 > Probability Distribution@33.3,1.4,3,10,1,1,4.5,1,4,4,6,534
20261003-174507,P3 Sword,256.8,296.6,39.8,1,1.7,64.2,58.3,5.9,0,fresh,9,0,48.6,1,2,8,80629@0.0 > Echoing Blade@4.4 > Slice Through Reality@9.9 > Excision Extremis@15.4 > Probability Distribution@23.0 > Division Eternal@25.0,1.4,3,10,1,1,,,,,,
20261003-175607,P2 Spear,116.9,149.3,32.4,1,1.2,67.3,58.8,8.5,0,fresh,3,0,56.4,1,3,10,80629@0.0 > Cosmic Charge@4.4 > Worldpiercer@12.3 > Raging Storm@18.4 > Thousand Strikes@27.6 > Probability Distribution@33.7,1.4,3,10,1,1,4.4,1,0,0,8,456
20261003-175607,P3 Sword,269.9,300.8,31.0,1,1.3,63.8,58.7,5.1,0,fresh,9,0,48.2,1,3,10,80629@0.0 > Echoing Blade@4.4 > Slice Through Reality@9.8 > Excision Extremis@15.3 > Probability Distribution@23.0 > Division Eternal@25.1,1.4,3,9,1,1,,,,,,
20261003-210118,P2 Spear,113.1,163.4,50.2,1,1.6,66.8,58.4,8.5,0,fresh,2,0,,,,,80629@0.0 > Cosmic Charge@4.4 > Worldpiercer@12.3 > Raging Storm@18.4 > Thousand Strikes@27.4 > Probability Distribution@33.4,,,,,,4.4,1,3,1,5,228
20261003-211223,P2 Spear,111.9,152.4,40.5,1,1.4,66.9,58.6,8.2,0,fresh,9,0,55.9,1,3,10,80629@0.0 > Cosmic Charge@4.5 > Worldpiercer@12.4 > Raging Storm@18.5 > Thousand Strikes@27.4 > Probability Distribution@33.4,1.4,3,10,1,1,4.5,1,0,0,7,252
20261003-211223,P3 Sword,270.9,307.1,36.2,1,1.2,63.5,58.8,4.7,0,fresh,4,0,48.2,1,3,10,80629@0.0 > Echoing Blade@4.5 > Slice Through Reality@9.9 > Excision Extremis@15.3 > Probability Distribution@22.6 > Division Eternal@24.7,1.4,3,10,1,1,,,,,,
20261003-212652,P2 Spear,107.3,147.7,40.4,1,1.3,25.9,14.3,11.6,0,fresh,5,0,,,,,80629@0.0 > Cosmic Charge@4.5 > Worldpiercer@12.4 > Raging Storm@18.4 > Thousand Strikes@27.4 > Probability Distribution@33.5,,,,,,4.5,1,0,0,9,376
20261003-213542,P2 Spear,108.6,140.7,32.1,1,1.2,25.9,5.0,20.8,1,fresh,1,0,,,,,Cosmic Charge@0.0 > 80629@7.8 > Worldpiercer@12.3 > Raging Storm@18.4 > Thousand Strikes@27.5 > Probability Distribution@33.5,,,,,,45.6,0,,5,7,675
20261003-213542,P3 Sword,261.6,302.2,40.6,1,1.7,21.6,6.5,15.1,0,fresh,10,0,,,,,80629@0.0 > Echoing Blade@4.5 > Slice Through Reality@9.9 > Excision Extremis@15.4 > Probability Distribution@23.0 > Division Eternal@25.0,,,,,,,,,,,
20261003-214253,P2 Spear,109.5,144.4,34.9,1,1.7,59.1,43.0,16.1,0,fresh,8,0,,,,,80629@0.0 > Cosmic Charge@4.4 > Worldpiercer@12.4 > Raging Storm@20.0 > Thousand Strikes@27.4 > Probability Distribution@33.4,,,,,,4.4,1,10,3,5,239
20261003-214253,P3 Sword,256.5,293.4,36.9,1,1.5,66.8,53.9,12.9,0,fresh,9,0,,,,,80629@0.0 > Echoing Blade@4.5 > Slice Through Reality@9.9 > Excision Extremis@15.4 > Probability Distribution@23.3 > Division Eternal@25.4,,,,,,,,,,,
20261003-215125,P2 Spear,112.7,151.3,38.6,1,1.8,59.6,42.8,16.8,0,fresh,1,0,,,,,80629@0.0 > Cosmic Charge@4.5 > Worldpiercer@12.4 > Raging Storm@19.8 > Thousand Strikes@27.3 > Probability Distribution@33.3,,,,,,4.5,1,5,5,4,235
20261003-215125,P3 Sword,259.4,297.1,37.7,1,1.2,64.0,58.8,5.2,0,fresh,7,0,,,,,80629@0.0 > Echoing Blade@4.5 > Slice Through Reality@10.0 > Excision Extremis@15.5 > Probability Distribution@23.0 > Division Eternal@25.2,,,,,,,,,,,
20261003-220139,P2 Spear,109.6,137.9,28.3,1,1.2,52.7,33.2,19.5,0,fresh,8,0,,,,,Cosmic Charge@0.0 > 80629@7.8 > Worldpiercer@12.3 > Raging Storm@18.4 > Thousand Strikes@27.5 > Probability Distribution@33.5,,,,,,45.3,0,,0,6,343
20261003-220139,P3 Sword,257.6,290.3,32.7,1,1.2,45.2,44.3,0.9,0,fresh,5,1,,,,,80629@0.0 > Echoing Blade@4.4 > Slice Through Reality@9.8 > Excision Extremis@15.2 > Probability Distribution@23.0 > Division Eternal@25.2,,,,,,,,,,,
20261003-221232,P2 Spear,108.6,148.8,40.2,1,1.1,46.6,44.6,2.0,0,fresh,3,0,,,,,80629@0.0 > Cosmic Charge@4.5 > Worldpiercer@12.4 > Raging Storm@18.4 > Thousand Strikes@27.1 > Probability Distribution@33.2,,,,,,4.5,1,27,27,7,272
20261003-221232,P3 Sword,261.5,301.4,39.9,1,1.3,64.2,58.7,5.5,1,fresh,1,0,,,,,80629@0.0 > Echoing Blade@4.5 > Slice Through Reality@9.9 > Excision Extremis@15.3 > Probability Distribution@23.1 > Division Eternal@25.1,,,,,,,,,,,
20261003-222355,P2 Spear,112.0,140.8,28.8,1,1.6,38.9,32.9,6.0,0,fresh,7,0,,,,,Cosmic Charge@0.0 > 80629@7.9 > Worldpiercer@12.4 > Raging Storm@20.1 > Thousand Strikes@27.5 > Probability Distribution@33.6,,,,,,46.3,1,3,0,2,198
20261003-222355,P3 Sword,255.8,305.1,49.3,1,56.4,21.7,3.6,18.1,0,carried,10,,,,,,80629@0.0 > Echoing Blade@4.5 > Slice Through Reality@10.0 > Excision Extremis@15.4 > Probability Distribution@23.5 > Division Eternal@25.6,,,,,,,,,,,
20261003-231557,P2 Spear,106.8,135.0,28.2,1,1.7,38.8,31.0,7.8,0,fresh,4,0,,,,,Cosmic Charge@0.0 > 80629@7.9 > Worldpiercer@12.4 > Raging Storm@19.8 > Thousand Strikes@27.3 > Probability Distribution@33.4,,,,,,46.5,1,0,0,3,269
20261003-232004,P2 Spear,110.0,140.8,30.8,1,1.6,44.3,27.8,16.6,0,fresh,5,0,,,,,Cosmic Charge@0.0 > 80629@7.9 > Worldpiercer@12.4 > Raging Storm@19.8 > Thousand Strikes@27.2 > Probability Distribution@33.2,,,,,,46.0,1,0,0,1,206
20261003-232757,P2 Spear,105.2,150.8,45.6,1,1.2,46.4,29.2,17.2,0,fresh,10,0,,,,,80629@0.0 > Cosmic Charge@4.5 > Worldpiercer@12.3 > Raging Storm@18.4 > Thousand Strikes@27.1 > Probability Distribution@33.2,,,,,,4.5,1,0,0,3,265
20261003-233303,P2 Spear,106.1,147.2,41.1,1,1.6,18.5,17.1,1.4,0,fresh,6,0,,,,,80629@0.0 > Cosmic Charge@4.4 > Worldpiercer@12.4 > Raging Storm@19.8 > Thousand Strikes@27.3 > Probability Distribution@33.3,,,,,,4.4,1,0,0,10,1017
20261003-234425,P2 Spear,111.2,151.3,40.1,1,1.1,46.4,30.4,16.0,0,fresh,7,1,,,,,80629@0.0 > Cosmic Charge@4.4 > Worldpiercer@12.3 > Raging Storm@18.4 > Thousand Strikes@27.5 > Probability Distribution@33.6,,,,,,4.4,1,0,0,8,429
20261003-234425,P3 Sword,262.7,318.1,55.4,1,1.7,64.0,45.3,18.8,0,fresh,3,0,,,,,80629@0.0 > Echoing Blade@4.5 > Slice Through Reality@10.0 > Excision Extremis@15.4 > Probability Distribution@23.2 > Division Eternal@25.3,,,,,,,,,,,
20261003-235149,P2 Spear,110.7,152.7,42.0,1,1.3,46.4,42.4,4.0,0,fresh,2,0,,,,,80629@0.0 > Cosmic Charge@4.5 > Worldpiercer@12.4 > Raging Storm@18.4 > Thousand Strikes@27.1 > Probability Distribution@33.1,,,,,,4.5,1,13,13,7,230
20261003-235149,P3 Sword,261.7,297.1,35.4,1,1.6,,26.5,,,fresh,3,0,,,,,80629@0.0 > Echoing Blade@4.4 > Slice Through Reality@9.9 > Excision Extremis@15.3 > Probability Distribution@23.2 > Division Eternal@25.2,,,,,,,,,,,
20261003-235615,P2 Spear,106.0,143.3,37.3,1,1.2,26.0,15.4,10.6,0,fresh,3,0,,,,,80629@0.0 > Cosmic Charge@4.5 > Worldpiercer@12.4 > Raging Storm@18.5 > Thousand Strikes@27.2 > Probability Distribution@33.2,,,,,,4.5,1,0,0,9,374
20261004-000409,P2 Spear,109.6,138.0,28.4,1,1.6,38.7,35.6,3.1,0,fresh,6,0,,,,,80629@0.0 > Cosmic Charge@4.5 > Worldpiercer@12.4 > Raging Storm@19.8 > Thousand Strikes@27.3 > Probability Distribution@33.4,,,,,,4.5,1,1,1,6,321
20261004-000409,P3 Sword,245.6,290.9,45.4,1,48.1,21.7,11.9,9.8,0,carried,7,,,,,,80629@0.0 > Echoing Blade@4.5 > Slice Through Reality@10.0 > Excision Extremis@15.4 > Probability Distribution@22.8 > Division Eternal@24.9,,,,,,,,,,,
20261004-001305,P2 Spear,107.5,139.6,32.1,1,1.4,52.3,41.9,10.4,0,fresh,7,1,,,,,Cosmic Charge@0.0 > 80629@7.9 > Worldpiercer@12.4 > Raging Storm@18.4 > Thousand Strikes@27.1 > Probability Distribution@33.2,,,,,,45.4,0,,0,9,374
20261004-001305,P3 Sword,261.5,311.6,50.2,1,1.6,64.1,58.4,5.7,0,fresh,10,0,,,,,80629@0.0 > Echoing Blade@4.4 > Slice Through Reality@9.9 > Excision Extremis@15.4 > Probability Distribution@23.1 > Division Eternal@25.2,,,,,,,,,,,
20261004-124516,P2 Spear,133.1,173.2,40.2,1,40.7,,19.3,,,carried,2,,,,,,80629@0.0 > Cosmic Charge@4.4 > Worldpiercer@12.4 > Raging Storm@19.9 > Thousand Strikes@27.3 > Probability Distribution@33.4,1.4,3,10,1,1,4.4,1,0,0,8,309
20261004-124952,P2 Spear,119.2,166.2,47.1,1,1.6,,55.9,,,fresh,2,0,,,,,Judgment of Eternity@0.0 > Cosmic Charge@4.5 > Worldpiercer@12.4 > Raging Storm@20.1 > Thousand Strikes@27.6 > Probability Distribution@33.6,1.4,3,10,1,1,4.5,1,0,0,8,316
20261004-125415,P2 Spear,124.0,164.7,40.7,1,1.6,,30.7,,,fresh,5,0,,,,,Judgment of Eternity@0.0 > Cosmic Charge@4.5 > Worldpiercer@12.4 > Raging Storm@20.2 > Thousand Strikes@27.7 > Probability Distribution@33.8,1.4,3,10,1,1,4.5,1,2,2,3,230
20261004-130036,P2 Spear,123.0,168.4,45.4,1,53.3,25.9,6.7,19.2,0,carried,10,,,,,,Judgment of Eternity@0.0 > Cosmic Charge@4.5 > Worldpiercer@12.4 > Raging Storm@18.5 > Thousand Strikes@27.4 > Probability Distribution@33.5,1.4,3,10,1,1,4.5,1,0,0,9,303
20261004-130836,P2 Spear,121.7,164.0,42.2,1,52.1,26.1,7.9,18.2,0,carried,1,,56.0,1,3,10,Judgment of Eternity@0.0 > Cosmic Charge@4.5 > Worldpiercer@12.4 > Raging Storm@18.6 > Thousand Strikes@27.6 > Probability Distribution@33.7,1.4,3,10,1,1,4.5,1,0,0,1,219
20261004-131253,P2 Spear,122.1,150.4,28.3,1,1.4,67.1,58.6,8.5,0,fresh,1,1,,,,,Judgment of Eternity@0.0 > Cosmic Charge@4.5 > Worldpiercer@12.4 > Raging Storm@18.6 > Thousand Strikes@27.4 > Probability Distribution@33.5,,,,,,4.5,1,1,1,5,199
20261004-132338,P2 Spear,121.3,152.2,30.9,1,0.2,67.3,59.8,7.5,1,fresh,9,0,,,,,Judgment of Eternity@0.0 > Cosmic Charge@4.5 > Worldpiercer@12.4 > Raging Storm@18.5 > Thousand Strikes@27.6 > Probability Distribution@33.6,,,,,,4.5,1,0,0,9,357
20261004-132338,P3 Sword,275.3,317.7,42.4,1,1.4,42.0,36.8,5.1,0,fresh,1,0,,,,,Judgment of Eternity@0.0 > Echoing Blade@4.5 > 80585@9.9 > Excision Extremis@15.3 > Probability Distribution@23.2 > Division Eternal@25.2,,,,,,,,,,,
20261004-133634,P2 Spear,122.3,163.0,40.7,1,1.3,66.9,58.7,8.2,0,fresh,3,0,,,,,Judgment of Eternity@0.0 > Cosmic Charge@4.4 > Worldpiercer@12.4 > Raging Storm@18.4 > Thousand Strikes@27.4 > Probability Distribution@33.4,,,,,,4.4,1,0,0,5,237
20261004-133634,P3 Sword,297.3,334.5,37.1,1,1.1,42.0,36.0,5.9,0,fresh,7,0,,,,,Judgment of Eternity@0.0 > Echoing Blade@4.4 > Slice Through Reality@9.9 > Excision Extremis@15.4 > Probability Distribution@23.4 > Division Eternal@25.5,,,,,,,,,,,
20261004-134153,P2 Spear,132.2,168.4,36.3,1,1.6,18.6,10.6,8.0,0,fresh,4,0,,,,,Judgment of Eternity@0.0 > Cosmic Charge@4.5 > Worldpiercer@12.4 > Raging Storm@20.3 > Thousand Strikes@27.7 > Probability Distribution@33.8,,,,,,4.5,1,0,0,3,243
20261004-152618,P2 Spear,124.9,154.1,29.2,1,1.3,67.0,58.7,8.3,0,fresh,4,0,56.0,1,3,10,80629@0.0 > Cosmic Charge@4.4 > Worldpiercer@12.3 > Raging Storm@18.5 > Thousand Strikes@27.5 > Probability Distribution@33.6,1.4,3,10,1,1,4.4,1,0,0,5,295
20261004-154121,P2 Spear,128.0,167.1,39.1,1,1.6,59.0,58.4,0.6,0,fresh,5,0,55.9,1,3,10,Judgment of Eternity@0.0 > Cosmic Charge@4.5 > Worldpiercer@12.3 > Raging Storm@19.6 > Thousand Strikes@27.1 > Probability Distribution@33.1,1.4,3,10,1,1,4.5,1,0,0,10,506
20261004-154121,P3 Sword,306.0,337.3,31.4,1,1.4,64.2,58.6,5.6,0,fresh,5,0,48.5,1,3,10,Judgment of Eternity@0.0 > Echoing Blade@4.5 > Slice Through Reality@9.9 > Excision Extremis@15.3 > Probability Distribution@23.3 > Division Eternal@25.4,1.4,3,10,1,1,,,,,,
20261004-155218,P2 Spear,121.9,160.9,39.0,1,1.4,67.1,58.6,8.6,0,fresh,4,0,56.2,1,3,10,Judgment of Eternity@0.0 > Cosmic Charge@4.5 > Worldpiercer@12.3 > Raging Storm@18.4 > Thousand Strikes@27.1 > Probability Distribution@33.2,1.4,3,10,1,1,4.5,1,0,0,9,446
20261004-155218,P3 Sword,279.9,324.8,44.9,1,1.5,41.7,34.6,7.1,0,fresh,9,0,48.1,1,3,10,Judgment of Eternity@0.0 > Echoing Blade@4.5 > Slice Through Reality@9.9 > Excision Extremis@15.4 > Probability Distribution@23.4 > Division Eternal@25.5,1.4,3,10,1,1,,,,,,
20261004-160448,P2 Spear,121.1,156.9,35.7,1,1.3,67.3,58.7,8.6,0,fresh,3,0,56.2,1,3,10,Judgment of Eternity@0.0 > Cosmic Charge@4.5 > Worldpiercer@12.3 > Raging Storm@18.5 > Thousand Strikes@27.1 > Probability Distribution@33.2,1.4,3,10,1,1,4.5,1,0,0,1,201
20261004-160448,P3 Sword,278.1,314.1,36.0,1,1.7,41.9,29.6,12.2,0,fresh,9,0,48.1,1,2,8,Judgment of Eternity@0.0 > Echoing Blade@4.5 > Slice Through Reality@9.9 > Excision Extremis@15.4 > Probability Distribution@22.9 > Division Eternal@24.9,1.4,3,10,1,1,,,,,,
20261004-161448,P2 Spear,119.7,153.4,33.8,1,1.3,67.4,58.7,8.7,0,fresh,4,0,56.4,1,3,10,Judgment of Eternity@0.0 > Cosmic Charge@4.4 > Worldpiercer@12.4 > Raging Storm@18.5 > Thousand Strikes@27.2 > Probability Distribution@33.2,1.4,3,10,1,1,4.4,1,3,3,4,243
20261004-161448,P3 Sword,274.0,310.7,36.7,1,1.2,63.6,58.8,4.7,0,fresh,9,0,48.4,1,3,10,Judgment of Eternity@0.0 > Echoing Blade@4.5 > Slice Through Reality@10.0 > Excision Extremis@15.4 > Probability Distribution@23.3 > Division Eternal@25.4,1.4,3,10,1,1,,,,,,
20261004-161912,P2 Spear,119.8,149.8,30.0,1,1.7,18.5,9.7,8.8,0,fresh,8,0,,,,,Judgment of Eternity@0.0 > Cosmic Charge@4.4 > Worldpiercer@12.4 > Raging Storm@20.2 > Thousand Strikes@27.6,1.4,3,10,1,1,4.4,1,0,0,10,422
20261004-162419,P2 Spear,116.5,147.7,31.2,1,1.5,67.5,58.5,9.0,0,fresh,3,0,56.5,1,3,10,Judgment of Eternity@0.0 > Cosmic Charge@4.5 > Worldpiercer@12.3 > Raging Storm@18.4 > Thousand Strikes@27.3 > Probability Distribution@33.4,1.4,3,10,1,1,4.5,1,0,0,10,442
20261004-163454,P2 Spear,120.9,154.4,33.5,1,1.7,59.0,58.3,0.6,0,fresh,8,1,55.8,1,3,10,Judgment of Eternity@0.0 > Cosmic Charge@4.4 > Worldpiercer@12.3 > Raging Storm@20.2 > Thousand Strikes@27.7 > Probability Distribution@33.8,1.4,3,10,1,1,4.4,1,2,2,10,390
20261004-163454,P3 Sword,272.9,311.4,38.5,1,1.3,66.8,58.7,8.1,0,fresh,4,1,48.3,1,3,10,Judgment of Eternity@0.0 > Echoing Blade@4.4 > Slice Through Reality@9.9 > Excision Extremis@15.3 > Probability Distribution@23.3 > Division Eternal@25.4,1.4,3,10,1,1,,,,,,
20261004-164733,P2 Spear,123.7,162.6,38.9,1,1.7,59.6,58.3,1.3,0,fresh,7,0,56.4,1,3,10,Judgment of Eternity@0.0 > Cosmic Charge@4.5 > Worldpiercer@12.3 > Raging Storm@20.2 > Thousand Strikes@27.6 > Probability Distribution@33.7,1.4,3,10,1,1,4.5,1,1,1,10,500
20261004-165754,P2 Spear,117.9,155.6,37.8,1,1.8,59.3,58.2,1.1,0,fresh,10,0,56.1,1,3,10,Judgment of Eternity@0.0 > Cosmic Charge@4.4 > Worldpiercer@12.3 > Raging Storm@20.2 > Thousand Strikes@27.6 > Probability Distribution@33.7,1.4,3,10,1,1,4.4,1,0,0,2,224
20261004-165754,P3 Sword,275.9,311.5,35.6,1,1.3,42.5,27.3,15.2,0,fresh,9,0,48.8,1,3,10,Judgment of Eternity@0.0 > Echoing Blade@4.4 > Slice Through Reality@9.9 > Excision Extremis@15.3 > Probability Distribution@22.8 > Division Eternal@24.9,1.4,3,10,1,1,,,,,,
20261004-222846,P2 Spear,114.0,144.3,30.3,1,1.1,67.1,58.9,8.2,0,fresh,2,1,56.1,1,3,10,Judgment of Eternity@0.0 > Cosmic Charge@4.4 > Worldpiercer@12.3 > Raging Storm@18.4 > Thousand Strikes@27.4 > Probability Distribution@33.4,1.4,3,10,1,1,4.4,1,0,0,3,190
20261004-223752,P2 Spear,106.4,135.3,29.0,1,1.3,77.7,58.7,19.0,0,fresh,7,0,54.8,1,3,10,Cosmic Charge@0.0 > Judgment of Eternity@7.9 > Worldpiercer@12.4 > Raging Storm@18.6 > Thousand Strikes@27.3 > Probability Distribution@33.4,9.2,3,10,1,1,45.0,1,0,0,3,277
20261004-223752,P3 Sword,249.2,288.6,39.4,1,1.7,63.9,58.2,5.7,1,fresh,9,0,48.6,1,3,10,Judgment of Eternity@0.0 > Echoing Blade@4.5 > Slice Through Reality@9.8 > Excision Extremis@15.3 > Probability Distribution@23.3 > Division Eternal@25.4,1.4,3,10,1,1,,,,,,
20261004-225506,P2 Spear,114.0,141.0,27.0,1,1.7,67.5,58.3,9.2,0,fresh,10,0,56.5,1,3,10,Judgment of Eternity@0.0 > Cosmic Charge@4.5 > Worldpiercer@12.4 > Raging Storm@19.9 > Thousand Strikes@27.3 > Probability Distribution@33.3,1.4,3,10,1,1,4.5,1,0,0,9,291
20261004-230214,P2 Spear,109.2,134.4,25.2,1,1.6,58.6,58.3,0.2,0,fresh,10,0,55.5,1,3,10,Cosmic Charge@0.0 > Judgment of Eternity@7.9 > Worldpiercer@12.4 > Raging Storm@20.0 > Thousand Strikes@27.4 > Probability Distribution@33.5,9.3,3,10,1,1,46.2,1,0,0,8,187
20261004-230927,P2 Spear,111.6,140.1,28.5,1,1.4,77.2,58.6,18.6,0,fresh,10,0,54.5,1,3,10,Cosmic Charge@0.0 > Judgment of Eternity@7.9 > Worldpiercer@12.4 > Raging Storm@18.6 > Thousand Strikes@27.5 > Probability Distribution@33.6,9.2,3,10,1,1,45.1,1,0,0,7,310
20261004-230927,P3 Sword,250.7,287.4,36.7,1,1.8,42.1,35.0,7.1,0,fresh,1,0,48.4,1,3,10,Judgment of Eternity@0.0 > Echoing Blade@4.5 > Slice Through Reality@9.9 > Excision Extremis@15.3 > Probability Distribution@22.9 > Division Eternal@25.0,1.4,3,10,1,1,,,,,,
20261004-233405,P2 Spear,126.9,156.9,30.0,1,1.3,66.0,58.7,7.3,1,fresh,7,0,55.9,1,2,8,Judgment of Eternity@0.0 > Cosmic Charge@4.5 > Worldpiercer@12.4 > Raging Storm@18.5 > Thousand Strikes@27.3 > Probability Distribution@33.4,1.4,3,10,1,1,4.5,1,0,0,10,407
20261004-233405,P3 Sword,276.0,316.1,40.1,1,1.2,64.3,58.7,5.6,0,fresh,8,0,48.6,1,3,10,Judgment of Eternity@0.0 > Echoing Blade@4.5 > Slice Through Reality@10.0 > Excision Extremis@15.4 > Probability Distribution@23.2 > Division Eternal@25.3,1.3,3,10,1,1,,,,,,
20261004-233811,P2 Spear,113.8,145.1,31.3,1,1.4,67.2,58.6,8.6,0,fresh,7,0,56.2,1,3,10,Judgment of Eternity@0.0 > Cosmic Charge@4.5 > Worldpiercer@12.4 > Raging Storm@18.4 > Thousand Strikes@27.5 > Probability Distribution@33.5,1.4,3,10,1,1,4.5,1,0,0,7,264
20261004-234835,P2 Spear,113.7,142.5,28.7,1,1.7,59.7,58.3,1.4,0,fresh,6,0,56.6,1,3,10,Judgment of Eternity@0.0 > Cosmic Charge@4.5 > Worldpiercer@12.4 > Raging Storm@19.9 > Thousand Strikes@27.4 > Probability Distribution@33.4,1.4,3,10,1,1,4.5,1,0,0,10,490
20261004-234835,P3 Sword,278.4,320.2,41.8,1,48.8,21.6,11.2,10.4,0,carried,9,,48.0,1,3,10,Judgment of Eternity@0.0 > Echoing Blade@4.5 > Slice Through Reality@9.9 > Excision Extremis@15.4 > Probability Distribution@23.2 > Division Eternal@25.3,1.4,3,9,1,1,,,,,,
20261004-235311,P2 Spear,112.1,142.7,30.6,1,1.3,73.7,58.7,15.0,0,fresh,3,0,56.2,1,3,10,Judgment of Eternity@0.0 > Cosmic Charge@4.5 > Worldpiercer@12.4 > Raging Storm@18.6 > Thousand Strikes@27.6 > Probability Distribution@33.6,1.4,3,10,1,1,4.5,1,0,0,7,283
20261004-235715,P2 Spear,109.9,142.0,32.1,1,1.8,65.6,58.2,7.3,1,fresh,6,1,55.9,1,3,10,Judgment of Eternity@0.0 > Cosmic Charge@4.4 > Worldpiercer@12.3 > Raging Storm@19.8 > Thousand Strikes@27.1 > Probability Distribution@33.2,1.4,3,10,1,1,4.4,1,0,0,8,360
20261005-000228,P2 Spear,118.1,146.4,28.4,1,1.7,38.8,31.5,7.3,0,fresh,7,0,,,,,Judgment of Eternity@0.0 > Cosmic Charge@4.5 > Worldpiercer@12.3 > Raging Storm@20.2 > Thousand Strikes@27.7 > Probability Distribution@33.7,1.4,3,10,1,1,4.5,1,0,0,8,428
20261005-000602,P2 Spear,115.8,143.5,27.8,1,1.4,,31.2,,,fresh,10,0,,,,,Judgment of Eternity@0.0 > Cosmic Charge@4.5 > Worldpiercer@12.4 > Raging Storm@18.5 > Thousand Strikes@27.6 > Probability Distribution@33.8,1.4,3,10,1,1,4.5,1,0,0,10,368
20261005-001631,P2 Spear,119.0,153.0,34.0,1,1.2,66.6,58.8,7.8,0,fresh,8,1,56.5,1,3,10,Judgment of Eternity@0.0 > Cosmic Charge@4.5 > Worldpiercer@12.4 > Raging Storm@18.6 > Thousand Strikes@27.5 > Probability Distribution@33.6,1.4,3,10,1,1,4.5,1,1,1,8,423
20261005-001631,P3 Sword,271.0,310.7,39.6,1,41.8,21.6,18.2,3.4,0,carried,2,,48.8,0,3,9,Judgment of Eternity@0.0 > Echoing Blade@4.5 > Slice Through Reality@9.9 > Excision Extremis@15.3 > Probability Distribution@22.9 > Division Eternal@25.0,1.4,3,10,1,1,,,,,,
20261005-002209,P2 Spear,116.0,142.7,26.8,1,1.4,,40.4,,,fresh,8,0,,,,,Judgment of Eternity@0.0 > Cosmic Charge@4.4 > Worldpiercer@12.4 > Raging Storm@18.5 > Thousand Strikes@27.7 > Probability Distribution@33.7,1.4,3,10,1,1,4.4,1,0,0,6,242
20261005-143933,P2 Spear,110.8,149.4,38.6,1,0.2,67.6,59.8,7.7,0,fresh,2,0,56.6,1,3,10,Judgment of Eternity@0.0 > Cosmic Charge@4.5 > Worldpiercer@12.4 > Raging Storm@18.5 > Thousand Strikes@27.6 > Probability Distribution@33.6,1.4,3,10,1,1,4.5,1,18,8,3,298
20261005-143933,P3 Sword,265.8,322.7,56.9,1,1.3,63.8,58.7,5.1,0,fresh,8,0,48.6,1,3,10,Judgment of Eternity@0.0 > Echoing Blade@4.4 > Slice Through Reality@9.8 > Excision Extremis@15.3 > Probability Distribution@22.9 > Division Eternal@25.0,1.4,3,10,1,1,,,,,,
20261005-144817,P2 Spear,110.7,155.6,44.9,1,1.4,67.1,58.6,8.5,1,fresh,6,0,56.0,1,3,10,Judgment of Eternity@0.0 > Cosmic Charge@4.5 > Worldpiercer@12.4 > Raging Storm@18.4 > Thousand Strikes@27.4 > Probability Distribution@33.6,1.4,3,10,1,1,4.5,1,0,0,8,603
20261005-145748,P2 Spear,110.9,154.8,43.9,1,1.5,67.4,58.5,8.8,0,fresh,4,1,56.3,1,3,10,Judgment of Eternity@0.0 > Cosmic Charge@4.5 > Worldpiercer@12.4 > Raging Storm@18.5 > Thousand Strikes@27.2 > Probability Distribution@33.3,1.4,3,10,1,1,4.5,1,10,10,10,555
20261005-145748,P3 Sword,265.9,303.2,37.3,1,0.1,41.9,31.2,10.7,0,fresh,3,0,48.7,1,3,10,Judgment of Eternity@0.0 > Echoing Blade@4.5 > Slice Through Reality@10.0 > Excision Extremis@15.4 > Probability Distribution@23.2 > Division Eternal@25.4,1.4,3,10,1,1,,,,,,
20261005-202019,P2 Spear,102.9,141.0,38.0,1,1.6,,58.4,,,fresh,9,0,55.6,1,3,10,Cosmic Charge@0.0 > Judgment of Eternity@7.9 > Worldpiercer@12.3 > Raging Storm@18.4 > Thousand Strikes@27.2 > Probability Distribution@33.3,9.2,3,10,1,1,45.6,1,1,0,7,301
20261005-202432,P2 Spear,109.0,145.8,36.8,1,1.4,67.0,58.6,8.5,0,fresh,9,1,56.0,1,3,10,Judgment of Eternity@0.0 > Cosmic Charge@4.5 > Worldpiercer@12.4 > Raging Storm@18.5 > Thousand Strikes@27.2 > Probability Distribution@33.3,1.4,3,10,1,1,4.5,1,0,0,8,350
20261005-203610,P2 Spear,105.4,133.6,28.2,1,1.2,77.9,58.8,19.1,0,fresh,3,0,55.0,1,3,10,Cosmic Charge@0.0 > Judgment of Eternity@7.9 > Worldpiercer@12.4 > Raging Storm@18.6 > Thousand Strikes@27.2 > Probability Distribution@33.3,9.2,3,10,1,1,45.4,1,0,0,1,205
20261005-203610,P3 Sword,232.7,271.2,38.4,1,59.6,21.6,0.4,21.3,0,carried,7,,,,,,Judgment of Eternity@0.0 > Echoing Blade@4.5 > 80585@10.0 > Excision Extremis@15.4 > Probability Distribution@23.4 > 80483@25.6,1.4,3,10,0,0,,,,,,
20261005-204310,P2 Spear,105.1,132.9,27.8,1,1.2,76.5,58.8,17.7,0,fresh,9,0,15.3,1,3,10,Cosmic Charge@0.0 > Worldpiercer@7.9 > Judgment of Eternity@14.0 > Thousand Strikes@18.4 > Raging Storm@25.8 > Thousand Strikes@33.2,15.3,3,10,1,1,51.6,1,7,1,4,288
20261005-204310,P3 Sword,237.8,273.6,35.9,1,1.5,,27.0,,,fresh,7,0,,,,,Judgment of Eternity@0.0 > Echoing Blade@4.5 > Slice Through Reality@9.9 > Excision Extremis@15.3 > Probability Distribution@23.0 > Division Eternal@25.0,1.4,3,10,1,1,,,,,,
20261005-205200,P2 Spear,103.0,129.9,26.9,1,59.7,24.5,0.3,24.2,0,carried,6,,15.5,0,3,10,Cosmic Charge@0.0 > Worldpiercer@7.9 > Judgment of Eternity@14.0 > Thousand Strikes@18.5 > Raging Storm@26.2 > Thousand Strikes@33.6,15.5,3,10,0,0,51.6,1,0,0,9,435
20261005-205200,P3 Sword,231.0,266.6,35.6,1,39.6,21.6,20.4,1.2,0,carried,6,,48.2,1,3,10,Judgment of Eternity@0.0 > Echoing Blade@4.4 > Slice Through Reality@9.9 > Excision Extremis@15.4 > Probability Distribution@22.9 > Division Eternal@25.0,1.4,3,10,1,1,,,,,,
20261005-205711,P2 Spear,103.8,134.0,30.2,1,1.4,,39.6,,,fresh,4,0,,,,,Cosmic Charge@0.0 > Judgment of Eternity@7.9 > Worldpiercer@12.4 > Raging Storm@18.5 > Thousand Strikes@27.5 > Probability Distribution@33.6,9.3,3,10,1,1,,,,,,
20261005-210554,P2 Spear,104.0,132.8,28.8,1,1.4,77.0,58.6,18.4,0,fresh,10,0,15.3,1,3,10,Cosmic Charge@0.0 > Worldpiercer@7.8 > Judgment of Eternity@13.9 > Thousand Strikes@18.4 > Raging Storm@26.1 > Thousand Strikes@33.6,15.3,3,10,1,1,52.0,1,21,10,4,271
20261005-211310,P2 Spear,107.0,139.4,32.4,1,1.7,38.8,36.4,2.4,0,fresh,1,0,,,,,Cosmic Charge@0.0 > Judgment of Eternity@7.9 > Worldpiercer@12.4 > Raging Storm@20.0 > Thousand Strikes@27.4 > Probability Distribution@33.5,,,,,,,,,,,
20261005-212312,P2 Spear,105.9,136.7,30.8,1,1.2,79.3,58.8,20.5,0,fresh,9,0,56.5,1,3,10,Cosmic Charge@0.0 > Judgment of Eternity@7.8 > Worldpiercer@12.3 > Raging Storm@18.5 > Thousand Strikes@27.1 > Probability Distribution@33.2,9.2,3,10,1,1,45.6,1,16,16,1,53
20261005-212312,P3 Sword,244.9,288.3,43.4,1,1.3,64.1,58.7,5.4,0,fresh,1,0,48.3,1,3,10,Judgment of Eternity@0.0 > Echoing Blade@4.5 > Slice Through Reality@10.0 > Excision Extremis@15.4 > Probability Distribution@23.0 > Division Eternal@25.2,1.4,3,10,1,1,,,,,,
20261005-212903,P2 Spear,104.4,132.8,28.4,1,1.1,78.6,58.9,19.7,1,fresh,7,0,55.8,1,3,10,Cosmic Charge@0.0 > Judgment of Eternity@7.9 > Worldpiercer@12.4 > Raging Storm@18.4 > Thousand Strikes@27.3 > Probability Distribution@33.4,9.3,3,10,1,1,45.1,1,0,0,7,133
20261005-214922,P2 Spear,105.4,130.5,25.1,1,59.6,25.9,0.4,25.5,0,carried,5,,56.3,1,3,10,Judgment of Eternity@0.0 > Cosmic Charge@4.5 > Worldpiercer@12.4 > Raging Storm@18.5 > Thousand Strikes@27.4 > Probability Distribution@33.6,1.4,3,10,0,0,4.5,0,,0,3,151
20261005-214922,P3 Sword,240.4,274.7,34.3,1,1.8,64.0,58.2,5.7,0,fresh,6,0,49.1,1,3,10,Judgment of Eternity@0.0 > Echoing Blade@4.4 > Slice Through Reality@9.8 > Excision Extremis@15.2 > Probability Distribution@22.8 > Division Eternal@24.9,1.4,3,10,1,1,,,,,,
20261005-220403,P2 Spear,108.0,139.7,31.8,1,1.5,78.0,58.5,19.5,0,fresh,4,0,55.1,1,3,10,Cosmic Charge@0.0 > Judgment of Eternity@7.9 > Worldpiercer@12.4 > Raging Storm@18.5 > Thousand Strikes@27.3 > Probability Distribution@33.4,9.2,3,10,1,1,45.5,1,1,1,10,595
20261005-220403,P3 Sword,247.1,281.2,34.1,1,1.4,44.2,43.1,1.1,0,fresh,4,0,18.5,1,3,10,Echoing Blade@0.0 > Slice Through Reality@5.4 > Excision Extremis@10.8 > Judgment of Eternity@17.1 > Division Eternal@22.9 > Echoing Blade@26.7,18.5,3,10,1,1,,,,,,
20261005-235038,P2 Spear,117.0,151.3,34.3,1,1.3,25.8,11.7,14.1,0,fresh,2,0,,,,,Judgment of Eternity@0.0 > Cosmic Charge@4.4 > Worldpiercer@12.3 > 80810@18.4 > Thousand Strikes@27.6 > Probability Distribution@33.7,1.4,3,10,1,1,4.4,1,0,0,5,237
20261005-235537,P2 Spear,117.1,152.2,35.1,1,1.8,59.4,58.2,1.1,0,fresh,10,0,56.2,1,3,10,Judgment of Eternity@0.0 > Cosmic Charge@4.5 > Worldpiercer@12.4 > 80810@20.2 > Thousand Strikes@27.7 > Probability Distribution@33.8,1.4,3,10,1,1,4.5,1,5,5,10,415
20261005-235959,P2 Spear,121.0,156.0,35.0,1,1.6,59.4,58.4,1.1,0,fresh,7,0,,,,,Judgment of Eternity@0.0 > Cosmic Charge@4.5 > Worldpiercer@12.4 > 80810@20.1 > Thousand Strikes@27.6 > Probability Distribution@33.7,,,,,,4.5,1,6,6,10,512
20261006-000425,P2 Spear,120.1,148.0,28.0,1,1.4,25.9,11.6,14.2,0,fresh,9,0,56.0,1,3,10,Judgment of Eternity@0.0 > Cosmic Charge@4.5 > Worldpiercer@12.3 > 80810@18.4 > Thousand Strikes@27.6 > Probability Distribution@33.6,1.4,3,10,1,1,4.5,1,0,0,9,438
20261006-001214,P2 Spear,112.1,151.0,38.9,1,1.4,67.0,58.6,8.4,0,fresh,9,0,56.0,1,3,10,Judgment of Eternity@0.0 > Cosmic Charge@4.4 > Worldpiercer@12.4 > 80810@18.5 > Thousand Strikes@27.6 > Probability Distribution@33.6,1.4,3,10,1,1,4.4,1,0,0,9,349
20261006-001214,P3 Sword,269.1,312.9,43.8,1,1.2,45.4,44.2,1.2,0,fresh,7,0,48.3,1,3,9,Judgment of Eternity@0.0 > Echoing Blade@4.5 > Slice Through Reality@9.9 > Excision Extremis@15.4 > Probability Distribution@23.0 > Division Eternal@25.1,1.4,3,10,1,1,,,,,,
20261006-001643,P2 Spear,121.0,150.4,29.4,1,1.2,67.0,58.8,8.2,0,fresh,9,0,56.1,1,3,10,Judgment of Eternity@0.0 > Cosmic Charge@4.5 > Worldpiercer@12.4 > 80810@18.4 > Thousand Strikes@27.7 > Probability Distribution@33.8,1.4,3,10,1,1,4.5,1,3,3,10,503
20261006-002451,P2 Spear,115.6,155.5,40.0,1,1.8,18.5,8.4,10.2,0,fresh,4,0,56.4,1,3,10,Judgment of Eternity@0.0 > Cosmic Charge@4.5 > Worldpiercer@12.4 > 80810@19.8 > Thousand Strikes@27.2 > Probability Distribution@33.3,1.4,3,10,1,1,4.5,1,0,0,9,338
20261006-002451,P3 Sword,262.6,315.5,53.0,1,1.4,63.8,58.6,5.2,0,fresh,1,0,48.2,1,3,10,Judgment of Eternity@0.0 > Echoing Blade@4.5 > Slice Through Reality@9.9 > Excision Extremis@15.4 > Probability Distribution@23.4 > Division Eternal@25.4,1.4,3,10,1,1,,,,,,
20261006-002831,P2 Spear,115.1,147.6,32.6,1,1.3,,47.2,,,fresh,3,0,,,,,Judgment of Eternity@0.0 > Cosmic Charge@4.5 > Worldpiercer@12.4 > 80810@18.5 > Thousand Strikes@27.7 > Probability Distribution@33.8,1.4,3,10,1,1,4.5,1,0,0,9,389
20261006-004600,P2 Spear,119.5,155.1,35.6,1,1.5,25.8,11.1,14.8,0,fresh,1,0,56.0,1,3,10,Judgment of Eternity@0.0 > Cosmic Charge@4.4 > Worldpiercer@12.3 > 80810@18.4 > Thousand Strikes@27.3 > Probability Distribution@33.4,1.4,3,10,1,1,4.4,1,0,0,7,294
20261006-005515,P2 Spear,111.0,151.0,40.0,1,1.4,25.8,6.9,19.0,0,fresh,5,0,55.9,1,3,10,Judgment of Eternity@0.0 > Cosmic Charge@4.4 > Worldpiercer@12.3 > 80810@18.4 > Thousand Strikes@27.0 > Probability Distribution@33.0,1.4,3,10,1,1,4.4,1,3,3,9,309
20261006-005515,P3 Sword,260.0,303.5,43.5,1,1.8,64.4,58.2,6.2,0,fresh,10,0,48.9,1,3,10,Judgment of Eternity@0.0 > Echoing Blade@4.5 > Slice Through Reality@10.0 > Excision Extremis@15.4 > Probability Distribution@22.9 > Division Eternal@25.0,1.4,3,10,1,1,,,,,,
20261006-010653,P2 Spear,112.4,141.4,28.9,1,1.5,59.4,58.5,0.9,0,fresh,5,0,56.3,1,3,10,Judgment of Eternity@0.0 > Cosmic Charge@4.5 > Worldpiercer@12.4 > 80810@19.9 > Thousand Strikes@27.4 > Probability Distribution@33.4,1.4,3,10,1,1,4.5,1,0,0,7,297
20261006-010653,P3 Sword,256.4,314.8,58.3,1,1.4,63.8,58.6,5.2,0,fresh,6,0,48.4,1,3,10,Judgment of Eternity@0.0 > Echoing Blade@4.5 > Slice Through Reality@10.0 > Excision Extremis@15.4 > Probability Distribution@23.3 > Division Eternal@25.4,1.4,3,10,1,1,,,,,,
20261006-223141,P2 Spear,111.7,165.1,53.4,1,1.8,66.6,58.2,8.3,0,fresh,3,0,56.6,1,3,10,80629@0.0 > Cosmic Charge@4.5 > Worldpiercer@12.4 > Raging Storm@19.7 > Thousand Strikes@27.2 > Probability Distribution@33.2,1.4,3,10,1,1,4.5,1,2,2,2,143
20261006-223141,P3 Sword,275.7,323.1,47.4,1,1.1,63.8,58.9,5.0,0,fresh,10,1,48.0,1,3,10,80629@0.0 > Echoing Blade@4.4 > Slice Through Reality@9.8 > Excision Extremis@15.3 > Probability Distribution@22.9 > Division Eternal@25.0,1.4,3,10,1,1,,,,,,
20261006-223918,P2 Spear,115.8,158.1,42.2,1,1.3,67.2,58.7,8.4,0,fresh,8,0,56.2,1,3,10,80629@0.0 > Cosmic Charge@4.4 > Worldpiercer@12.3 > Raging Storm@18.4 > Thousand Strikes@27.2 > Probability Distribution@33.4,1.4,3,10,1,1,4.4,1,0,0,10,340
20261006-224336,P2 Spear,114.3,148.0,33.7,1,1.2,67.3,58.8,8.5,1,fresh,7,0,56.3,1,3,10,80629@0.0 > Cosmic Charge@4.4 > Worldpiercer@12.3 > Raging Storm@18.4 > Thousand Strikes@27.4 > Probability Distribution@33.5,1.4,3,10,1,1,4.4,1,3,3,2,216
20261006-225342,P2 Spear,109.2,154.4,45.2,1,1.7,59.2,58.3,0.9,0,fresh,9,0,56.1,1,3,10,80629@0.0 > Cosmic Charge@4.5 > Worldpiercer@12.4 > Raging Storm@20.1 > Thousand Strikes@27.5 > Probability Distribution@33.6,1.4,3,10,1,1,4.5,1,0,0,10,371
20261006-225342,P3 Sword,274.2,318.9,44.8,1,59.9,21.6,0.1,21.5,0,carried,8,,48.6,1,3,10,80629@0.0 > Echoing Blade@4.5 > Slice Through Reality@9.9 > Excision Extremis@15.4 > Probability Distribution@23.4 > Division Eternal@25.5,1.4,3,10,0,0,,,,,,
20261006-230725,P2 Spear,110.4,141.8,31.4,1,1.6,59.0,58.4,0.7,0,fresh,10,0,56.0,1,3,10,80629@0.0 > Cosmic Charge@4.4 > Worldpiercer@12.3 > Raging Storm@20.0 > Thousand Strikes@27.4 > Probability Distribution@33.5,1.4,3,10,1,1,4.4,1,0,0,9,354
20261006-230725,P3 Sword,254.4,290.7,36.2,1,1.3,66.9,58.7,8.2,0,fresh,5,0,48.4,1,3,10,80629@0.0 > Echoing Blade@4.5 > Slice Through Reality@10.0 > Excision Extremis@15.4 > Probability Distribution@23.4 > Division Eternal@25.6,1.4,3,10,1,1,,,,,,
20261006-232143,P2 Spear,111.3,157.5,46.2,1,1.5,74.0,58.5,15.5,0,fresh,4,0,56.1,1,3,10,80629@0.0 > Cosmic Charge@4.4 > Worldpiercer@12.3 > Raging Storm@18.4 > Thousand Strikes@27.0 > Probability Distribution@33.0,1.4,3,10,1,1,4.4,1,2,2,10,354
20261006-232143,P3 Sword,269.3,310.7,41.4,1,1.2,63.8,58.8,5.0,0,fresh,7,0,48.6,1,3,10,80629@0.0 > Echoing Blade@4.5 > Slice Through Reality@9.9 > Excision Extremis@15.4 > Probability Distribution@23.0 > Division Eternal@25.1,1.4,3,10,1,1,,,,,,
20261006-233212,P2 Spear,119.0,168.3,49.3,1,1.6,59.5,58.4,1.1,0,fresh,1,0,56.4,1,3,10,80629@0.0 > Cosmic Charge@4.5 > Worldpiercer@12.4 > Raging Storm@19.9 > Thousand Strikes@27.3 > Probability Distribution@33.4,1.4,3,10,1,1,4.5,1,0,0,2,117
20261006-234145,P2 Spear,113.5,160.6,47.2,1,1.4,67.2,58.6,8.6,0,fresh,7,1,56.2,1,3,10,80629@0.0 > Cosmic Charge@4.4 > Worldpiercer@12.3 > Raging Storm@18.4 > Thousand Strikes@27.0 > Probability Distribution@33.1,1.4,3,10,1,1,4.4,1,0,0,8,297
20261006-234919,P2 Spear,113.2,153.2,40.0,1,1.7,59.4,58.3,1.1,0,fresh,6,0,56.2,1,3,10,80629@0.0 > Cosmic Charge@4.4 > Worldpiercer@12.3 > Raging Storm@20.2 > Thousand Strikes@27.6 > Probability Distribution@33.6,1.4,3,10,1,1,4.4,1,3,3,10,660
20261006-234919,P3 Sword,280.2,333.5,53.3,1,0.2,64.1,59.8,4.3,0,fresh,10,0,48.6,1,3,10,80629@0.0 > Echoing Blade@4.5 > Slice Through Reality@10.0 > Excision Extremis@15.4 > Probability Distribution@23.4 > Division Eternal@25.5,1.4,3,10,1,1,,,,,,