log,source,url,phase,seconds
014037-fixed_dpsreport,EI,https://dps.report/MsKX-20260930-014037-fixed_boss,Staff Phase,118.5
014037-fixed_dpsreport,EI,https://dps.report/MsKX-20260930-014037-fixed_boss,Split 1,16.7
014037-fixed_dpsreport,EI,https://dps.report/MsKX-20260930-014037-fixed_boss,Spear Phase,126.3
014037-fixed_dpsreport,EI,https://dps.report/MsKX-20260930-014037-fixed_boss,Split 2,24.2
014037-fixed_dpsreport,EI,https://dps.report/MsKX-20260930-014037-fixed_boss,Sword Phase,153.2
014037-fixed_dpsreport,EI,https://dps.report/MsKX-20260930-014037-fixed_boss,Split 3,43.2
014037-fixed_dpsreport,EI,https://dps.report/MsKX-20260930-014037-fixed_boss,Final Form Phase,65.7
014037-fixed_dpsreport,EI,https://dps.report/MsKX-20260930-014037-fixed_boss,Full fight (kill),547.7
050224_dpsreport,EI,https://dps.report/oOYc-20260930-050224_boss,Staff Phase,126.4
050224_dpsreport,EI,https://dps.report/oOYc-20260930-050224_boss,Split 1,18.5
050224_dpsreport,EI,https://dps.report/oOYc-20260930-050224_boss,Spear Phase,122.9
050224_dpsreport,EI,https://dps.report/oOYc-20260930-050224_boss,Split 2,18.6
050224_dpsreport,EI,https://dps.report/oOYc-20260930-050224_boss,Sword Phase,183.1
050224_dpsreport,EI,https://dps.report/oOYc-20260930-050224_boss,Split 3,32.8
050224_dpsreport,EI,https://dps.report/oOYc-20260930-050224_boss,Final Form Phase,50.7
050224_dpsreport,EI,https://dps.report/oOYc-20260930-050224_boss,Full fight (kill),553
20261002-005256_dpsreport,EI,https://b.dps.report/ST7h-20261002-005256_boss,Staff Phase,121.4
20261002-005256_dpsreport,EI,https://b.dps.report/ST7h-20261002-005256_boss,Split 1,15.2
20261002-005256_dpsreport,EI,https://b.dps.report/ST7h-20261002-005256_boss,Spear Phase,135.2
20261002-005256_dpsreport,EI,https://b.dps.report/ST7h-20261002-005256_boss,Split 2,29.7
20261002-005256_dpsreport,EI,https://b.dps.report/ST7h-20261002-005256_boss,Sword Phase,210.3
20261002-005256_dpsreport,EI,https://b.dps.report/ST7h-20261002-005256_boss,Split 3,32.4
20261002-010435_dpsreport,EI,https://b.dps.report/rKIr-20261002-010435_boss,Staff Phase,125.6
20261002-010435_dpsreport,EI,https://b.dps.report/rKIr-20261002-010435_boss,Split 1,16.1
20261002-010435_dpsreport,EI,https://b.dps.report/rKIr-20261002-010435_boss,Spear Phase,129
20261002-010435_dpsreport,EI,https://b.dps.report/rKIr-20261002-010435_boss,Split 2,23.7
20261002-010435_dpsreport,EI,https://b.dps.report/rKIr-20261002-010435_boss,Sword Phase,192.3
20261002-010435_dpsreport,EI,https://b.dps.report/rKIr-20261002-010435_boss,Split 3,42.8
20261002-010435_dpsreport,EI,https://b.dps.report/rKIr-20261002-010435_boss,Final Form Phase,51.3
20261002-010435_dpsreport,EI,https://b.dps.report/rKIr-20261002-010435_boss,Full fight (kill),580.9
220703_Account-E5E7_dpsreport,EI,https://dps.report/qVZX-20260930-220703_boss,Staff Phase,131.8
220703_Account-E5E7_dpsreport,EI,https://dps.report/qVZX-20260930-220703_boss,Split 1,17.6
220703_Account-E5E7_dpsreport,EI,https://dps.report/qVZX-20260930-220703_boss,Spear Phase,135.4
220703_Account-E5E7_dpsreport,EI,https://dps.report/qVZX-20260930-220703_boss,Split 2,20.1
220703_Account-E5E7_dpsreport,EI,https://dps.report/qVZX-20260930-220703_boss,Sword Phase,182.9
220703_Account-E5E7_dpsreport,EI,https://dps.report/qVZX-20260930-220703_boss,Split 3,40.8
220703_Account-E5E7_dpsreport,EI,https://dps.report/qVZX-20260930-220703_boss,Final Form Phase,59.3
220703_Account-E5E7_dpsreport,EI,https://dps.report/qVZX-20260930-220703_boss,Full fight (kill),588
224233_dpsreport,EI,https://dps.report/oPU0-20260930-224233_boss,Staff Phase,114.5
224233_dpsreport,EI,https://dps.report/oPU0-20260930-224233_boss,Split 1,23.2
224233_dpsreport,EI,https://dps.report/oPU0-20260930-224233_boss,Spear Phase,120.9
224233_dpsreport,EI,https://dps.report/oPU0-20260930-224233_boss,Split 2,25.9
224233_dpsreport,EI,https://dps.report/oPU0-20260930-224233_boss,Sword Phase,166
224233_dpsreport,EI,https://dps.report/oPU0-20260930-224233_boss,Split 3,40.7
224233_dpsreport,EI,https://dps.report/oPU0-20260930-224233_boss,Final Form Phase,59.6
224233_dpsreport,EI,https://dps.report/oPU0-20260930-224233_boss,Full fight (kill),550.7
wingman_005f1-20261001-215126_noe_kill,EI,https://gw2wingman.nevermindcreations.de/log/005f1-20261001-215126_noe_kill,Staff Phase,116.8
wingman_005f1-20261001-215126_noe_kill,EI,https://gw2wingman.nevermindcreations.de/log/005f1-20261001-215126_noe_kill,Split 1,19.1
wingman_005f1-20261001-215126_noe_kill,EI,https://gw2wingman.nevermindcreations.de/log/005f1-20261001-215126_noe_kill,Spear Phase,135.9
wingman_005f1-20261001-215126_noe_kill,EI,https://gw2wingman.nevermindcreations.de/log/005f1-20261001-215126_noe_kill,Split 2,27.7
wingman_005f1-20261001-215126_noe_kill,EI,https://gw2wingman.nevermindcreations.de/log/005f1-20261001-215126_noe_kill,Sword Phase,167.3
wingman_005f1-20261001-215126_noe_kill,EI,https://gw2wingman.nevermindcreations.de/log/005f1-20261001-215126_noe_kill,Split 3,41.9
wingman_005f1-20261001-215126_noe_kill,EI,https://gw2wingman.nevermindcreations.de/log/005f1-20261001-215126_noe_kill,Final Form Phase,71.2
wingman_005f1-20261001-215126_noe_kill,EI,https://gw2wingman.nevermindcreations.de/log/005f1-20261001-215126_noe_kill,Full fight (kill),580
wingman_081e5-Account-81AD_20261001-210656_noe_kill,EI,https://gw2wingman.nevermindcreations.de/log/081e5-Seel6214_20261001-210656_noe_kill,Staff Phase,113.7
wingman_081e5-Account-81AD_20261001-210656_noe_kill,EI,https://gw2wingman.nevermindcreations.de/log/081e5-Seel6214_20261001-210656_noe_kill,Split 1,16.3
wingman_081e5-Account-81AD_20261001-210656_noe_kill,EI,https://gw2wingman.nevermindcreations.de/log/081e5-Seel6214_20261001-210656_noe_kill,Spear Phase,127.7
wingman_081e5-Account-81AD_20261001-210656_noe_kill,EI,https://gw2wingman.nevermindcreations.de/log/081e5-Seel6214_20261001-210656_noe_kill,Split 2,26.9
wingman_081e5-Account-81AD_20261001-210656_noe_kill,EI,https://gw2wingman.nevermindcreations.de/log/081e5-Seel6214_20261001-210656_noe_kill,Sword Phase,151.1
wingman_081e5-Account-81AD_20261001-210656_noe_kill,EI,https://gw2wingman.nevermindcreations.de/log/081e5-Seel6214_20261001-210656_noe_kill,Split 3,40
wingman_081e5-Account-81AD_20261001-210656_noe_kill,EI,https://gw2wingman.nevermindcreations.de/log/081e5-Seel6214_20261001-210656_noe_kill,Final Form Phase,60.7
wingman_081e5-Account-81AD_20261001-210656_noe_kill,EI,https://gw2wingman.nevermindcreations.de/log/081e5-Seel6214_20261001-210656_noe_kill,Full fight (kill),536.4
wingman_14de4-20261004-011214_noe_kill,EI,https://gw2wingman.nevermindcreations.de/log/14de4-20261004-011214_noe_kill,Staff Phase,117.1
wingman_14de4-20261004-011214_noe_kill,EI,https://gw2wingman.nevermindcreations.de/log/14de4-20261004-011214_noe_kill,Split 1,20.3
wingman_14de4-20261004-011214_noe_kill,EI,https://gw2wingman.nevermindcreations.de/log/14de4-20261004-011214_noe_kill,Spear Phase,109.4
wingman_14de4-20261004-011214_noe_kill,EI,https://gw2wingman.nevermindcreations.de/log/14de4-20261004-011214_noe_kill,Split 2,25
wingman_14de4-20261004-011214_noe_kill,EI,https://gw2wingman.nevermindcreations.de/log/14de4-20261004-011214_noe_kill,Sword Phase,152
wingman_14de4-20261004-011214_noe_kill,EI,https://gw2wingman.nevermindcreations.de/log/14de4-20261004-011214_noe_kill,Split 3,41.8
wingman_14de4-20261004-011214_noe_kill,EI,https://gw2wingman.nevermindcreations.de/log/14de4-20261004-011214_noe_kill,Final Form Phase,45.4
wingman_14de4-20261004-011214_noe_kill,EI,https://gw2wingman.nevermindcreations.de/log/14de4-20261004-011214_noe_kill,Full fight (kill),511
wingman_1f564-20260930-164742_noe_fail,EI,https://gw2wingman.nevermindcreations.de/log/1f564-20260930-164742_noe_fail,Staff Phase,123.3
wingman_1f564-20260930-164742_noe_fail,EI,https://gw2wingman.nevermindcreations.de/log/1f564-20260930-164742_noe_fail,Split 1,18.7
wingman_1f564-20260930-164742_noe_fail,EI,https://gw2wingman.nevermindcreations.de/log/1f564-20260930-164742_noe_fail,Spear Phase,128.3
wingman_1f564-20260930-164742_noe_fail,EI,https://gw2wingman.nevermindcreations.de/log/1f564-20260930-164742_noe_fail,Split 2,29.4
wingman_1f564-20260930-164742_noe_fail,EI,https://gw2wingman.nevermindcreations.de/log/1f564-20260930-164742_noe_fail,Sword Phase,178.6
wingman_1f564-20260930-164742_noe_fail,EI,https://gw2wingman.nevermindcreations.de/log/1f564-20260930-164742_noe_fail,Split 3,54.4
wingman_202f1-20261002-212232_noe_kill,EI,https://gw2wingman.nevermindcreations.de/log/202f1-20261002-212232_noe_kill,Staff Phase,121
wingman_202f1-20261002-212232_noe_kill,EI,https://gw2wingman.nevermindcreations.de/log/202f1-20261002-212232_noe_kill,Split 1,17.3
wingman_202f1-20261002-212232_noe_kill,EI,https://gw2wingman.nevermindcreations.de/log/202f1-20261002-212232_noe_kill,Spear Phase,131.7
wingman_202f1-20261002-212232_noe_kill,EI,https://gw2wingman.nevermindcreations.de/log/202f1-20261002-212232_noe_kill,Split 2,21.1
wingman_202f1-20261002-212232_noe_kill,EI,https://gw2wingman.nevermindcreations.de/log/202f1-20261002-212232_noe_kill,Sword Phase,194.4
wingman_202f1-20261002-212232_noe_kill,EI,https://gw2wingman.nevermindcreations.de/log/202f1-20261002-212232_noe_kill,Split 3,32.1
wingman_202f1-20261002-212232_noe_kill,EI,https://gw2wingman.nevermindcreations.de/log/202f1-20261002-212232_noe_kill,Final Form Phase,59.5
wingman_202f1-20261002-212232_noe_kill,EI,https://gw2wingman.nevermindcreations.de/log/202f1-20261002-212232_noe_kill,Full fight (kill),577.2
wingman_23f47-Account-013D_20261002-004636_noe_kill,EI,https://gw2wingman.nevermindcreations.de/log/23f47-Mimslade4271_20261002-004636_noe_kill,Staff Phase,121.7
wingman_23f47-Account-013D_20261002-004636_noe_kill,EI,https://gw2wingman.nevermindcreations.de/log/23f47-Mimslade4271_20261002-004636_noe_kill,Split 1,21.9
wingman_23f47-Account-013D_20261002-004636_noe_kill,EI,https://gw2wingman.nevermindcreations.de/log/23f47-Mimslade4271_20261002-004636_noe_kill,Spear Phase,129.1
wingman_23f47-Account-013D_20261002-004636_noe_kill,EI,https://gw2wingman.nevermindcreations.de/log/23f47-Mimslade4271_20261002-004636_noe_kill,Split 2,18.2
wingman_23f47-Account-013D_20261002-004636_noe_kill,EI,https://gw2wingman.nevermindcreations.de/log/23f47-Mimslade4271_20261002-004636_noe_kill,Sword Phase,190.8
wingman_23f47-Account-013D_20261002-004636_noe_kill,EI,https://gw2wingman.nevermindcreations.de/log/23f47-Mimslade4271_20261002-004636_noe_kill,Split 3,38.8
wingman_23f47-Account-013D_20261002-004636_noe_kill,EI,https://gw2wingman.nevermindcreations.de/log/23f47-Mimslade4271_20261002-004636_noe_kill,Final Form Phase,66.3
wingman_23f47-Account-013D_20261002-004636_noe_kill,EI,https://gw2wingman.nevermindcreations.de/log/23f47-Mimslade4271_20261002-004636_noe_kill,Full fight (kill),586.9
wingman_3273c-20261001-011226_noe_fail,EI,https://gw2wingman.nevermindcreations.de/log/3273c-20261001-011226_noe_fail,Staff Phase,125.9
wingman_3273c-20261001-011226_noe_fail,EI,https://gw2wingman.nevermindcreations.de/log/3273c-20261001-011226_noe_fail,Split 1,18.7
wingman_3273c-20261001-011226_noe_fail,EI,https://gw2wingman.nevermindcreations.de/log/3273c-20261001-011226_noe_fail,Spear Phase,135.8
wingman_3273c-20261001-011226_noe_fail,EI,https://gw2wingman.nevermindcreations.de/log/3273c-20261001-011226_noe_fail,Split 2,26.6
wingman_3273c-20261001-011226_noe_fail,EI,https://gw2wingman.nevermindcreations.de/log/3273c-20261001-011226_noe_fail,Sword Phase,197.8
wingman_3273c-20261001-011226_noe_fail,EI,https://gw2wingman.nevermindcreations.de/log/3273c-20261001-011226_noe_fail,Split 3,36.4
wingman_3c4a4-20260930-233824_noe_fail,EI,https://gw2wingman.nevermindcreations.de/log/3c4a4-20260930-233824_noe_fail,Staff Phase,122.9
wingman_3c4a4-20260930-233824_noe_fail,EI,https://gw2wingman.nevermindcreations.de/log/3c4a4-20260930-233824_noe_fail,Split 1,17
wingman_3c4a4-20260930-233824_noe_fail,EI,https://gw2wingman.nevermindcreations.de/log/3c4a4-20260930-233824_noe_fail,Spear Phase,138
wingman_3c4a4-20260930-233824_noe_fail,EI,https://gw2wingman.nevermindcreations.de/log/3c4a4-20260930-233824_noe_fail,Split 2,25.2
wingman_3c4a4-20260930-233824_noe_fail,EI,https://gw2wingman.nevermindcreations.de/log/3c4a4-20260930-233824_noe_fail,Sword Phase,184.8
wingman_3c4a4-20260930-233824_noe_fail,EI,https://gw2wingman.nevermindcreations.de/log/3c4a4-20260930-233824_noe_fail,Split 3,41.3
wingman_47495-Account-8B25_20261001-234602_noe_fail,EI,https://gw2wingman.nevermindcreations.de/log/47495-Minas4572_20261001-234602_noe_fail,Staff Phase,125.7
wingman_47495-Account-8B25_20261001-234602_noe_fail,EI,https://gw2wingman.nevermindcreations.de/log/47495-Minas4572_20261001-234602_noe_fail,Split 1,17.6
wingman_47495-Account-8B25_20261001-234602_noe_fail,EI,https://gw2wingman.nevermindcreations.de/log/47495-Minas4572_20261001-234602_noe_fail,Spear Phase,125.4
wingman_47495-Account-8B25_20261001-234602_noe_fail,EI,https://gw2wingman.nevermindcreations.de/log/47495-Minas4572_20261001-234602_noe_fail,Split 2,23.1
wingman_47495-Account-8B25_20261001-234602_noe_fail,EI,https://gw2wingman.nevermindcreations.de/log/47495-Minas4572_20261001-234602_noe_fail,Sword Phase,202.9
wingman_47495-Account-8B25_20261001-234602_noe_fail,EI,https://gw2wingman.nevermindcreations.de/log/47495-Minas4572_20261001-234602_noe_fail,Split 3,32.1
wingman_47d67-20261004-012811_noe_kill,EI,https://gw2wingman.nevermindcreations.de/log/47d67-20261004-012811_noe_kill,Staff Phase,134.4
wingman_47d67-20261004-012811_noe_kill,EI,https://gw2wingman.nevermindcreations.de/log/47d67-20261004-012811_noe_kill,Split 1,19.1
wingman_47d67-20261004-012811_noe_kill,EI,https://gw2wingman.nevermindcreations.de/log/47d67-20261004-012811_noe_kill,Spear Phase,130.7
wingman_47d67-20261004-012811_noe_kill,EI,https://gw2wingman.nevermindcreations.de/log/47d67-20261004-012811_noe_kill,Split 2,26.4
wingman_47d67-20261004-012811_noe_kill,EI,https://gw2wingman.nevermindcreations.de/log/47d67-20261004-012811_noe_kill,Sword Phase,166.6
wingman_47d67-20261004-012811_noe_kill,EI,https://gw2wingman.nevermindcreations.de/log/47d67-20261004-012811_noe_kill,Split 3,43.7
wingman_47d67-20261004-012811_noe_kill,EI,https://gw2wingman.nevermindcreations.de/log/47d67-20261004-012811_noe_kill,Final Form Phase,55.4
wingman_47d67-20261004-012811_noe_kill,EI,https://gw2wingman.nevermindcreations.de/log/47d67-20261004-012811_noe_kill,Full fight (kill),576.4
wingman_4f111-Account-81AD_20260930-183104_noe_fail,EI,https://gw2wingman.nevermindcreations.de/log/4f111-Seel6214_20260930-183104_noe_fail,Staff Phase,126.7
wingman_4f111-Account-81AD_20260930-183104_noe_fail,EI,https://gw2wingman.nevermindcreations.de/log/4f111-Seel6214_20260930-183104_noe_fail,Split 1,23.9
wingman_4f111-Account-81AD_20260930-183104_noe_fail,EI,https://gw2wingman.nevermindcreations.de/log/4f111-Seel6214_20260930-183104_noe_fail,Spear Phase,124.6
wingman_4f111-Account-81AD_20260930-183104_noe_fail,EI,https://gw2wingman.nevermindcreations.de/log/4f111-Seel6214_20260930-183104_noe_fail,Split 2,28.4
wingman_4f111-Account-81AD_20260930-183104_noe_fail,EI,https://gw2wingman.nevermindcreations.de/log/4f111-Seel6214_20260930-183104_noe_fail,Sword Phase,178.6
wingman_4f111-Account-81AD_20260930-183104_noe_fail,EI,https://gw2wingman.nevermindcreations.de/log/4f111-Seel6214_20260930-183104_noe_fail,Split 3,42.8
wingman_5398e-20260930-162239_noe_fail,EI,https://gw2wingman.nevermindcreations.de/log/5398e-20260930-162239_noe_fail,Staff Phase,135.2
wingman_5398e-20260930-162239_noe_fail,EI,https://gw2wingman.nevermindcreations.de/log/5398e-20260930-162239_noe_fail,Split 1,23.4
wingman_5398e-20260930-162239_noe_fail,EI,https://gw2wingman.nevermindcreations.de/log/5398e-20260930-162239_noe_fail,Spear Phase,127.7
wingman_5398e-20260930-162239_noe_fail,EI,https://gw2wingman.nevermindcreations.de/log/5398e-20260930-162239_noe_fail,Split 2,31.3
wingman_5398e-20260930-162239_noe_fail,EI,https://gw2wingman.nevermindcreations.de/log/5398e-20260930-162239_noe_fail,Sword Phase,199.7
wingman_5398e-20260930-162239_noe_fail,EI,https://gw2wingman.nevermindcreations.de/log/5398e-20260930-162239_noe_fail,Split 3,40.9
wingman_5771f-Account-CDD2_20261003-011714_noe_kill,EI,https://gw2wingman.nevermindcreations.de/log/5771f-Caemlyn4801_20261003-011714_noe_kill,Staff Phase,126.7
wingman_5771f-Account-CDD2_20261003-011714_noe_kill,EI,https://gw2wingman.nevermindcreations.de/log/5771f-Caemlyn4801_20261003-011714_noe_kill,Split 1,16.4
wingman_5771f-Account-CDD2_20261003-011714_noe_kill,EI,https://gw2wingman.nevermindcreations.de/log/5771f-Caemlyn4801_20261003-011714_noe_kill,Spear Phase,117.6
wingman_5771f-Account-CDD2_20261003-011714_noe_kill,EI,https://gw2wingman.nevermindcreations.de/log/5771f-Caemlyn4801_20261003-011714_noe_kill,Split 2,26.1
wingman_5771f-Account-CDD2_20261003-011714_noe_kill,EI,https://gw2wingman.nevermindcreations.de/log/5771f-Caemlyn4801_20261003-011714_noe_kill,Sword Phase,166
wingman_5771f-Account-CDD2_20261003-011714_noe_kill,EI,https://gw2wingman.nevermindcreations.de/log/5771f-Caemlyn4801_20261003-011714_noe_kill,Split 3,38.2
wingman_5771f-Account-CDD2_20261003-011714_noe_kill,EI,https://gw2wingman.nevermindcreations.de/log/5771f-Caemlyn4801_20261003-011714_noe_kill,Final Form Phase,78
wingman_5771f-Account-CDD2_20261003-011714_noe_kill,EI,https://gw2wingman.nevermindcreations.de/log/5771f-Caemlyn4801_20261003-011714_noe_kill,Full fight (kill),569
wingman_704cb-20261003-193028_noe_kill,EI,https://gw2wingman.nevermindcreations.de/log/704cb-20261003-193028_noe_kill,Staff Phase,121
wingman_704cb-20261003-193028_noe_kill,EI,https://gw2wingman.nevermindcreations.de/log/704cb-20261003-193028_noe_kill,Split 1,24.5
wingman_704cb-20261003-193028_noe_kill,EI,https://gw2wingman.nevermindcreations.de/log/704cb-20261003-193028_noe_kill,Spear Phase,126.2
wingman_704cb-20261003-193028_noe_kill,EI,https://gw2wingman.nevermindcreations.de/log/704cb-20261003-193028_noe_kill,Split 2,33
wingman_704cb-20261003-193028_noe_kill,EI,https://gw2wingman.nevermindcreations.de/log/704cb-20261003-193028_noe_kill,Sword Phase,159.9
wingman_704cb-20261003-193028_noe_kill,EI,https://gw2wingman.nevermindcreations.de/log/704cb-20261003-193028_noe_kill,Split 3,46.2
wingman_704cb-20261003-193028_noe_kill,EI,https://gw2wingman.nevermindcreations.de/log/704cb-20261003-193028_noe_kill,Final Form Phase,55.6
wingman_704cb-20261003-193028_noe_kill,EI,https://gw2wingman.nevermindcreations.de/log/704cb-20261003-193028_noe_kill,Full fight (kill),566.3
wingman_81daf-20261002-154733_noe_kill,EI,https://gw2wingman.nevermindcreations.de/log/81daf-20261002-154733_noe_kill,Staff Phase,119
wingman_81daf-20261002-154733_noe_kill,EI,https://gw2wingman.nevermindcreations.de/log/81daf-20261002-154733_noe_kill,Split 1,22.1
wingman_81daf-20261002-154733_noe_kill,EI,https://gw2wingman.nevermindcreations.de/log/81daf-20261002-154733_noe_kill,Spear Phase,123.8
wingman_81daf-20261002-154733_noe_kill,EI,https://gw2wingman.nevermindcreations.de/log/81daf-20261002-154733_noe_kill,Split 2,27
wingman_81daf-20261002-154733_noe_kill,EI,https://gw2wingman.nevermindcreations.de/log/81daf-20261002-154733_noe_kill,Sword Phase,145.1
wingman_81daf-20261002-154733_noe_kill,EI,https://gw2wingman.nevermindcreations.de/log/81daf-20261002-154733_noe_kill,Split 3,37.9
wingman_81daf-20261002-154733_noe_kill,EI,https://gw2wingman.nevermindcreations.de/log/81daf-20261002-154733_noe_kill,Final Form Phase,48.3
wingman_81daf-20261002-154733_noe_kill,EI,https://gw2wingman.nevermindcreations.de/log/81daf-20261002-154733_noe_kill,Full fight (kill),523.1
wingman_8d411-20260930-191421_noe_fail,EI,https://gw2wingman.nevermindcreations.de/log/8d411-20260930-191421_noe_fail,Staff Phase,126.5
wingman_8d411-20260930-191421_noe_fail,EI,https://gw2wingman.nevermindcreations.de/log/8d411-20260930-191421_noe_fail,Split 1,15.7
wingman_8d411-20260930-191421_noe_fail,EI,https://gw2wingman.nevermindcreations.de/log/8d411-20260930-191421_noe_fail,Spear Phase,129.8
wingman_8d411-20260930-191421_noe_fail,EI,https://gw2wingman.nevermindcreations.de/log/8d411-20260930-191421_noe_fail,Split 2,26.8
wingman_8d411-20260930-191421_noe_fail,EI,https://gw2wingman.nevermindcreations.de/log/8d411-20260930-191421_noe_fail,Sword Phase,202.5
wingman_8d411-20260930-191421_noe_fail,EI,https://gw2wingman.nevermindcreations.de/log/8d411-20260930-191421_noe_fail,Split 3,42.9
wingman_9fe05-20261002-155233_noe_kill,EI,https://gw2wingman.nevermindcreations.de/log/9fe05-20261002-155233_noe_kill,Staff Phase,126.7
wingman_9fe05-20261002-155233_noe_kill,EI,https://gw2wingman.nevermindcreations.de/log/9fe05-20261002-155233_noe_kill,Split 1,25.3
wingman_9fe05-20261002-155233_noe_kill,EI,https://gw2wingman.nevermindcreations.de/log/9fe05-20261002-155233_noe_kill,Spear Phase,125.7
wingman_9fe05-20261002-155233_noe_kill,EI,https://gw2wingman.nevermindcreations.de/log/9fe05-20261002-155233_noe_kill,Split 2,28.6
wingman_9fe05-20261002-155233_noe_kill,EI,https://gw2wingman.nevermindcreations.de/log/9fe05-20261002-155233_noe_kill,Sword Phase,147.8
wingman_9fe05-20261002-155233_noe_kill,EI,https://gw2wingman.nevermindcreations.de/log/9fe05-20261002-155233_noe_kill,Split 3,35.4
wingman_9fe05-20261002-155233_noe_kill,EI,https://gw2wingman.nevermindcreations.de/log/9fe05-20261002-155233_noe_kill,Final Form Phase,47.4
wingman_9fe05-20261002-155233_noe_kill,EI,https://gw2wingman.nevermindcreations.de/log/9fe05-20261002-155233_noe_kill,Full fight (kill),536.8
wingman_b139e-20261001-201501_noe_kill,EI,https://gw2wingman.nevermindcreations.de/log/b139e-20261001-201501_noe_kill,Staff Phase,117.2
wingman_b139e-20261001-201501_noe_kill,EI,https://gw2wingman.nevermindcreations.de/log/b139e-20261001-201501_noe_kill,Split 1,26.2
wingman_b139e-20261001-201501_noe_kill,EI,https://gw2wingman.nevermindcreations.de/log/b139e-20261001-201501_noe_kill,Spear Phase,126.8
wingman_b139e-20261001-201501_noe_kill,EI,https://gw2wingman.nevermindcreations.de/log/b139e-20261001-201501_noe_kill,Split 2,27.1
wingman_b139e-20261001-201501_noe_kill,EI,https://gw2wingman.nevermindcreations.de/log/b139e-20261001-201501_noe_kill,Sword Phase,165.9
wingman_b139e-20261001-201501_noe_kill,EI,https://gw2wingman.nevermindcreations.de/log/b139e-20261001-201501_noe_kill,Split 3,34.1
wingman_b139e-20261001-201501_noe_kill,EI,https://gw2wingman.nevermindcreations.de/log/b139e-20261001-201501_noe_kill,Final Form Phase,75
wingman_b139e-20261001-201501_noe_kill,EI,https://gw2wingman.nevermindcreations.de/log/b139e-20261001-201501_noe_kill,Full fight (kill),572.3
wingman_c654b-20260930-172031_noe_fail,EI,https://gw2wingman.nevermindcreations.de/log/c654b-20260930-172031_noe_fail,Staff Phase,126.6
wingman_c654b-20260930-172031_noe_fail,EI,https://gw2wingman.nevermindcreations.de/log/c654b-20260930-172031_noe_fail,Split 1,21.2
wingman_c654b-20260930-172031_noe_fail,EI,https://gw2wingman.nevermindcreations.de/log/c654b-20260930-172031_noe_fail,Spear Phase,117.8
wingman_c654b-20260930-172031_noe_fail,EI,https://gw2wingman.nevermindcreations.de/log/c654b-20260930-172031_noe_fail,Split 2,36.3
wingman_c654b-20260930-172031_noe_fail,EI,https://gw2wingman.nevermindcreations.de/log/c654b-20260930-172031_noe_fail,Sword Phase,166.8
wingman_c654b-20260930-172031_noe_fail,EI,https://gw2wingman.nevermindcreations.de/log/c654b-20260930-172031_noe_fail,Split 3,43.7
wingman_c8506-20261003-120005_noe_kill,EI,https://gw2wingman.nevermindcreations.de/log/c8506-20261003-120005_noe_kill,Staff Phase,118.9
wingman_c8506-20261003-120005_noe_kill,EI,https://gw2wingman.nevermindcreations.de/log/c8506-20261003-120005_noe_kill,Split 1,21.2
wingman_c8506-20261003-120005_noe_kill,EI,https://gw2wingman.nevermindcreations.de/log/c8506-20261003-120005_noe_kill,Spear Phase,128.5
wingman_c8506-20261003-120005_noe_kill,EI,https://gw2wingman.nevermindcreations.de/log/c8506-20261003-120005_noe_kill,Split 2,24.1
wingman_c8506-20261003-120005_noe_kill,EI,https://gw2wingman.nevermindcreations.de/log/c8506-20261003-120005_noe_kill,Sword Phase,175.9
wingman_c8506-20261003-120005_noe_kill,EI,https://gw2wingman.nevermindcreations.de/log/c8506-20261003-120005_noe_kill,Split 3,46.6
wingman_c8506-20261003-120005_noe_kill,EI,https://gw2wingman.nevermindcreations.de/log/c8506-20261003-120005_noe_kill,Final Form Phase,78.6
wingman_c8506-20261003-120005_noe_kill,EI,https://gw2wingman.nevermindcreations.de/log/c8506-20261003-120005_noe_kill,Full fight (kill),593.8
wingman_d3053-20261001-213328_noe_kill,EI,https://gw2wingman.nevermindcreations.de/log/d3053-20261001-213328_noe_kill,Staff Phase,126.2
wingman_d3053-20261001-213328_noe_kill,EI,https://gw2wingman.nevermindcreations.de/log/d3053-20261001-213328_noe_kill,Split 1,17.8
wingman_d3053-20261001-213328_noe_kill,EI,https://gw2wingman.nevermindcreations.de/log/d3053-20261001-213328_noe_kill,Spear Phase,122.9
wingman_d3053-20261001-213328_noe_kill,EI,https://gw2wingman.nevermindcreations.de/log/d3053-20261001-213328_noe_kill,Split 2,25.2
wingman_d3053-20261001-213328_noe_kill,EI,https://gw2wingman.nevermindcreations.de/log/d3053-20261001-213328_noe_kill,Sword Phase,157.6
wingman_d3053-20261001-213328_noe_kill,EI,https://gw2wingman.nevermindcreations.de/log/d3053-20261001-213328_noe_kill,Split 3,46.1
wingman_d3053-20261001-213328_noe_kill,EI,https://gw2wingman.nevermindcreations.de/log/d3053-20261001-213328_noe_kill,Final Form Phase,68
wingman_d3053-20261001-213328_noe_kill,EI,https://gw2wingman.nevermindcreations.de/log/d3053-20261001-213328_noe_kill,Full fight (kill),563.8
wingman_dc6a8-Account-81AD_20261002-011054_noe_kill,EI,https://gw2wingman.nevermindcreations.de/log/dc6a8-Seel6214_20261002-011054_noe_kill,Staff Phase,126.5
wingman_dc6a8-Account-81AD_20261002-011054_noe_kill,EI,https://gw2wingman.nevermindcreations.de/log/dc6a8-Seel6214_20261002-011054_noe_kill,Split 1,17.4
wingman_dc6a8-Account-81AD_20261002-011054_noe_kill,EI,https://gw2wingman.nevermindcreations.de/log/dc6a8-Seel6214_20261002-011054_noe_kill,Spear Phase,124.8
wingman_dc6a8-Account-81AD_20261002-011054_noe_kill,EI,https://gw2wingman.nevermindcreations.de/log/dc6a8-Seel6214_20261002-011054_noe_kill,Split 2,24.7
wingman_dc6a8-Account-81AD_20261002-011054_noe_kill,EI,https://gw2wingman.nevermindcreations.de/log/dc6a8-Seel6214_20261002-011054_noe_kill,Sword Phase,183.2
wingman_dc6a8-Account-81AD_20261002-011054_noe_kill,EI,https://gw2wingman.nevermindcreations.de/log/dc6a8-Seel6214_20261002-011054_noe_kill,Split 3,44.9
wingman_dc6a8-Account-81AD_20261002-011054_noe_kill,EI,https://gw2wingman.nevermindcreations.de/log/dc6a8-Seel6214_20261002-011054_noe_kill,Final Form Phase,74.2
wingman_dc6a8-Account-81AD_20261002-011054_noe_kill,EI,https://gw2wingman.nevermindcreations.de/log/dc6a8-Seel6214_20261002-011054_noe_kill,Full fight (kill),595.8
wingman_e1a59-20261002-214446_noe_kill,EI,https://gw2wingman.nevermindcreations.de/log/e1a59-20261002-214446_noe_kill,Staff Phase,119.2
wingman_e1a59-20261002-214446_noe_kill,EI,https://gw2wingman.nevermindcreations.de/log/e1a59-20261002-214446_noe_kill,Split 1,18.3
wingman_e1a59-20261002-214446_noe_kill,EI,https://gw2wingman.nevermindcreations.de/log/e1a59-20261002-214446_noe_kill,Spear Phase,125.3
wingman_e1a59-20261002-214446_noe_kill,EI,https://gw2wingman.nevermindcreations.de/log/e1a59-20261002-214446_noe_kill,Split 2,23.6
wingman_e1a59-20261002-214446_noe_kill,EI,https://gw2wingman.nevermindcreations.de/log/e1a59-20261002-214446_noe_kill,Sword Phase,195.8
wingman_e1a59-20261002-214446_noe_kill,EI,https://gw2wingman.nevermindcreations.de/log/e1a59-20261002-214446_noe_kill,Split 3,37.6
wingman_e1a59-20261002-214446_noe_kill,EI,https://gw2wingman.nevermindcreations.de/log/e1a59-20261002-214446_noe_kill,Final Form Phase,65.2
wingman_e1a59-20261002-214446_noe_kill,EI,https://gw2wingman.nevermindcreations.de/log/e1a59-20261002-214446_noe_kill,Full fight (kill),584.9
wingman_e961b-20261003-211028_noe_kill,EI,https://gw2wingman.nevermindcreations.de/log/e961b-20261003-211028_noe_kill,Staff Phase,114.8
wingman_e961b-20261003-211028_noe_kill,EI,https://gw2wingman.nevermindcreations.de/log/e961b-20261003-211028_noe_kill,Split 1,32.2
wingman_e961b-20261003-211028_noe_kill,EI,https://gw2wingman.nevermindcreations.de/log/e961b-20261003-211028_noe_kill,Spear Phase,126.8
wingman_e961b-20261003-211028_noe_kill,EI,https://gw2wingman.nevermindcreations.de/log/e961b-20261003-211028_noe_kill,Split 2,28.2
wingman_e961b-20261003-211028_noe_kill,EI,https://gw2wingman.nevermindcreations.de/log/e961b-20261003-211028_noe_kill,Sword Phase,145.8
wingman_e961b-20261003-211028_noe_kill,EI,https://gw2wingman.nevermindcreations.de/log/e961b-20261003-211028_noe_kill,Split 3,46.7
wingman_e961b-20261003-211028_noe_kill,EI,https://gw2wingman.nevermindcreations.de/log/e961b-20261003-211028_noe_kill,Final Form Phase,49.5
wingman_e961b-20261003-211028_noe_kill,EI,https://gw2wingman.nevermindcreations.de/log/e961b-20261003-211028_noe_kill,Full fight (kill),543.9
wingman_eadca-Account-7C4C_20261001-001023_noe_fail,EI,https://gw2wingman.nevermindcreations.de/log/eadca-Graba8094_20261001-001023_noe_fail,Staff Phase,126.3
wingman_eadca-Account-7C4C_20261001-001023_noe_fail,EI,https://gw2wingman.nevermindcreations.de/log/eadca-Graba8094_20261001-001023_noe_fail,Split 1,15.3
wingman_eadca-Account-7C4C_20261001-001023_noe_fail,EI,https://gw2wingman.nevermindcreations.de/log/eadca-Graba8094_20261001-001023_noe_fail,Spear Phase,137.3
wingman_eadca-Account-7C4C_20261001-001023_noe_fail,EI,https://gw2wingman.nevermindcreations.de/log/eadca-Graba8094_20261001-001023_noe_fail,Split 2,27.8
wingman_eadca-Account-7C4C_20261001-001023_noe_fail,EI,https://gw2wingman.nevermindcreations.de/log/eadca-Graba8094_20261001-001023_noe_fail,Sword Phase,193.6
wingman_eadca-Account-7C4C_20261001-001023_noe_fail,EI,https://gw2wingman.nevermindcreations.de/log/eadca-Graba8094_20261001-001023_noe_fail,Split 3,31.4
wingman_f9dda-20261002-215908_noe_kill,EI,https://gw2wingman.nevermindcreations.de/log/f9dda-20261002-215908_noe_kill,Staff Phase,118.5
wingman_f9dda-20261002-215908_noe_kill,EI,https://gw2wingman.nevermindcreations.de/log/f9dda-20261002-215908_noe_kill,Split 1,19
wingman_f9dda-20261002-215908_noe_kill,EI,https://gw2wingman.nevermindcreations.de/log/f9dda-20261002-215908_noe_kill,Spear Phase,123.7
wingman_f9dda-20261002-215908_noe_kill,EI,https://gw2wingman.nevermindcreations.de/log/f9dda-20261002-215908_noe_kill,Split 2,24.2
wingman_f9dda-20261002-215908_noe_kill,EI,https://gw2wingman.nevermindcreations.de/log/f9dda-20261002-215908_noe_kill,Sword Phase,160.6
wingman_f9dda-20261002-215908_noe_kill,EI,https://gw2wingman.nevermindcreations.de/log/f9dda-20261002-215908_noe_kill,Split 3,42.8
wingman_f9dda-20261002-215908_noe_kill,EI,https://gw2wingman.nevermindcreations.de/log/f9dda-20261002-215908_noe_kill,Final Form Phase,49.3
wingman_f9dda-20261002-215908_noe_kill,EI,https://gw2wingman.nevermindcreations.de/log/f9dda-20261002-215908_noe_kill,Full fight (kill),538.1
20260929-230929,raw,,Staff Phase,162.6
20260929-230929,raw,,Split 1,37.1
20260929-231520,raw,,Staff Phase,144.8
20260929-231520,raw,,Split 1,32.8
20260929-232028,raw,,Staff Phase,142.3
20260929-232028,raw,,Split 1,30.6
20260929-232602,raw,,Staff Phase,157.7
20260929-232602,raw,,Split 1,41.8
20260929-233227,raw,,Staff Phase,140.5
20260929-233227,raw,,Split 1,52.4
20260929-233952,raw,,Staff Phase,159.8
20260929-233952,raw,,Split 1,36.5
20260929-234806,raw,,Staff Phase,173
20260929-234806,raw,,Split 1,36.3
20260929-235415,raw,,Staff Phase,141.4
20260929-235415,raw,,Split 1,36.1
20260929-235848,raw,,Staff Phase,136.1
20260929-235848,raw,,Split 1,26.6
20260930-000603,raw,,Staff Phase,135.1
20260930-000603,raw,,Split 1,28.5
20260930-002046,raw,,Staff Phase,138.3
20260930-002046,raw,,Split 1,24.3
20260930-002947,raw,,Staff Phase,138.3
20260930-002947,raw,,Split 1,33.9
20260930-002947,raw,,Spear Phase,245.9
20260930-002947,raw,,Split 2,34.1
20260930-003645,raw,,Staff Phase,138.6
20260930-003645,raw,,Split 1,35.6
20260930-004322,raw,,Staff Phase,131.5
20260930-004322,raw,,Split 1,25.5
20260930-004322,raw,,Spear Phase,197.5
20260930-004948,raw,,Staff Phase,137.2
20260930-004948,raw,,Split 1,29.6
20260930-010007,raw,,Staff Phase,140.2
20260930-010007,raw,,Split 1,28.3
20260930-010656,raw,,Staff Phase,138.1
20260930-010656,raw,,Split 1,25.9
20260930-011344,raw,,Staff Phase,146.4
20260930-011344,raw,,Split 1,26.8
20260930-011934,raw,,Staff Phase,143.4
20260930-011934,raw,,Split 1,24.6
20260930-012807,raw,,Staff Phase,147.3
20260930-012807,raw,,Split 1,36
20260930-013625,raw,,Staff Phase,135.6
20260930-013625,raw,,Split 1,20.7
20260930-014701,raw,,Staff Phase,138.3
20260930-014701,raw,,Split 1,27.8
20260930-014701,raw,,Spear Phase,230.4
20260930-014701,raw,,Split 2,67.8
20260930-015718,raw,,Staff Phase,134.7
20260930-015718,raw,,Split 1,25.3
20260930-015718,raw,,Spear Phase,164.5
20260930-015718,raw,,Split 2,36.9
20260930-020654,raw,,Staff Phase,143.6
20260930-020654,raw,,Split 1,18.4
20260930-020654,raw,,Spear Phase,153.6
20260930-020654,raw,,Split 2,33.5
20260930-130931,raw,,Staff Phase,129.2
20260930-130931,raw,,Split 1,25.2
20260930-131331,raw,,Staff Phase,135.6
20260930-131331,raw,,Split 1,25.1
20260930-131748,raw,,Staff Phase,136.5
20260930-131748,raw,,Split 1,18.8
20260930-132907,raw,,Staff Phase,136.4
20260930-132907,raw,,Split 1,26.8
20260930-132907,raw,,Spear Phase,174.8
20260930-132907,raw,,Split 2,42.8
20260930-133514,raw,,Staff Phase,134.8
20260930-133514,raw,,Split 1,22.9
20260930-134135,raw,,Staff Phase,137.6
20260930-134135,raw,,Split 1,21.8
20260930-134554,raw,,Staff Phase,136
20260930-134554,raw,,Split 1,17.6
20260930-135458,raw,,Staff Phase,129.5
20260930-135458,raw,,Split 1,30.6
20260930-135458,raw,,Spear Phase,144.4
20260930-135458,raw,,Split 2,35.2
20260930-140955,raw,,Staff Phase,142.1
20260930-140955,raw,,Split 1,21.6
20260930-140955,raw,,Spear Phase,158.7
20260930-140955,raw,,Split 2,29.9
20260930-142129,raw,,Staff Phase,135.4
20260930-142129,raw,,Split 1,28.8
20260930-142522,raw,,Staff Phase,133.8
20260930-142522,raw,,Split 1,25.3
20260930-143043,raw,,Staff Phase,135.2
20260930-143043,raw,,Split 1,22.7
20260930-144016,raw,,Staff Phase,146.5
20260930-144016,raw,,Split 1,33.6
20260930-144016,raw,,Spear Phase,185.4
20260930-144016,raw,,Split 2,37
20260930-144536,raw,,Staff Phase,136.6
20260930-144536,raw,,Split 1,20.8
20260930-145035,raw,,Staff Phase,132.3
20260930-145035,raw,,Split 1,19
20260930-145735,raw,,Staff Phase,131.3
20260930-145735,raw,,Split 1,28.5
20260930-145735,raw,,Spear Phase,155.5
20260930-145735,raw,,Split 2,22.7
20260930-161109,raw,,Staff Phase,135.3
20260930-161109,raw,,Split 1,37
20260930-161736,raw,,Staff Phase,144.8
20260930-161736,raw,,Split 1,21.9
20260930-162218,raw,,Staff Phase,134.8
20260930-162218,raw,,Split 1,37
20260930-162757,raw,,Staff Phase,139.4
20260930-162757,raw,,Split 1,28.8
20260930-163327,raw,,Staff Phase,136.8
20260930-163327,raw,,Split 1,27.8
20260930-163913,raw,,Staff Phase,141.4
20260930-163913,raw,,Split 1,32.6
20260930-164624,raw,,Staff Phase,136
20260930-164624,raw,,Split 1,31.8
20260930-165517,raw,,Staff Phase,135.1
20260930-165517,raw,,Split 1,38.4
20260930-165517,raw,,Spear Phase,218.4
20260930-165517,raw,,Split 2,49.3
20260930-170422,raw,,Staff Phase,137
20260930-170422,raw,,Split 1,27.1
20260930-170422,raw,,Spear Phase,184
20260930-170422,raw,,Split 2,64.6
20260930-170947,raw,,Staff Phase,139.6
20260930-170947,raw,,Split 1,27
20260930-175523,raw,,Staff Phase,143.7
20260930-175523,raw,,Split 1,20.4
20260930-180129,raw,,Staff Phase,135.9
20260930-180129,raw,,Split 1,28.9
20260930-180617,raw,,Staff Phase,143.6
20260930-180617,raw,,Split 1,24.1
20260930-181021,raw,,Staff Phase,144.5
20260930-181021,raw,,Split 1,20.8
20260930-181643,raw,,Staff Phase,144.8
20260930-181643,raw,,Split 1,20
20260930-182315,raw,,Staff Phase,156.2
20260930-182315,raw,,Split 1,23.4
20260930-183207,raw,,Staff Phase,146
20260930-183207,raw,,Split 1,23.3
20260930-183742,raw,,Staff Phase,143.8
20260930-183742,raw,,Split 1,26.8
20260930-184348,raw,,Staff Phase,140.9
20260930-184348,raw,,Split 1,22.4
20260930-191231,raw,,Staff Phase,128.7
20260930-191231,raw,,Split 1,21.8
20260930-191231,raw,,Spear Phase,182.3
20260930-191231,raw,,Split 2,46.1
20260930-192340,raw,,Staff Phase,126.2
20260930-192340,raw,,Split 1,18.6
20260930-192340,raw,,Spear Phase,138.8
20260930-192340,raw,,Split 2,29.2
20260930-193130,raw,,Staff Phase,122.1
20260930-193130,raw,,Split 1,27.8
20260930-193130,raw,,Spear Phase,129.8
20260930-193130,raw,,Split 2,30.3
20260930-193906,raw,,Staff Phase,123.8
20260930-193906,raw,,Split 1,20.2
20260930-193906,raw,,Spear Phase,150.1
20260930-193906,raw,,Split 2,33.4
20260930-194816,raw,,Staff Phase,126.3
20260930-194816,raw,,Split 1,21.4
20260930-194816,raw,,Spear Phase,135.6
20260930-194816,raw,,Split 2,32.3
20260930-195751,raw,,Staff Phase,125.7
20260930-195751,raw,,Split 1,19.5
20260930-195751,raw,,Spear Phase,131.9
20260930-195751,raw,,Split 2,29.9
20260930-200445,raw,,Staff Phase,125.2
20260930-200445,raw,,Split 1,19.1
20260930-201108,raw,,Staff Phase,123.8
20260930-201108,raw,,Split 1,18.9
20260930-201108,raw,,Spear Phase,134.3
20260930-201108,raw,,Split 2,36.1
20260930-203200,raw,,Staff Phase,127.7
20260930-203200,raw,,Split 1,23.8
20260930-203200,raw,,Spear Phase,144.6
20260930-203200,raw,,Split 2,31
20260930-203600,raw,,Staff Phase,127.3
20260930-203600,raw,,Split 1,20.8
20260930-203947,raw,,Staff Phase,122.3
20260930-203947,raw,,Split 1,31.6
20260930-204517,raw,,Staff Phase,125.6
20260930-204517,raw,,Split 1,24.4
20260930-205557,raw,,Staff Phase,129
20260930-205557,raw,,Split 1,23.4
20260930-205557,raw,,Spear Phase,128.2
20260930-205557,raw,,Split 2,27.1
20260930-210018,raw,,Staff Phase,127
20260930-210018,raw,,Split 1,21.2
20260930-210743,raw,,Staff Phase,128.5
20260930-210743,raw,,Split 1,14.8
20260930-210743,raw,,Spear Phase,135.5
20260930-210743,raw,,Split 2,29.6
20260930-211921,raw,https://gw2wingman.nevermindcreations.de/log/2ffbe-Sejter9746_20260930-211921_noe_fail,Staff Phase,127
20260930-211921,raw,https://gw2wingman.nevermindcreations.de/log/2ffbe-Sejter9746_20260930-211921_noe_fail,Split 1,23.2
20260930-211921,raw,https://gw2wingman.nevermindcreations.de/log/2ffbe-Sejter9746_20260930-211921_noe_fail,Spear Phase,131.8
20260930-211921,raw,https://gw2wingman.nevermindcreations.de/log/2ffbe-Sejter9746_20260930-211921_noe_fail,Split 2,30
20260930-211921,raw,https://gw2wingman.nevermindcreations.de/log/2ffbe-Sejter9746_20260930-211921_noe_fail,Sword Phase,180
20260930-211921,raw,https://gw2wingman.nevermindcreations.de/log/2ffbe-Sejter9746_20260930-211921_noe_fail,Split 3,36.7
20260930-213637,raw,,Staff Phase,125.2
20260930-213637,raw,,Split 1,15.8
20260930-214712,raw,https://gw2wingman.nevermindcreations.de/log/4f4fd-Sejter9746_20260930-214711_noe_fail,Staff Phase,127.4
20260930-214712,raw,https://gw2wingman.nevermindcreations.de/log/4f4fd-Sejter9746_20260930-214711_noe_fail,Split 1,22.6
20260930-214712,raw,https://gw2wingman.nevermindcreations.de/log/4f4fd-Sejter9746_20260930-214711_noe_fail,Spear Phase,129.4
20260930-214712,raw,https://gw2wingman.nevermindcreations.de/log/4f4fd-Sejter9746_20260930-214711_noe_fail,Split 2,30.9
20260930-214712,raw,https://gw2wingman.nevermindcreations.de/log/4f4fd-Sejter9746_20260930-214711_noe_fail,Sword Phase,189.1
20260930-214712,raw,https://gw2wingman.nevermindcreations.de/log/4f4fd-Sejter9746_20260930-214711_noe_fail,Split 3,43.8
20260930-215627,raw,,Staff Phase,122.6
20260930-215627,raw,,Split 1,21
20260930-220441,raw,,Staff Phase,131.5
20260930-220441,raw,,Split 1,20.6
20260930-220441,raw,,Spear Phase,136.1
20260930-220441,raw,,Split 2,31.2
20260930-220831,raw,,Staff Phase,127.8
20260930-220831,raw,,Split 1,13.6
20260930-221626,raw,,Staff Phase,128.4
20260930-221626,raw,,Split 1,23.1
20260930-221626,raw,,Spear Phase,140.9
20260930-221626,raw,,Split 2,31.8
20260930-225431,raw,,Staff Phase,126.5
20260930-225431,raw,,Split 1,24.7
20260930-225431,raw,,Spear Phase,123
20260930-225431,raw,,Split 2,31.2
20260930-230802,raw,https://gw2wingman.nevermindcreations.de/log/aa73a-Clemyyy4217_20260930-230802_noe_fail,Staff Phase,126.8
20260930-230802,raw,https://gw2wingman.nevermindcreations.de/log/aa73a-Clemyyy4217_20260930-230802_noe_fail,Split 1,17.8
20260930-230802,raw,https://gw2wingman.nevermindcreations.de/log/aa73a-Clemyyy4217_20260930-230802_noe_fail,Spear Phase,136.2
20260930-230802,raw,https://gw2wingman.nevermindcreations.de/log/aa73a-Clemyyy4217_20260930-230802_noe_fail,Split 2,22.5
20260930-230802,raw,https://gw2wingman.nevermindcreations.de/log/aa73a-Clemyyy4217_20260930-230802_noe_fail,Sword Phase,165
20260930-230802,raw,https://gw2wingman.nevermindcreations.de/log/aa73a-Clemyyy4217_20260930-230802_noe_fail,Split 3,39.1
20260930-231403,raw,,Staff Phase,126.1
20260930-231403,raw,,Split 1,22.5
20260930-231723,raw,,Staff Phase,129.5
20260930-231723,raw,,Split 1,25.6
20260930-232430,raw,,Staff Phase,121.8
20260930-232430,raw,,Split 1,19.6
20260930-232430,raw,,Spear Phase,133.6
20260930-232430,raw,,Split 2,42.9
20260930-233450,raw,https://gw2wingman.nevermindcreations.de/log/2c017-Clemyyy4217_20260930-233451_noe_fail,Staff Phase,119.7
20260930-233450,raw,https://gw2wingman.nevermindcreations.de/log/2c017-Clemyyy4217_20260930-233451_noe_fail,Split 1,26.9
20260930-233450,raw,https://gw2wingman.nevermindcreations.de/log/2c017-Clemyyy4217_20260930-233451_noe_fail,Spear Phase,142.6
20260930-233450,raw,https://gw2wingman.nevermindcreations.de/log/2c017-Clemyyy4217_20260930-233451_noe_fail,Split 2,24.3
20260930-233450,raw,https://gw2wingman.nevermindcreations.de/log/2c017-Clemyyy4217_20260930-233451_noe_fail,Sword Phase,187.2
20260930-233450,raw,https://gw2wingman.nevermindcreations.de/log/2c017-Clemyyy4217_20260930-233451_noe_fail,Split 3,40.4
20260930-234618,raw,https://gw2wingman.nevermindcreations.de/log/99d71-Clemyyy4217_20260930-234618_noe_fail,Staff Phase,121
20260930-234618,raw,https://gw2wingman.nevermindcreations.de/log/99d71-Clemyyy4217_20260930-234618_noe_fail,Split 1,23.8
20260930-234618,raw,https://gw2wingman.nevermindcreations.de/log/99d71-Clemyyy4217_20260930-234618_noe_fail,Spear Phase,128.2
20260930-234618,raw,https://gw2wingman.nevermindcreations.de/log/99d71-Clemyyy4217_20260930-234618_noe_fail,Split 2,29.3
20260930-234618,raw,https://gw2wingman.nevermindcreations.de/log/99d71-Clemyyy4217_20260930-234618_noe_fail,Sword Phase,150.7
20260930-234618,raw,https://gw2wingman.nevermindcreations.de/log/99d71-Clemyyy4217_20260930-234618_noe_fail,Split 3,36.3
20261001-195456,raw,,Staff Phase,123.5
20261001-195456,raw,,Split 1,27.1
20261001-195456,raw,,Spear Phase,124.8
20261001-195456,raw,,Split 2,44
20261001-195456,raw,,Sword Phase,152.3
20261001-195456,raw,,Split 3,37.3
20261001-200035,raw,,Staff Phase,125
20261001-200035,raw,,Split 1,31.3
20261001-201030,raw,,Staff Phase,126.2
20261001-201030,raw,,Split 1,23.2
20261001-201030,raw,,Spear Phase,123.5
20261001-201030,raw,,Split 2,28.9
20261001-201030,raw,,Sword Phase,143.2
20261001-201030,raw,,Split 3,42.3
20261001-202431,raw,,Staff Phase,121.2
20261001-202431,raw,,Split 1,21.1
20261001-202431,raw,,Spear Phase,133.3
20261001-202431,raw,,Split 2,29.6
20261001-202923,raw,,Staff Phase,126.2
20261001-202923,raw,,Split 1,26.8
20261001-203309,raw,,Staff Phase,120.3
20261001-203309,raw,,Split 1,25
20261001-203917,raw,,Staff Phase,130.1
20261001-203917,raw,,Split 1,20
20261001-203917,raw,,Spear Phase,129.2
20261001-203917,raw,,Split 2,33.5
20261001-204237,raw,,Staff Phase,127.1
20261001-204237,raw,,Split 1,28
20261001-205127,raw,,Staff Phase,126.4
20261001-205127,raw,,Split 1,30.5
20261001-210120,raw,,Staff Phase,122.4
20261001-210120,raw,,Split 1,21.8
20261001-210120,raw,,Spear Phase,129.6
20261001-210120,raw,,Split 2,27.7
20261001-210120,raw,,Sword Phase,154.8
20261001-210120,raw,,Split 3,31
20261001-211048,raw,,Staff Phase,117.3
20261001-211048,raw,,Split 1,23.4
20261001-211048,raw,,Spear Phase,132.6
20261001-211048,raw,,Split 2,29.6
20261001-212705,raw,,Staff Phase,122.5
20261001-212705,raw,,Split 1,24.7
20261001-213007,raw,,Staff Phase,122.6
20261001-213007,raw,,Split 1,17
20261001-213946,raw,https://gw2wingman.nevermindcreations.de/log/6f88a-Clemyyy4217_20261001-213947_noe_kill,Staff Phase,122.4
20261001-213946,raw,https://gw2wingman.nevermindcreations.de/log/6f88a-Clemyyy4217_20261001-213947_noe_kill,Split 1,23.9
20261001-213946,raw,https://gw2wingman.nevermindcreations.de/log/6f88a-Clemyyy4217_20261001-213947_noe_kill,Spear Phase,130
20261001-213946,raw,https://gw2wingman.nevermindcreations.de/log/6f88a-Clemyyy4217_20261001-213947_noe_kill,Split 2,33.5
20261001-213946,raw,https://gw2wingman.nevermindcreations.de/log/6f88a-Clemyyy4217_20261001-213947_noe_kill,Sword Phase,159.5
20261001-213946,raw,https://gw2wingman.nevermindcreations.de/log/6f88a-Clemyyy4217_20261001-213947_noe_kill,Split 3,29.7
20261001-213946,raw,https://gw2wingman.nevermindcreations.de/log/6f88a-Clemyyy4217_20261001-213947_noe_kill,Final Form Phase,50.4
20261001-213946,raw,https://gw2wingman.nevermindcreations.de/log/6f88a-Clemyyy4217_20261001-213947_noe_kill,Full fight (kill),549.5
20261001-220542,raw,,Staff Phase,117.4
20261001-220542,raw,,Split 1,28.4
20261001-220938,raw,,Staff Phase,117
20261001-220938,raw,,Split 1,25
20261001-221556,raw,,Staff Phase,118.8
20261001-221556,raw,,Split 1,23
20261001-221556,raw,,Spear Phase,115.4
20261001-221556,raw,,Split 2,35.1
20261001-222029,raw,,Staff Phase,115.9
20261001-222029,raw,,Split 1,28.7
20261001-222522,raw,,Staff Phase,121.7
20261001-222522,raw,,Split 1,22.4
20261001-223543,raw,,Staff Phase,114.8
20261001-223543,raw,,Split 1,26.5
20261001-223543,raw,,Spear Phase,129.2
20261001-223543,raw,,Split 2,27.5
20261001-223543,raw,,Sword Phase,152.8
20261001-223543,raw,,Split 3,38.8
20261001-224122,raw,,Staff Phase,119.4
20261001-224122,raw,,Split 1,19.6
20261001-224532,raw,,Staff Phase,118.7
20261001-224532,raw,,Split 1,22.8
20261001-225245,raw,,Staff Phase,118.4
20261001-225245,raw,,Split 1,26.6
20261001-225245,raw,,Spear Phase,124.4
20261001-225245,raw,,Split 2,26.4
20261002-151055,raw,,Staff Phase,150.2
20261002-151055,raw,,Split 1,24.6
20261002-151558,raw,,Staff Phase,155
20261002-151558,raw,,Split 1,29.9
20261002-152053,raw,,Staff Phase,142
20261002-152053,raw,,Split 1,29.4
20261002-152706,raw,,Staff Phase,147.7
20261002-152706,raw,,Split 1,24.8
20261002-153333,raw,,Staff Phase,152.2
20261002-153333,raw,,Split 1,29
20261002-154127,raw,,Staff Phase,136.1
20261002-154127,raw,,Split 1,28.8
20261002-154530,raw,,Staff Phase,140.2
20261002-154530,raw,,Split 1,34.8
20261002-222650,raw,,Staff Phase,120.8
20261002-222650,raw,,Split 1,28.1
20261002-222650,raw,,Spear Phase,134.1
20261002-222650,raw,,Split 2,28
20261002-223049,raw,,Staff Phase,122
20261002-223049,raw,,Split 1,20
20261002-224131,raw,,Staff Phase,121.8
20261002-224131,raw,,Split 1,25.5
20261002-224131,raw,,Spear Phase,128.4
20261002-224131,raw,,Split 2,36.5
20261002-225404,raw,https://gw2wingman.nevermindcreations.de/log/85c0f-20261002-215404_noe_kill,Staff Phase,115.8
20261002-225404,raw,https://gw2wingman.nevermindcreations.de/log/85c0f-20261002-215404_noe_kill,Split 1,34.6
20261002-225404,raw,https://gw2wingman.nevermindcreations.de/log/85c0f-20261002-215404_noe_kill,Spear Phase,123.4
20261002-225404,raw,https://gw2wingman.nevermindcreations.de/log/85c0f-20261002-215404_noe_kill,Split 2,24.5
20261002-225404,raw,https://gw2wingman.nevermindcreations.de/log/85c0f-20261002-215404_noe_kill,Sword Phase,135.7
20261002-225404,raw,https://gw2wingman.nevermindcreations.de/log/85c0f-20261002-215404_noe_kill,Split 3,43.8
20261002-225404,raw,https://gw2wingman.nevermindcreations.de/log/85c0f-20261002-215404_noe_kill,Final Form Phase,51.1
20261002-225404,raw,https://gw2wingman.nevermindcreations.de/log/85c0f-20261002-215404_noe_kill,Full fight (kill),528.9
20261002-231326,raw,,Staff Phase,120.2
20261002-231326,raw,,Split 1,31.4
20261002-231326,raw,,Spear Phase,131.6
20261002-231326,raw,,Split 2,31.2
20261002-231907,raw,,Staff Phase,127.5
20261002-231907,raw,,Split 1,18.8
20261002-232932,raw,,Staff Phase,119.5
20261002-232932,raw,,Split 1,26.4
20261002-232932,raw,,Spear Phase,127.6
20261002-232932,raw,,Split 2,29.1
20261002-232932,raw,,Sword Phase,220.9
20261002-232932,raw,,Split 3,39
20261002-234158,raw,,Staff Phase,122.6
20261002-234158,raw,,Split 1,30.8
20261002-234158,raw,,Spear Phase,125.4
20261002-234158,raw,,Split 2,25.8
20261002-234910,raw,,Staff Phase,119.8
20261002-234910,raw,,Split 1,28.4
20261002-235314,raw,,Staff Phase,123.7
20261002-235314,raw,,Split 1,25.7
20261002-235723,raw,,Staff Phase,120.6
20261002-235723,raw,,Split 1,29.2
20261003-000447,raw,,Staff Phase,111.2
20261003-000447,raw,,Split 1,31.8
20261003-000447,raw,,Spear Phase,122.2
20261003-000447,raw,,Split 2,28.3
20261003-001430,raw,,Staff Phase,112.8
20261003-001430,raw,,Split 1,31.6
20261003-001430,raw,,Spear Phase,121
20261003-001430,raw,,Split 2,27.8
20261003-002223,raw,,Staff Phase,119
20261003-002223,raw,,Split 1,24.3
20261003-002223,raw,,Spear Phase,127.6
20261003-002223,raw,,Split 2,35.2
20261003-002526,raw,,Staff Phase,120.1
20261003-002526,raw,,Split 1,23.9
20261003-144623,raw,,Staff Phase,121.8
20261003-144623,raw,,Split 1,33.1
20261003-145054,raw,,Staff Phase,125.7
20261003-145054,raw,,Split 1,35.5
20261003-150148,raw,,Staff Phase,129.1
20261003-150148,raw,,Split 1,29.4
20261003-150148,raw,,Spear Phase,126.6
20261003-150148,raw,,Split 2,45.9
20261003-150905,raw,,Staff Phase,122.9
20261003-150905,raw,,Split 1,38.3
20261003-150905,raw,,Spear Phase,124.5
20261003-150905,raw,,Split 2,43.8
20261003-151632,raw,,Staff Phase,126.7
20261003-151632,raw,,Split 1,28.2
20261003-151632,raw,,Spear Phase,133.8
20261003-151632,raw,,Split 2,40.8
20261003-152721,raw,,Staff Phase,129.7
20261003-152721,raw,,Split 1,38.1
20261003-153810,raw,,Staff Phase,130
20261003-153810,raw,,Split 1,24
20261003-153810,raw,,Spear Phase,136.1
20261003-153810,raw,,Split 2,61
20261003-153810,raw,,Sword Phase,184.8
20261003-153810,raw,,Split 3,40.3
20261003-154559,raw,,Staff Phase,132
20261003-154559,raw,,Split 1,28.9
20261003-165843,raw,,Staff Phase,129.3
20261003-165843,raw,,Split 1,28.4
20261003-165843,raw,,Spear Phase,122.6
20261003-165843,raw,,Split 2,30.2
20261003-165843,raw,,Sword Phase,158.8
20261003-165843,raw,,Split 3,48.2
20261003-170507,raw,,Staff Phase,123.8
20261003-170507,raw,,Split 1,24
20261003-171045,raw,,Staff Phase,122.2
20261003-171045,raw,,Split 1,29.5
20261003-171045,raw,,Spear Phase,121.8
20261003-171045,raw,,Split 2,29.5
20261003-171605,raw,,Staff Phase,123.8
20261003-171605,raw,,Split 1,24.6
20261003-172039,raw,,Staff Phase,120.5
20261003-172039,raw,,Split 1,23.8
20261003-172858,raw,,Staff Phase,124.4
20261003-172858,raw,,Split 1,24.8
20261003-172858,raw,,Spear Phase,124.7
20261003-172858,raw,,Split 2,32.5
20261003-173208,raw,,Staff Phase,120.7
20261003-173208,raw,,Split 1,24.6
20261003-173523,raw,,Staff Phase,122.8
20261003-173523,raw,,Split 1,23.5
20261003-174507,raw,,Staff Phase,121.7
20261003-174507,raw,,Split 1,21.4
20261003-174507,raw,,Spear Phase,121
20261003-174507,raw,,Split 2,29.5
20261003-174507,raw,,Sword Phase,159.1
20261003-174507,raw,,Split 3,39.6
20261003-175607,raw,,Staff Phase,119.8
20261003-175607,raw,,Split 1,26.5
20261003-175607,raw,,Spear Phase,126.5
20261003-175607,raw,,Split 2,25.1
20261003-175607,raw,,Sword Phase,173
20261003-175607,raw,,Split 3,53
20261003-210118,raw,,Staff Phase,118
20261003-210118,raw,,Split 1,42.4
20261003-211223,raw,,Staff Phase,116.8
20261003-211223,raw,,Split 1,32.6
20261003-211223,raw,,Spear Phase,126.4
20261003-211223,raw,,Split 2,28.4
20261003-211223,raw,,Sword Phase,143.6
20261003-211223,raw,,Split 3,46.7
20261003-211223,raw,,Final Form Phase,49.5
20261003-211223,raw,,Full fight (kill),543.9
20261003-212652,raw,,Staff Phase,110.2
20261003-212652,raw,,Split 1,34.5
20261003-213542,raw,,Staff Phase,111.4
20261003-213542,raw,,Split 1,26.3
20261003-213542,raw,,Spear Phase,128.8
20261003-213542,raw,,Split 2,32.8
20261003-214253,raw,,Staff Phase,114.4
20261003-214253,raw,,Split 1,27
20261003-214253,raw,,Spear Phase,118
20261003-214253,raw,,Split 2,31
20261003-215125,raw,,Staff Phase,117.6
20261003-215125,raw,,Split 1,30.7
20261003-215125,raw,,Spear Phase,119.2
20261003-215125,raw,,Split 2,26.7
20261003-220139,raw,,Staff Phase,114.5
20261003-220139,raw,,Split 1,20.4
20261003-220139,raw,,Spear Phase,125.6
20261003-220139,raw,,Split 2,26.8
20261003-220139,raw,,Sword Phase,151.5
20261003-220139,raw,,Split 3,41.7
20261003-221232,raw,,Staff Phase,113.5
20261003-221232,raw,,Split 1,32.3
20261003-221232,raw,,Spear Phase,118.5
20261003-221232,raw,,Split 2,34
20261003-222355,raw,https://gw2wingman.nevermindcreations.de/log/90921-Sejter9746_20261003-222354_noe_kill,Staff Phase,114.9
20261003-222355,raw,https://gw2wingman.nevermindcreations.de/log/90921-Sejter9746_20261003-222354_noe_kill,Split 1,22.9
20261003-222355,raw,https://gw2wingman.nevermindcreations.de/log/90921-Sejter9746_20261003-222354_noe_kill,Spear Phase,121
20261003-222355,raw,https://gw2wingman.nevermindcreations.de/log/90921-Sejter9746_20261003-222354_noe_kill,Split 2,43.4
20261003-222355,raw,https://gw2wingman.nevermindcreations.de/log/90921-Sejter9746_20261003-222354_noe_kill,Sword Phase,148.8
20261003-222355,raw,https://gw2wingman.nevermindcreations.de/log/90921-Sejter9746_20261003-222354_noe_kill,Split 3,41.3
20261003-222355,raw,https://gw2wingman.nevermindcreations.de/log/90921-Sejter9746_20261003-222354_noe_kill,Final Form Phase,57.9
20261003-222355,raw,https://gw2wingman.nevermindcreations.de/log/90921-Sejter9746_20261003-222354_noe_kill,Full fight (kill),550
20261003-231134,raw,,Staff Phase,110.8
20261003-231557,raw,,Staff Phase,109.7
20261003-231557,raw,,Split 1,22.3
20261003-232004,raw,,Staff Phase,114.9
20261003-232004,raw,,Split 1,22.9
20261003-232322,raw,,Staff Phase,116.6
20261003-232322,raw,,Split 1,24.9
20261003-232757,raw,,Staff Phase,108.2
20261003-232757,raw,,Split 1,39.6
20261003-233303,raw,,Staff Phase,109
20261003-233303,raw,,Split 1,35.2
20261003-234425,raw,,Staff Phase,114.1
20261003-234425,raw,,Split 1,34.2
20261003-234425,raw,,Spear Phase,117.2
20261003-234425,raw,,Split 2,49.5
20261003-234425,raw,,Sword Phase,135.5
20261003-234425,raw,,Split 3,44.5
20261003-235149,raw,,Staff Phase,115.6
20261003-235149,raw,,Split 1,34.1
20261003-235149,raw,,Spear Phase,116.8
20261003-235149,raw,,Split 2,27.6
20261003-235615,raw,,Staff Phase,110.9
20261003-235615,raw,,Split 1,29.4
20261004-000409,raw,,Staff Phase,114.4
20261004-000409,raw,,Split 1,20.6
20261004-000409,raw,,Spear Phase,117.1
20261004-000409,raw,,Split 2,35.8
20261004-001305,raw,,Staff Phase,110.4
20261004-001305,raw,,Split 1,26.3
20261004-001305,raw,,Spear Phase,127.7
20261004-001305,raw,,Split 2,44.3
20261004-124516,raw,,Staff Phase,136
20261004-124516,raw,,Split 1,34.3
20261004-124952,raw,,Staff Phase,122
20261004-124952,raw,,Split 1,41.2
20261004-125415,raw,,Staff Phase,126.9
20261004-125415,raw,,Split 1,34.8
20261004-130036,raw,,Staff Phase,127.9
20261004-130036,raw,,Split 1,37.5
20261004-130836,raw,,Staff Phase,128.4
20261004-130836,raw,,Split 1,32.6
20261004-131253,raw,,Staff Phase,128.1
20261004-131253,raw,,Split 1,19.3
20261004-131623,raw,,Staff Phase,128.2
20261004-131623,raw,,Split 1,26.2
20261004-132338,raw,,Staff Phase,125.6
20261004-132338,raw,,Split 1,23.6
20261004-132338,raw,,Spear Phase,129
20261004-132338,raw,,Split 2,36.5
20261004-132950,raw,,Staff Phase,146
20261004-132950,raw,,Split 1,25.7
20261004-133634,raw,,Staff Phase,128.3
20261004-133634,raw,,Split 1,31.8
20261004-133634,raw,,Spear Phase,142.2
20261004-133634,raw,,Split 2,29.3
20261004-134153,raw,,Staff Phase,138
20261004-134153,raw,,Split 1,27.4
20261004-152618,raw,,Staff Phase,127.8
20261004-152618,raw,,Split 1,23.3
20261004-154121,raw,,Staff Phase,130.8
20261004-154121,raw,,Split 1,33.3
20261004-154121,raw,,Spear Phase,146.7
20261004-154121,raw,,Split 2,23.5
20261004-154121,raw,,Sword Phase,178.3
20261004-154121,raw,,Split 3,40.5
20261004-155218,raw,,Staff Phase,125.7
20261004-155218,raw,,Split 1,32.2
20261004-155218,raw,,Spear Phase,126.9
20261004-155218,raw,,Split 2,37
20261004-155218,raw,,Sword Phase,148.2
20261004-155218,raw,,Split 3,39.1
20261004-160448,raw,,Staff Phase,128
20261004-160448,raw,,Split 1,25.9
20261004-160448,raw,,Spear Phase,127.1
20261004-160448,raw,,Split 2,30.1
20261004-160448,raw,,Sword Phase,162.8
20261004-160448,raw,,Split 3,41.4
20261004-161448,raw,,Staff Phase,122.6
20261004-161448,raw,,Split 1,27.9
20261004-161448,raw,,Spear Phase,126.4
20261004-161448,raw,,Split 2,30.8
20261004-161448,raw,,Sword Phase,161.2
20261004-161448,raw,,Split 3,44.8
20261004-161912,raw,,Staff Phase,122.7
20261004-161912,raw,,Split 1,24.1
20261004-162419,raw,,Staff Phase,119.4
20261004-162419,raw,,Split 1,25.3
20261004-163454,raw,,Staff Phase,125.8
20261004-163454,raw,,Split 1,25.6
20261004-163454,raw,,Spear Phase,124.4
20261004-163454,raw,,Split 2,32.6
20261004-163454,raw,,Sword Phase,171.6
20261004-163454,raw,,Split 3,39.8
20261004-164733,raw,,Staff Phase,126.6
20261004-164733,raw,,Split 1,33
20261004-165754,raw,,Staff Phase,120.8
20261004-165754,raw,,Split 1,31.9
20261004-165754,raw,,Spear Phase,126.1
20261004-165754,raw,,Split 2,29.8
20261004-165754,raw,,Sword Phase,154.2
20261004-165754,raw,,Split 3,42.3