log,set_start_s,targets,fixated_player_alive,fixated_in_set,players_alive,same_targets_3s_later
20260930-211921,15,2,0,0,10,1
20260930-211921,27,3,1,1,10,1
20260930-211921,39,3,1,1,9,1
20260930-211921,51,3,1,1,7,1
20260930-211921,63,3,1,1,4,1
20260930-211921,75,3,1,1,3,
20260930-214712,15,3,0,0,10,1
20260930-214712,27,2,0,0,10,1
20260930-214712,39,2,1,1,6,1
20260930-230802,15,2,0,0,10,1
20260930-230802,27,3,1,1,7,
20260930-233450,15,3,0,0,10,1
20260930-233450,27,3,1,1,10,1
20260930-234618,15,3,0,0,10,1
20260930-234618,27,2,0,0,10,0
20260930-234618,39,2,1,1,10,1
20260930-234618,51,3,1,1,10,1
20260930-234618,63,3,1,1,8,
20261001-195456,15,3,0,0,10,
20261001-201030,15,3,1,1,10,0
20261001-201030,27,3,1,1,10,1
20261001-201030,39,3,0,0,9,
20261001-201030,51,2,0,0,7,
20261001-201030,63,3,0,0,4,
20261001-210120,15,3,1,1,10,1
20261001-210120,27,3,1,1,10,1
20261001-213946,15,3,0,0,10,1
20261001-213946,27,2,0,0,10,1
20261001-213946,39,2,1,0,10,1
20261001-213946,51,3,1,1,10,1
20261001-223543,15,2,0,0,10,1
20261001-223543,27,2,0,0,10,0
20261001-223543,39,2,1,0,10,1
20261001-223543,51,3,1,1,10,0
20261001-223543,63,3,1,1,10,1
20261001-223543,75,3,1,1,4,1
20261001-223543,99,1,0,0,1,1
20261002-225404,15,2,0,0,10,1
20261002-225404,27,2,0,0,10,1
20261002-225404,39,2,1,1,10,1
20261002-225404,51,3,1,1,10,1
20261002-232932,15,3,1,1,10,1
20261002-232932,27,3,1,1,10,1
20261002-232932,39,3,1,1,9,
20261003-153810,15,3,1,1,10,1
20261003-153810,27,3,1,1,10,
20261003-165843,15,3,1,1,10,1
20261003-165843,27,3,1,1,10,1
20261003-165843,39,3,1,0,10,1
20261003-165843,63,2,0,0,9,1
20261003-165843,75,2,0,0,9,1
20261003-165843,87,3,1,1,9,
20261003-174507,15,2,0,0,10,1
20261003-174507,27,2,0,0,10,1
20261003-175607,15,3,1,1,10,1
20261003-175607,27,3,1,1,10,1
20261003-175607,39,3,1,1,10,1
20261003-175607,51,3,1,1,10,1
20261003-175607,63,2,0,0,10,1
20261003-175607,75,2,0,0,10,1
20261003-211223,15,3,1,1,10,1
20261003-211223,27,3,1,1,10,1
20261003-211223,39,3,1,1,10,1
20261003-211223,51,3,1,1,9,1
20261003-220139,15,3,1,0,10,0
20261003-220139,27,3,1,1,10,1
20261003-220139,51,3,1,1,8,1
20261003-220139,75,2,0,0,4,1
20261003-222355,15,3,1,1,10,1
20261003-222355,27,3,1,1,10,1
20261003-222355,39,3,1,1,10,1
20261003-222355,51,3,1,1,10,1
20261003-222355,63,2,0,0,10,1
20261003-234425,15,3,1,1,10,1
20261003-234425,27,3,1,1,10,1
20261003-234425,39,2,1,0,10,1
20261003-234425,51,3,1,1,8,0
20261003-234425,63,3,1,1,7,1
20261003-234425,75,3,1,1,7,1
20261004-154121,15,3,1,1,10,0
20261004-154121,27,3,1,1,10,0
20261004-155218,15,3,1,1,10,1
20261004-155218,27,3,1,1,10,1
20261004-155218,39,3,1,1,10,1
20261004-155218,51,3,1,1,10,1
20261004-155218,63,2,0,0,9,1
20261004-155218,75,2,0,0,2,1
20261004-155218,87,2,1,1,2,1
20261004-160448,15,3,1,1,10,1
20261004-160448,27,2,0,0,10,1
20261004-160448,39,2,1,0,10,1
20261004-160448,51,3,1,1,9,1
20261004-160448,75,1,0,0,1,1
20261004-161448,15,3,1,1,10,1
20261004-161448,27,2,0,0,9,1
20261004-163454,15,3,1,1,10,1
20261004-163454,27,3,1,1,10,1
20261004-163454,51,2,0,0,8,1
20261004-163454,63,2,0,0,8,1
20261004-163454,75,2,0,0,8,1
20261004-165754,15,2,0,0,10,1
20261004-165754,27,3,1,1,10,1
20261004-165754,39,3,1,0,10,1
20261004-165754,51,3,1,1,7,1
20261004-165754,87,3,1,1,3,1
20261004-223752,15,3,1,1,10,1
20261004-223752,27,2,0,0,9,1
20261004-234835,15,2,0,0,10,0
20261004-234835,27,2,0,0,10,1
20261004-234835,39,2,1,0,10,1
20261004-234835,51,3,1,1,10,1
20261004-234835,63,3,1,1,6,1
20261004-234835,75,2,0,0,2,
20261005-001631,15,3,1,1,10,0
20261005-001631,27,3,1,1,10,1
20261005-001631,39,3,1,1,10,1
20261005-001631,51,3,1,1,10,0
20261005-001631,63,2,0,0,10,1
20261005-001631,75,2,0,0,6,1
20261005-001631,87,2,1,1,2,1
20261005-145748,15,2,0,0,10,1
20261005-145748,27,2,0,0,10,1
20261005-145748,39,2,1,0,10,1
20261005-145748,51,3,1,1,10,1
20261005-220403,15,3,1,1,10,0
20261005-220403,27,2,0,0,10,1
20261005-220403,39,2,1,0,10,1
20261005-220403,51,3,1,1,10,1
20261005-220403,75,2,0,0,5,1
20261005-220403,87,3,1,1,4,1