log,t,last_phase,sword_to_vloxx,line_vs_vloxx_deg,vloxx_along_line,vloxx_side_of_line,target_dist_from_sword,target_is_farthest,target_is_fixated,stack_on_vloxx,stack_hit_by_line,stack_hit_by_first
20260930-002947,426.3,0,646,1,646,9,1712,1,0,0,0,0
20260930-002947,441.7,0,818,61,391,718,447,0,,6,0,0
20260930-002947,457.4,0,228,42,170,152,,,,7,5,5
20260930-002947,473.1,0,1880,48,1258,1397,291,0,0,3,0,0
20260930-002947,489.7,0,705,2,705,27,,,,0,0,0
20260930-014701,404.7,0,602,38,477,368,911,1,,1,1,1
20260930-014701,420.4,0,956,21,893,341,1355,1,,0,0,0
20260930-014701,436.6,0,938,86,64,936,555,1,,0,0,0
20260930-014701,452.1,0,262,103,-59,255,524,1,,0,0,0
20260930-014701,470.9,0,100,1,100,1,594,1,0,3,3,3
20260930-014701,486.4,0,1724,1,1723,21,,,,0,0,0
20260930-015718,333.5,0,607,57,330,510,433,0,0,0,0,0
20260930-015718,349.0,0,208,111,-73,194,192,0,0,7,7,7
20260930-015718,365.8,0,347,59,178,297,511,0,1,3,3,3
20260930-015718,381.2,0,1535,134,-1072,1099,215,0,0,0,0,0
20260930-015718,396.6,0,592,64,261,532,915,0,1,1,0,0
20260930-020654,323.6,0,895,81,135,885,658,1,0,0,0,0
20260930-020654,338.9,0,1488,144,-1201,880,553,0,,0,0,0
20260930-020654,354.6,0,280,93,-14,279,511,0,0,0,0,0
20260930-020654,370.2,0,1814,31,1562,923,1099,1,0,0,0,0
20260930-020654,387.8,0,544,12,532,114,884,1,0,8,8,3
20260930-020654,412.8,0,508,2,508,17,746,1,,10,10,0
20260930-020654,428.3,0,392,17,375,112,,,,4,4,4
20260930-020654,483.6,0,2549,4,2542,191,2032,0,0,0,0,0
20260930-020654,499.1,0,385,33,324,208,1095,1,1,7,7,6
20260930-020654,515.5,0,1123,2,1122,41,944,0,0,1,1,0
20260930-132907,345.6,0,694,49,458,521,,,,0,0,0
20260930-132907,361.0,0,266,97,-31,264,560,0,0,1,1,0
20260930-132907,377.1,0,292,21,272,106,290,0,,9,8,8
20260930-132907,392.8,0,518,130,-335,395,196,0,0,6,1,0
20260930-132907,408.5,0,517,14,503,121,,,,9,9,2
20260930-132907,430.2,0,488,118,-229,431,331,0,0,0,0,0
20260930-132907,482.3,0,1020,11,1000,201,1548,0,1,8,8,0
20260930-132907,497.7,0,379,11,372,73,964,1,,3,3,1
20260930-132907,514.1,0,109,84,12,108,,,,0,0,0
20260930-135458,314.6,0,739,53,444,590,1050,1,,0,0,0
20260930-135458,330.2,0,358,47,246,261,470,1,,10,10,10
20260930-135458,346.2,0,244,60,121,212,509,1,0,6,5,6
20260930-135458,364.2,0,774,40,589,502,953,1,0,1,1,1
20260930-135458,380.0,0,623,29,543,305,870,1,1,2,2,1
20260930-135458,395.6,0,623,26,558,278,669,1,0,5,5,3
20260930-135458,455.9,0,1009,6,1003,104,1850,1,0,2,2,0
20260930-135458,472.5,0,230,35,189,130,,,,4,4,4
20260930-135458,488.3,0,170,34,141,95,662,1,,5,5,4
20260930-135458,504.2,0,1807,0,1807,7,,,,3,2,0
20260930-140955,331.1,0,702,41,532,458,1037,1,0,0,0,0
20260930-140955,346.7,0,239,33,201,129,689,1,0,5,5,4
20260930-140955,362.0,0,452,31,387,233,930,1,0,4,4,4
20260930-140955,377.6,0,2066,5,2057,190,1711,0,0,1,0,0
20260930-140955,394.4,0,746,19,705,244,522,0,0,10,9,2
20260930-140955,409.6,0,303,42,225,203,429,1,1,10,7,8
20260930-140955,469.9,0,986,9,975,149,1408,1,1,0,0,0
20260930-140955,485.6,0,232,31,199,119,562,1,,6,5,4
20260930-140955,500.9,0,232,38,182,144,596,0,0,8,8,6
20260930-140955,517.3,0,326,74,88,314,,,,0,0,0
20260930-140955,533.3,0,793,73,232,758,,,,0,0,0
20260930-140955,549.8,0,384,10,378,69,,,,3,3,3
20260930-144016,377.3,0,812,63,365,726,382,0,,0,0,0
20260930-144016,393.4,0,665,11,653,126,397,1,,6,6,6
20260930-144016,408.9,0,280,11,275,54,585,0,0,10,10,7
20260930-144016,424.4,0,799,18,761,245,802,1,1,1,1,0
20260930-144016,439.7,0,392,66,160,357,,,,4,3,4
20260930-144016,507.9,0,645,14,626,158,1012,1,0,9,9,3
20260930-144016,523.4,0,217,61,106,189,501,1,0,5,4,4
20260930-145735,322.4,0,621,24,569,248,1367,1,0,1,1,0
20260930-145735,338.3,0,418,30,363,207,619,1,,5,5,2
20260930-145735,354.7,0,365,130,-233,281,,,,0,0,0
20260930-145735,371.4,0,944,6,938,100,,,,1,1,1
20260930-165517,401.0,0,703,21,659,247,,,,0,0,0
20260930-165517,416.3,0,766,4,764,49,1001,1,0,3,3,1
20260930-165517,431.9,0,288,33,241,158,555,0,,6,6,3
20260930-165517,447.3,0,176,43,128,120,487,0,0,9,6,7
20260930-165517,462.7,0,2121,96,-234,2108,,,,1,0,0
20260930-165517,478.8,0,273,35,224,156,992,1,0,4,4,4
20260930-165517,499.6,0,154,75,40,149,,,,0,0,0
20260930-170422,356.6,0,695,30,602,348,1400,1,0,0,0,0
20260930-170422,372.6,0,678,143,-539,412,168,0,,0,0,0
20260930-170422,388.5,0,579,13,565,127,1098,1,,1,1,0
20260930-170422,405.5,0,353,79,66,347,312,1,,5,4,5
20260930-170422,421.0,0,437,22,406,163,917,0,1,1,1,1
20260930-170422,436.3,0,1253,169,-1229,243,,,,0,0,0
20260930-191231,341.4,0,694,23,639,271,1300,1,1,0,0,0
20260930-191231,357.4,0,601,42,448,401,454,1,0,1,1,1
20260930-191231,373.1,0,298,51,187,233,,,,9,1,1
20260930-191231,388.7,0,42,78,8,41,415,0,0,6,3,3
20260930-192340,291.7,0,895,145,-733,515,501,0,0,0,0,0
20260930-192340,307.2,0,370,36,299,218,595,1,,10,9,8
20260930-192340,323.0,0,200,153,-179,91,,,,8,3,3
20260930-192340,384.1,0,1158,5,1154,105,1300,0,0,10,10,0
20260930-192340,399.7,0,282,75,74,272,823,1,,6,4,4
20260930-192340,416.3,0,799,16,766,226,903,1,0,7,7,1
20260930-192340,431.7,0,405,3,404,24,734,1,0,10,10,7
20260930-192340,447.1,0,158,16,152,42,,,,1,1,1
20260930-193130,288.7,0,621,8,615,84,1538,1,0,0,0,0
20260930-193130,304.3,0,377,51,235,295,,,,6,2,2
20260930-193130,319.9,0,72,34,60,40,467,0,0,6,6,6
20260930-193906,300.3,0,895,29,785,431,1286,1,0,3,3,0
20260930-193906,315.8,0,275,19,259,92,429,0,0,10,10,8
20260930-193906,331.2,0,187,23,172,73,463,0,0,10,10,10
20260930-194816,293.1,0,842,40,646,540,189,0,0,0,0,0
20260930-194816,308.8,0,103,106,-29,98,412,0,0,5,5,5
20260930-194816,324.4,0,227,37,181,137,253,0,,9,0,0
20260930-194816,380.3,0,1404,8,1391,192,1641,1,1,9,9,0
20260930-194816,395.6,0,506,153,-450,232,1058,1,,4,0,0
20260930-194816,411.2,0,325,34,270,182,493,1,0,10,10,10
20260930-194816,427.3,0,383,58,205,323,432,1,1,4,3,3
20260930-195751,284.3,0,665,6,662,65,1234,1,0,4,4,0
20260930-195751,299.6,0,260,33,217,143,597,1,0,5,5,4
20260930-195751,317.5,0,215,94,-17,215,,,,9,5,6
20260930-195751,334.5,0,1843,10,1816,315,2025,1,0,9,6,0
20260930-195751,450.3,0,647,15,625,165,833,1,0,10,10,1
20260930-195751,466.3,0,1728,0,1728,0,1280,0,0,2,2,0
20260930-195751,481.9,0,606,52,375,476,,,,1,0,0
20260930-201108,283.8,0,630,22,586,232,1222,0,0,0,0,0
20260930-201108,300.6,0,671,36,541,397,495,0,,7,7,4
20260930-201108,316.0,0,288,41,217,190,591,1,0,9,9,8
20260930-201108,331.3,0,2021,4,2016,147,1957,0,,5,5,0
20260930-201108,347.9,0,269,11,264,50,784,1,0,7,7,3
20260930-203200,302.5,0,798,43,580,549,1115,1,,0,0,0
20260930-203200,318.0,0,166,98,-22,164,412,1,,7,7,7
20260930-203200,333.6,0,225,14,219,53,539,1,0,9,6,6
20260930-203200,395.5,0,1743,6,1733,186,1876,1,0,9,6,0
20260930-203200,412.3,0,239,12,234,49,500,1,,9,9,8
20260930-203200,428.3,0,1742,13,1698,388,1758,0,0,7,1,0
20260930-203200,443.8,0,494,134,-342,357,,,,5,0,1
20260930-203200,459.2,0,352,4,351,23,561,1,,10,10,10
20260930-203200,474.7,0,281,49,183,213,,,,0,0,0
20260930-205557,288.5,0,607,22,564,225,1435,1,0,0,0,0
20260930-205557,303.9,0,187,5,186,17,578,0,1,3,3,1
20260930-205557,319.6,0,412,28,365,191,691,1,0,10,10,6
20260930-205557,335.2,0,786,13,767,176,884,0,,10,10,0
20260930-205557,350.7,0,235,25,214,98,567,0,,9,9,6
20260930-210743,285.5,0,668,25,605,282,736,1,,1,1,0
20260930-210743,301.0,0,485,25,441,201,763,0,,7,7,1
20260930-210743,317.3,0,352,25,318,151,641,1,0,9,9,5
20260930-210743,333.1,0,560,26,502,248,904,1,0,10,10,0
20260930-210743,349.3,0,213,49,141,160,349,1,0,10,10,10
20260930-210743,412.1,0,896,26,806,392,1264,1,,3,2,0
20260930-210743,427.5,0,282,95,-25,281,,,,0,0,0
20260930-211921,290.7,0,684,3,683,36,1660,1,0,0,0,0
20260930-211921,306.2,0,419,18,398,131,733,1,1,8,8,5
20260930-211921,322.5,0,139,38,109,86,592,1,0,7,4,4
20260930-211921,338.2,0,312,25,282,133,479,0,0,10,10,6
20260930-211921,358.4,0,624,53,375,498,,,,10,7,5
20260930-211921,418.3,0,2016,8,1997,276,2113,1,0,9,2,0
20260930-211921,433.9,0,251,18,239,77,408,0,0,9,9,9
20260930-211921,450.3,0,310,63,141,276,,,,10,10,10
20260930-211921,523.2,1,685,7,680,88,768,0,0,5,5,1
20260930-211921,539.1,1,54,60,27,47,377,0,,10,8,9
20260930-211921,554.5,1,405,21,379,143,885,1,0,4,4,4
20260930-211921,570.6,1,387,42,288,258,311,0,1,5,4,5
20260930-214712,288.7,0,649,8,643,92,1386,1,0,0,0,0
20260930-214712,306.1,0,171,130,-109,131,59,0,1,9,6,9
20260930-214712,321.5,0,270,126,-160,218,352,0,0,4,3,3
20260930-214712,407.5,0,835,3,833,50,1318,0,0,6,6,1
20260930-214712,423.7,0,288,57,156,242,614,1,,2,1,2
20260930-214712,439.5,0,168,100,-28,166,525,1,1,8,8,8
20260930-214712,455.2,0,278,55,158,228,327,0,1,10,10,10
20260930-214712,516.5,0,895,38,709,546,1628,1,0,3,1,0
20260930-214712,532.0,1,295,88,8,295,473,0,0,3,3,1
20260930-214712,550.1,1,159,129,-101,123,382,0,0,5,4,1
20260930-220441,293.2,0,895,102,-191,875,801,0,0,0,0,0
20260930-220441,308.6,0,630,24,575,258,657,0,0,7,7,4
20260930-220441,325.2,0,286,113,-113,262,212,0,0,9,6,7
20260930-220441,346.8,0,1653,9,1635,246,1758,1,0,7,7,0
20260930-221626,301.2,0,713,48,477,530,1023,0,0,4,1,0
20260930-221626,318.0,0,303,86,24,302,201,0,,10,9,10
20260930-221626,334.1,0,178,60,90,154,,,,10,6,8
20260930-221626,353.9,0,1892,10,1863,330,1836,0,0,4,1,0
20260930-225431,285.4,0,714,136,-517,492,587,1,0,0,0,0
20260930-225431,301.0,0,197,76,49,191,428,1,0,10,9,9
20260930-225431,378.7,0,2061,4,2057,129,1820,0,0,7,0,0
20260930-225431,394.0,0,201,114,-83,183,,,,2,0,0
20260930-225431,410.1,0,751,10,739,135,,,,0,0,0
20260930-230802,286.0,0,850,17,815,242,1594,1,1,0,0,0
20260930-230802,302.4,0,330,108,-100,314,376,0,0,6,6,5
20260930-230802,318.2,0,225,48,149,168,420,1,,0,0,0
20260930-230802,335.4,0,151,180,-151,1,1179,1,0,7,0,1
20260930-230802,397.9,0,640,34,532,356,,,,8,3,0
20260930-230802,413.4,0,501,26,451,219,493,0,,10,10,6
20260930-230802,429.3,0,179,40,136,115,504,1,1,10,4,7
20260930-230802,496.2,1,639,24,582,265,904,1,0,5,5,1
20260930-230802,511.8,1,344,64,152,308,444,1,,2,0,1
20260930-230802,527.4,1,344,31,295,176,512,0,0,5,3,2
20260930-232430,284.4,0,582,114,-237,531,,,,1,1,0
20260930-232430,299.9,0,299,57,161,252,529,0,,6,6,5
20260930-232430,369.0,0,1120,10,1102,200,1227,0,0,9,9,0
20260930-232430,384.9,0,93,143,-74,56,,,,0,0,0
20260930-233450,298.3,0,668,103,-153,650,450,0,0,0,0,0
20260930-233450,314.2,0,508,102,-103,497,209,0,0,8,0,0
20260930-233450,329.7,0,143,25,130,62,2123,0,,0,0,0
20260930-233450,345.6,0,217,139,-163,143,641,0,0,7,0,4
20260930-233450,411.1,0,1379,7,1370,158,1362,1,0,7,6,0
20260930-233450,426.9,0,317,22,294,118,,,,7,6,6
20260930-233450,442.2,0,539,14,523,132,407,1,0,5,5,5
20260930-233450,458.1,0,352,89,8,352,,,,10,4,3
20260930-233450,524.6,0,675,26,605,298,1246,1,0,2,2,0
20260930-233450,540.7,1,335,46,231,242,484,1,1,8,7,8
20260930-233450,556.1,1,286,19,271,91,1049,1,0,3,3,2
20260930-233450,572.1,1,574,38,452,353,757,1,0,0,0,0
20260930-234618,283.5,0,636,65,271,576,417,0,,0,0,0
20260930-234618,299.8,0,146,129,-92,113,,,,5,5,5
20260930-234618,315.2,0,278,22,258,104,632,0,0,6,0,0
20260930-234618,372.7,0,1674,2,1673,54,1979,1,0,7,2,0
20260930-234618,389.4,0,377,17,360,111,,,,0,0,0
20260930-234618,404.9,0,498,12,486,105,755,1,0,10,10,7
20260930-234618,421.1,0,303,31,259,157,149,0,0,10,8,10
20260930-234618,496.3,1,616,26,554,269,872,1,,6,4,0
20260930-234618,511.9,1,205,49,135,155,761,1,,0,0,0
20260930-234618,527.6,1,597,46,416,428,1123,1,0,8,1,1
20260930-234618,543.2,1,289,38,226,179,975,1,1,1,1,1
20261001-195456,283.4,0,895,47,616,650,1045,0,0,0,0,0
20261001-195456,298.9,0,895,78,186,876,593,0,,1,0,0
20261001-195456,314.5,0,608,10,600,103,1039,1,,7,7,0
20261001-195456,330.5,0,124,17,119,36,372,1,0,10,4,4
20261001-195456,346.3,0,951,3,950,43,1266,1,0,10,10,0
20261001-195456,361.6,0,508,3,507,28,732,0,0,10,10,0
20261001-195456,420.6,0,685,31,586,355,830,0,1,9,8,0
20261001-195456,436.3,0,476,48,319,352,787,1,0,8,8,8
20261001-195456,451.7,0,169,161,-159,56,520,1,,7,7,5
20261001-195456,519.7,1,593,50,380,455,994,1,,0,0,0
20261001-201030,280.1,0,895,17,854,268,498,0,0,1,1,0
20261001-201030,295.4,0,458,102,-99,447,,,,7,5,5
20261001-201030,312.7,0,186,22,173,69,503,0,,9,9,8
20261001-201030,333.7,0,697,1,697,16,914,1,0,6,0,0
20261001-201030,384.7,0,1125,8,1113,163,1172,1,0,10,10,0
20261001-201030,400.1,0,617,11,606,113,855,1,0,9,9,1
20261001-201030,415.9,0,492,9,486,74,1177,1,1,5,5,1
20261001-201030,431.3,0,247,13,241,57,551,1,0,10,8,7
20261001-201030,447.3,0,551,49,358,419,921,0,0,0,0,0
20261001-201030,463.3,0,339,52,209,267,301,0,,10,10,10
20261001-201030,527.1,1,646,6,642,71,2058,1,,0,0,0
20261001-201030,542.6,1,161,61,78,141,,,,0,0,0
20261001-202431,281.4,0,665,16,640,181,1250,0,0,1,1,0
20261001-202431,296.7,0,280,67,111,257,484,1,0,9,6,7
20261001-202431,315.4,0,296,6,295,29,669,0,0,10,10,7
20261001-202431,373.3,0,2100,1,2100,39,1788,0,0,10,5,0
20261001-202431,388.9,0,208,47,142,152,113,0,0,8,8,8
20261001-202431,405.0,0,621,83,81,616,638,1,0,4,4,4
20261001-202431,421.1,0,360,137,-263,246,898,1,0,0,0,0
20261001-202431,437.4,0,113,48,76,83,408,1,0,4,4,4
20261001-203917,286.3,0,694,3,693,31,1489,1,1,0,0,0
20261001-203917,302.4,0,681,27,607,309,446,1,1,6,6,6
20261001-203917,318.9,0,423,7,419,54,665,0,0,8,8,2
20261001-210120,282.8,0,585,55,337,478,1078,1,0,0,0,0
20261001-210120,298.8,0,358,31,307,184,599,1,,8,8,8
20261001-210120,314.3,0,358,14,347,88,648,1,0,10,10,6
20261001-210120,342.1,0,1886,6,1878,181,1829,0,0,10,8,0
20261001-210120,360.4,0,527,23,486,204,641,1,,9,9,4
20261001-210120,381.4,0,527,31,453,270,618,1,0,10,0,7
20261001-210120,433.6,0,919,9,907,150,965,0,,10,10,0
20261001-210120,450.1,0,84,133,-58,62,,,,9,6,5
20261001-210120,467.8,0,512,97,-63,508,567,0,0,2,0,0
20261001-210120,537.5,1,579,20,545,196,,,,1,1,0
20261001-211048,279.9,0,715,20,672,244,1574,1,0,1,1,0
20261001-211048,297.1,0,803,80,135,792,668,0,0,6,2,1
20261001-211048,312.9,0,259,100,-44,256,260,0,,8,7,7
20261001-211048,328.3,0,515,40,396,329,645,0,1,8,8,1
20261001-211048,401.1,0,792,30,683,401,859,1,0,6,5,2
20261001-211048,416.6,0,341,133,-233,248,596,1,0,6,0,0
20261001-213946,283.8,0,630,26,566,278,1099,1,0,0,0,0
20261001-213946,300.2,0,974,19,921,318,919,1,0,6,6,0
20261001-213946,317.8,0,340,20,320,114,640,0,0,10,10,6
20261001-213946,333.9,0,924,3,923,51,1280,1,0,9,9,0
20261001-213946,349.7,0,374,0,374,1,553,1,0,10,10,9
20261001-213946,412.3,0,685,1,685,14,952,1,0,9,9,1
20261001-213946,428.0,0,41,79,8,41,273,0,0,10,9,8
20261001-213946,443.5,0,345,87,20,344,308,0,,10,9,9
20261001-213946,506.7,1,611,39,473,388,1192,1,,0,0,0
20261001-213946,522.1,1,487,55,282,398,582,0,,4,3,2
20261001-213946,537.4,1,616,52,379,486,750,0,1,3,1,0
20261001-221556,263.7,0,677,12,661,146,1329,1,1,0,0,0
20261001-221556,279.5,0,184,148,-157,96,436,1,,7,5,7
20261001-221556,295.1,0,603,10,593,108,975,1,0,9,9,0
20261001-221556,310.5,0,1784,0,1784,6,1784,1,0,5,5,0
20261001-221556,326.1,0,439,1,439,6,259,0,0,7,7,6
20261001-221556,341.5,0,250,51,158,193,,,,0,0,0
20261001-223543,279.7,0,617,16,593,171,1486,1,0,0,0,0
20261001-223543,295.5,0,117,39,90,74,578,1,,8,7,7
20261001-223543,311.6,0,206,54,122,166,,,,9,8,7
20261001-223543,404.3,0,2232,7,2216,266,1952,0,0,5,0,0
20261001-223543,419.9,0,459,16,441,128,671,1,0,6,6,3
20261001-223543,436.0,0,219,56,122,182,1060,1,0,7,2,3
20261001-223543,451.5,0,1992,87,107,1989,,,,0,0,0
20261001-223543,472.0,0,1808,6,1800,175,1893,0,0,8,7,0
20261001-223543,535.5,1,678,13,660,155,1005,0,0,3,3,0
20261001-223543,551.6,1,403,26,363,175,731,0,0,1,1,0
20261001-223543,567.2,1,227,48,151,169,,,,1,1,1
20261001-223543,584.5,1,242,61,116,212,,,,1,1,1
20261001-225245,275.7,0,725,44,519,506,1242,1,0,0,0,0
20261001-225245,291.2,0,552,22,513,204,661,0,0,9,9,1
20261001-225245,307.4,0,208,22,193,77,576,0,,10,9,5
20261001-225245,324.5,0,449,4,448,34,822,1,1,8,8,7
20261001-225245,350.7,0,587,38,465,359,612,0,1,7,3,3
20261001-225245,366.3,0,475,41,356,315,829,1,,5,5,5
20261002-222650,288.9,0,895,67,347,825,517,0,0,2,0,0
20261002-222650,304.5,0,627,0,627,5,943,1,1,9,9,2
20261002-222650,320.4,0,439,6,436,49,650,1,,10,10,5
20261002-222650,335.8,0,966,3,965,44,1246,1,0,6,6,0
20261002-222650,351.3,0,454,21,424,163,507,1,,10,10,10
20261002-224131,284.8,0,668,50,432,509,1244,1,1,2,1,1
20261002-224131,301.3,0,516,178,-515,21,659,1,,0,0,0
20261002-224131,317.2,0,215,29,188,105,563,1,0,9,9,6
20261002-224131,394.5,0,1717,10,1691,297,1540,0,0,10,6,0
20261002-224131,410.2,0,378,59,195,324,439,1,0,5,5,4
20261002-224131,425.7,0,359,74,101,345,1471,1,1,7,6,4
20261002-224131,441.4,0,256,14,248,62,362,0,,10,10,10
20261002-225404,280.8,0,677,28,597,320,910,0,,2,2,0
20261002-225404,296.2,0,254,85,20,253,,,,6,3,4
20261002-225404,311.9,0,446,21,417,158,586,1,0,10,10,8
20261002-225404,327.5,0,340,40,260,218,367,0,0,6,5,6
20261002-225404,436.3,0,1322,6,1315,133,2011,0,0,1,1,0
20261002-225404,454.6,0,800,37,639,482,1105,1,0,7,2,0
20261002-225404,471.0,1,371,105,-97,358,,,,4,3,3
20261002-231326,289.9,0,723,39,562,454,796,0,0,5,3,0
20261002-231326,305.6,0,858,177,-857,38,495,0,0,0,0,0
20261002-231326,323.1,0,282,15,271,75,557,0,0,10,10,8
20261002-231326,338.6,0,1536,110,-536,1439,,,,0,0,0
20261002-232932,283.1,0,895,7,888,113,,,,0,0,0
20261002-232932,298.5,0,792,6,787,84,867,1,,8,8,0
20261002-232932,314.4,0,662,21,618,239,795,1,0,4,4,1
20261002-232932,331.9,0,1980,22,1841,729,1166,1,0,0,0,0
20261002-232932,399.6,0,433,8,429,61,624,0,0,7,7,5
20261002-232932,416.3,0,123,18,117,39,503,0,,6,3,5
20261002-232932,432.0,0,238,77,54,232,193,0,,9,9,9
20261002-232932,510.9,0,185,167,-180,41,,,,10,0,0
20261002-232932,527.6,0,136,164,-130,38,810,1,,0,0,0
20261002-232932,543.7,0,250,91,-5,250,423,0,,5,4,4
20261002-234158,285.8,0,627,36,508,367,,,,0,0,0
20261002-234158,301.3,0,270,165,-260,71,258,0,,8,0,1
20261002-234158,316.7,0,375,155,-341,155,1678,0,,0,0,0
20261002-234158,332.7,0,457,32,389,239,682,1,0,9,9,2
20261003-000447,271.9,0,719,2,719,24,1334,1,0,4,4,1
20261003-000447,288.5,0,706,64,305,637,765,0,0,6,2,1
20261003-000447,304.5,0,57,112,-21,53,447,1,,8,4,4
20261003-000447,320.1,0,2095,17,2001,619,876,0,0,0,0,0
20261003-000447,340.5,0,1370,1,1370,32,1676,1,0,9,9,0
20261003-000447,356.5,0,144,177,-144,6,,,,10,0,0
20261003-001430,271.5,0,621,74,170,597,780,1,1,0,0,0
20261003-001430,287.5,0,101,131,-66,76,601,0,0,1,0,1
20261003-001430,302.9,0,318,173,-315,39,352,0,,3,1,1
20261003-001430,360.5,0,994,5,990,93,1390,1,0,6,6,0
20261003-001430,376.1,0,319,125,-185,260,,,,10,2,3
20261003-001430,391.5,0,1198,22,1107,458,1687,1,0,6,6,0
20261003-001430,407.3,0,410,171,-405,61,673,0,1,6,0,0
20261003-001430,432.7,0,368,16,354,99,658,0,0,5,5,1
20261003-002223,277.9,0,658,40,506,421,1270,0,1,0,0,0
20261003-002223,293.6,0,835,80,148,822,465,0,,3,0,1
20261003-002223,309.0,0,318,35,261,182,752,1,0,7,7,5
20261003-002223,324.9,0,1062,7,1055,121,754,1,0,1,1,0
20261003-150148,294.4,0,675,37,536,410,1332,1,,0,0,0
20261003-150148,309.8,0,747,30,647,373,714,1,,7,7,2
20261003-150148,326.6,0,327,174,-326,35,,,,8,1,0
20261003-150148,342.0,0,669,153,-595,307,109,0,0,0,0,0
20261003-150148,357.3,0,938,20,885,313,551,0,1,9,9,1
20261003-150148,373.1,0,370,38,292,227,332,0,0,6,6,6
20261003-150905,296.2,0,643,86,47,641,946,1,0,0,0,0
20261003-150905,312.7,0,272,34,226,150,487,0,0,7,7,7
20261003-150905,328.2,0,384,44,276,266,,,,9,6,5
20261003-150905,344.8,0,845,61,403,743,,,,0,0,0
20261003-151632,295.9,0,683,90,1,683,1196,1,,0,0,0
20261003-151632,313.4,0,567,5,565,45,990,1,,8,8,0
20261003-151632,328.9,0,213,132,-143,158,,,,8,5,7
20261003-151632,344.8,0,918,5,915,83,,,,0,0,0
20261003-153810,299.1,0,593,35,488,336,,,,2,2,0
20261003-153810,314.4,0,655,75,168,633,643,0,0,1,1,0
20261003-153810,330.4,0,110,35,91,63,557,1,0,10,8,10
20261003-153810,395.9,0,1354,1,1354,28,1589,0,0,10,10,0
20261003-153810,411.2,0,296,121,-154,253,,,,9,4,3
20261003-153810,430.7,0,371,9,367,58,521,1,0,10,10,9
20261003-153810,447.0,0,1131,30,975,573,574,0,0,0,0,0
20261003-153810,470.7,0,708,5,705,66,825,1,1,10,10,2
20261003-153810,531.8,0,982,1,982,17,1145,1,0,8,8,0
20261003-153810,548.0,0,699,87,39,698,417,0,,1,0,0
20261003-153810,563.9,0,314,20,295,107,783,1,,5,5,1
20261003-153810,580.3,1,524,100,-93,516,250,0,0,0,0,0
20261003-165843,289.0,0,655,27,584,297,1347,1,,0,0,0
20261003-165843,304.5,0,476,35,389,275,274,0,,9,9,9
20261003-165843,320.7,0,475,83,59,472,509,0,0,0,0,0
20261003-165843,337.2,0,315,65,132,286,,,,6,4,1
20261003-165843,403.3,0,1166,107,-331,1118,,,,0,0,0
20261003-165843,419.3,0,427,21,398,154,859,1,0,9,9,6
20261003-165843,436.5,0,208,136,-150,145,,,,9,0,0
20261003-165843,505.5,1,627,27,558,284,749,1,,2,2,1
20261003-165843,521.2,1,801,39,622,505,844,0,1,0,0,0
20261003-165843,538.1,1,295,91,-3,295,512,0,0,1,1,1
20261003-165843,554.2,1,490,68,180,456,705,1,0,0,0,0
20261003-165843,569.5,1,193,101,-35,190,557,0,,0,0,0
20261003-171045,280.9,0,678,13,660,154,1357,1,0,0,0,0
20261003-171045,297.4,0,426,63,196,379,305,0,,9,9,7
20261003-171045,312.8,0,257,179,-257,6,528,0,0,0,0,0
20261003-172858,282.6,0,659,35,541,377,,,,0,0,0
20261003-172858,298.0,0,122,25,111,51,609,0,,6,5,5
20261003-172858,314.4,0,95,130,-61,73,788,1,0,0,0,0
20261003-172858,375.8,0,1272,10,1252,226,1190,0,0,1,1,0
20261003-172858,391.4,0,725,24,662,296,,,,0,0,0
20261003-172858,407.6,0,709,1,709,9,746,1,0,10,10,3
20261003-172858,423.2,0,232,13,226,51,410,0,0,9,9,7
20261003-172858,439.2,0,465,70,158,437,320,0,,3,2,3
20261003-172858,459.9,0,183,143,-147,109,,,,0,0,0
20261003-174507,268.9,0,627,25,570,261,1557,1,0,0,0,0
20261003-174507,284.4,0,688,35,566,392,,,,6,2,1
20261003-174507,299.9,0,361,47,248,263,837,1,0,0,0,0
20261003-174507,315.5,0,1235,2,1234,50,751,1,0,1,1,0
20261003-174507,331.1,0,516,20,485,177,660,1,0,10,10,4
20261003-174507,404.8,0,2500,1,2500,24,1962,0,0,7,0,0
20261003-174507,457.1,0,997,22,926,368,,,,0,0,0
20261003-174507,473.3,0,373,4,372,24,553,1,0,10,10,9
20261003-174507,488.7,1,614,164,-589,173,462,0,1,0,0,0
20261003-174507,504.4,1,523,35,429,299,893,0,,1,1,0
20261003-175607,281.0,0,895,30,778,443,,,,0,0,0
20261003-175607,296.3,0,245,48,162,183,,,,10,10,9
20261003-175607,312.3,0,475,87,24,474,,,,1,1,1
20261003-175607,327.6,0,464,70,161,436,946,1,1,6,5,1
20261003-175607,399.4,0,652,0,652,5,946,1,0,6,6,1
20261003-175607,415.2,0,209,48,139,156,263,0,0,7,7,7
20261003-175607,431.0,0,235,48,156,176,568,1,,7,7,5
20261003-175607,491.3,0,703,8,697,93,1221,1,0,5,5,0
20261003-175607,506.6,0,299,121,-155,255,224,0,,8,7,8
20261003-175607,522.5,1,409,82,60,405,856,0,0,0,0,0
20261003-175607,538.1,1,536,96,-60,532,672,1,0,1,0,0
20261003-175607,553.8,1,646,79,125,633,1027,0,0,0,0,0
20261003-175607,569.4,1,264,31,225,137,699,0,0,1,1,1
20261003-211223,283.0,0,646,12,633,129,,,,0,0,0
20261003-211223,298.8,0,180,77,41,175,1261,1,,7,0,5
20261003-211223,315.0,0,234,43,170,161,,,,10,7,7
20261003-211223,369.1,0,1265,3,1263,75,1116,0,,10,10,0
20261003-211223,384.6,0,313,45,220,223,1173,1,,9,9,9
20261003-211223,400.7,0,1931,9,1906,305,2028,0,0,5,0,0
20261003-211223,416.3,0,398,0,398,1,767,1,0,7,7,5
20261003-211223,432.2,0,294,29,256,144,,,,10,10,10
20261003-211223,501.3,1,617,25,560,259,,,,1,1,1
20261003-211223,517.0,1,626,13,609,146,,,,0,0,0
20261003-211223,533.6,1,167,83,20,166,198,0,0,5,4,5
20261003-213542,272.6,0,895,109,-298,844,659,1,,0,0,0
20261003-213542,288.4,0,923,137,-678,626,732,0,,0,0,0
20261003-213542,303.8,0,503,76,125,487,128,0,1,9,1,1
20261003-213542,319.6,0,1298,10,1278,227,1476,1,,9,7,0
20261003-213542,335.2,0,375,18,356,119,529,0,0,10,10,6
20261003-213542,350.9,0,349,6,347,38,605,1,0,8,8,5
20261003-213542,370.4,0,336,24,307,137,534,0,0,9,9,1
20261003-213542,427.4,0,878,5,875,71,803,0,0,9,9,0
20261003-213542,443.0,0,436,70,147,410,326,1,0,4,4,4
20261003-213542,459.3,0,393,134,-276,281,,,,0,0,0
20261003-214253,268.6,0,710,73,202,681,665,0,,0,0,0
20261003-214253,286.3,0,508,3,508,24,,,,10,10,8
20261003-214253,302.7,0,328,3,327,19,676,1,0,10,10,6
20261003-214253,318.1,0,188,11,184,37,570,1,0,9,9,9
20261003-214253,333.8,0,424,35,347,244,,,,10,8,10
20261003-215125,271.3,0,714,22,660,271,1221,1,,0,0,0
20261003-215125,287.2,0,345,101,-68,338,,,,9,8,9
20261003-215125,303.3,0,423,5,422,35,663,1,0,9,9,5
20261003-215125,318.7,0,218,6,216,24,549,0,0,10,10,7
20261003-220139,269.5,0,649,5,647,57,1531,1,,0,0,0
20261003-220139,285.6,0,275,104,-68,266,,,,1,0,1
20261003-220139,300.9,0,305,82,40,302,,,,10,10,8
20261003-220139,384.1,0,1124,2,1124,31,1490,1,0,9,9,0
20261003-220139,400.4,0,312,27,277,143,537,1,,9,9,8
20261003-220139,416.4,0,501,1,501,12,776,1,0,10,10,6
20261003-220139,433.3,0,196,30,170,97,,,,10,10,10
20261003-220139,449.5,0,420,78,89,411,705,1,,1,1,1
20261003-220139,474.8,1,211,39,163,134,676,1,1,5,0,0
20261003-220139,526.5,1,668,28,587,319,669,1,0,2,2,1
20261003-220139,542.5,1,336,89,5,335,,,,0,0,0
20261003-221232,273.6,0,895,29,786,429,1147,1,,1,1,0
20261003-221232,289.5,0,378,43,278,257,378,0,,10,9,10
20261003-221232,355.4,0,2236,2,2235,78,2015,0,0,10,0,0
20261003-221232,370.9,0,265,19,250,87,833,1,0,6,6,5
20261003-221232,386.5,0,203,87,10,203,11,0,0,0,0,0
20261003-221232,401.9,0,328,22,305,121,476,1,1,10,8,10
20261003-221232,424.6,0,417,11,409,81,658,1,0,10,10,1
20261003-222355,267.4,0,658,71,209,624,1804,1,0,0,0,0
20261003-222355,283.1,0,994,22,919,378,,,,0,0,0
20261003-222355,299.1,0,426,10,419,76,681,1,0,9,9,5
20261003-222355,315.1,0,461,27,410,211,556,1,,10,10,8
20261003-222355,330.7,0,164,22,153,60,,,,9,6,8
20261003-222355,399.2,0,1061,11,1042,203,824,0,0,5,5,0
20261003-222355,415.3,0,282,29,246,138,461,0,0,5,5,4
20261003-222355,431.4,0,295,45,208,210,101,0,0,10,10,10
20261003-222355,501.4,1,674,40,519,429,969,1,0,0,0,0
20261003-222355,517.0,1,207,51,132,160,787,1,0,0,0,0
20261003-222355,532.7,1,302,8,299,45,556,0,0,8,8,5
20261003-222355,548.4,1,500,111,-182,466,745,0,,2,2,2
20261003-234425,272.4,0,895,104,-219,868,670,0,,0,0,0
20261003-234425,287.9,0,598,6,594,66,131,0,,4,4,4
20261003-234425,303.3,0,678,12,663,142,704,1,,5,5,0
20261003-234425,318.8,0,194,38,152,121,581,0,0,6,6,4
20261003-234425,454.3,0,895,1,895,13,1774,1,,0,0,0
20261003-234425,471.7,0,601,62,282,531,,,,8,6,3
20261003-234425,489.1,1,188,5,187,16,,,,9,9,8
20261003-234425,504.8,1,533,95,-48,531,458,0,0,0,0,0
20261003-234425,570.9,1,713,8,707,94,,,,1,1,0
20261003-235149,272.3,0,895,38,703,555,995,0,1,3,3,0
20261003-235149,288.0,0,259,71,83,246,224,0,,10,3,7
20261003-235149,304.4,0,281,3,281,16,,,,10,10,9
20261003-235149,320.4,0,485,15,469,124,1057,1,0,2,2,1
20261004-000409,257.1,0,696,6,692,75,986,1,0,9,9,1
20261004-000409,273.0,0,865,50,560,660,632,0,0,1,1,1
20261004-000409,288.5,0,176,26,158,78,730,1,0,4,4,1
20261004-000409,304.3,0,351,31,300,182,,,,0,0,0
20261004-000409,360.5,0,1958,1,1958,33,2103,1,1,10,8,0
20261004-000409,376.2,0,85,118,-39,75,254,1,,6,5,6
20261004-000409,391.7,0,1843,79,347,1810,138,0,0,3,0,0
20261004-000409,407.6,0,148,7,147,17,673,0,0,10,8,6
20261004-000409,422.9,0,215,59,112,184,,,,2,2,2
20261004-001305,274.6,0,733,77,160,715,135,0,,0,0,0
20261004-001305,290.0,0,733,167,-714,164,808,1,,0,0,0
20261004-001305,315.9,0,362,40,278,232,,,,10,8,7
20261004-001305,368.2,0,1350,5,1346,106,1418,1,0,7,7,0
20261004-001305,383.6,0,319,49,208,242,567,0,1,7,6,5
20261004-001305,399.1,0,319,4,318,22,400,0,,0,0,0
20261004-001305,415.6,0,323,6,322,35,543,1,0,9,9,8
20261004-132338,288.3,0,895,32,757,478,,,,0,0,0
20261004-132338,303.7,0,790,9,780,125,,,,5,5,1
20261004-132338,319.4,0,452,22,421,166,658,1,0,8,8,7
20261004-132338,334.7,0,2137,2,2136,68,1720,0,1,5,2,0
20261004-132338,351.2,0,1049,23,965,412,,,,8,2,0
20261004-132338,370.6,0,609,5,606,58,,,,0,0,0
20261004-133634,310.5,0,702,37,563,419,1012,1,,1,1,0
20261004-133634,326.2,0,536,26,482,233,643,0,,10,10,2
20261004-133634,341.8,0,334,22,310,124,569,0,1,10,10,6
20261004-133634,358.0,0,1420,12,1387,302,1460,0,0,3,3,0
20261004-133634,373.3,0,175,68,65,162,,,,2,0,0
20261004-154121,318.2,0,636,5,634,58,1181,0,,1,1,0
20261004-154121,334.0,0,355,44,255,247,,,,3,3,2
20261004-154121,349.6,0,409,20,384,139,,,,0,0,0
20261004-154121,364.9,0,328,61,157,288,762,0,1,7,1,3
20261004-154121,381.0,0,302,24,276,122,430,1,1,10,10,10
20261004-154121,436.7,0,898,11,881,174,1243,1,0,7,7,0
20261004-154121,452.4,0,378,23,349,145,172,0,0,10,10,10
20261004-154121,468.1,0,296,26,265,132,511,1,,9,8,8
20261004-154121,483.9,0,168,41,126,111,370,0,0,10,10,10
20261004-154121,504.8,0,2053,4,2048,155,1986,0,0,7,1,0
20261004-154121,588.0,1,680,60,344,587,,,,0,0,0
20261004-155218,291.1,0,734,61,355,643,1350,1,,0,0,0
20261004-155218,307.1,0,306,126,-178,249,379,0,,1,0,0
20261004-155218,322.8,0,278,60,139,241,595,1,,8,8,8
20261004-155218,339.2,0,1469,0,1469,6,1713,1,0,6,6,0
20261004-155218,354.5,0,583,38,459,359,1173,1,1,9,8,8
20261004-155218,408.0,0,1165,2,1164,36,1242,1,1,10,10,0
20261004-155218,423.8,0,278,32,235,149,414,1,0,10,9,10
20261004-155218,439.4,0,278,56,155,231,503,1,0,10,10,10
20261004-155218,506.9,1,691,11,678,135,941,1,0,6,6,2
20261004-155218,522.2,1,236,64,104,212,840,0,0,0,0,0
20261004-155218,540.4,1,546,21,511,194,,,,3,3,2
20261004-155218,556.5,1,362,40,278,232,778,1,0,2,2,0
20261004-155218,579.8,1,613,17,586,180,,,,0,0,0
20261004-155218,596.0,1,304,34,252,170,,,,1,1,1
20261004-160448,289.8,0,703,20,660,242,1591,1,,0,0,0
20261004-160448,305.9,0,309,1,309,6,711,1,,10,10,4
20261004-160448,321.6,0,274,48,184,203,595,1,1,9,9,8
20261004-160448,338.9,0,763,15,737,197,982,1,0,10,10,0
20261004-160448,354.7,0,370,37,296,221,252,1,,9,9,9
20261004-160448,422.5,0,595,7,590,76,986,1,,8,8,1
20261004-160448,438.3,0,317,5,316,30,574,1,0,9,9,8
20261004-160448,454.3,0,296,72,93,281,518,0,,8,4,7
20261004-160448,470.8,0,1603,2,1602,47,1970,1,1,5,4,0
20261004-160448,535.2,1,895,41,676,588,942,1,,0,0,0
20261004-160448,551.1,1,273,129,-172,213,277,0,0,1,1,1
20261004-160448,566.5,1,748,32,633,397,707,0,1,2,1,0
20261004-160448,581.8,1,539,39,419,339,,,,1,1,0
20261004-161448,284.9,0,791,23,730,305,1300,1,,2,2,1
20261004-161448,300.9,0,321,10,316,55,714,1,,10,10,7
20261004-161448,316.6,0,288,37,228,175,619,1,0,9,9,6
20261004-161448,332.1,0,186,25,168,79,503,0,1,6,5,6
20261004-161448,402.4,0,1341,2,1340,51,1883,1,0,6,6,0
20261004-161448,418.2,0,343,9,338,55,633,1,0,8,8,4
20261004-161448,433.9,0,223,55,128,182,458,1,0,10,10,10
20261004-161448,449.7,0,455,78,96,445,595,0,0,7,6,4
20261004-161448,511.5,1,699,29,614,334,915,1,0,9,6,2
20261004-161448,527.1,1,608,98,-88,602,375,1,,0,0,0
20261004-161448,542.5,1,280,115,-117,255,729,0,,0,0,0
20261004-163454,284.7,0,713,29,624,345,957,1,,9,9,5
20261004-163454,300.6,0,451,16,434,122,777,0,,3,3,1
20261004-163454,316.3,0,335,54,199,270,417,0,1,10,8,7
20261004-163454,332.8,0,518,10,510,88,955,1,1,4,4,4
20261004-163454,389.2,0,1105,0,1105,7,1217,1,1,10,10,0
20261004-163454,405.4,0,815,3,814,44,1095,1,1,9,9,4
20261004-163454,421.9,0,426,3,425,22,852,1,0,8,8,5
20261004-163454,437.4,0,529,117,-242,471,807,0,0,2,0,0
20261004-163454,452.9,0,465,15,450,119,621,1,1,10,10,9
20261004-163454,468.1,0,1886,107,-559,1801,663,0,0,0,0,0
20261004-163454,483.9,0,331,118,-155,293,415,0,0,7,2,6
20261004-163454,499.2,0,189,122,-101,160,777,1,,9,0,1
20261004-163454,552.1,1,895,27,799,404,1421,0,0,2,2,0
20261004-163454,569.0,1,438,47,297,322,799,1,,2,2,2
20261004-163454,585.0,1,322,85,30,320,583,0,,0,0,0
20261004-165754,287.5,0,740,30,643,367,801,0,,1,1,0
20261004-165754,302.9,0,230,33,194,124,396,0,,9,9,8
20261004-165754,320.1,0,222,5,221,18,711,1,0,6,6,5
20261004-165754,335.6,0,214,23,196,85,457,0,0,7,5,5
20261004-165754,404.7,0,1331,5,1325,119,1851,1,0,6,6,0
20261004-165754,420.8,0,208,37,165,127,418,0,,6,6,5
20261004-165754,436.9,0,208,9,206,32,521,1,1,10,6,9
20261004-165754,496.2,1,579,2,578,25,1011,1,0,6,6,0
20261004-165754,511.9,1,133,139,-100,88,478,0,,1,1,1
20261004-165754,527.3,1,390,4,389,26,1094,1,0,1,1,0
20261004-165754,543.5,1,617,101,-116,606,376,0,0,1,0,0